event_id,session_id,event_timestamp,event_type,page_url,product_id,order_id,event_properties,created_at
2000001,1000001,2020-01-01T00:00:00+00:00,page_view,https://northstar.example/page-view,,,"{""synthetic"": true, ""sequence"": 0}",2026-08-15T12:00:00+00:00
2000002,1000002,2020-01-01T00:00:00+00:00,page_view,https://northstar.example/page-view,,,"{""synthetic"": true, ""sequence"": 1}",2026-08-15T12:00:00+00:00
2000003,1000002,2025-07-20T12:00:44+00:00,product_view,https://northstar.example/product-view,,,"{""synthetic"": true, ""sequence"": 2}",2026-08-15T12:00:00+00:00
2000004,1000003,2025-07-15T04:27:10+00:00,page_view,https://northstar.example/page-view,,,"{""synthetic"": true, ""sequence"": 3}",2026-08-15T12:00:00+00:00
2000005,1000004,2025-01-18T13:51:50+00:00,page_view,https://northstar.example/page-view,,,"{""synthetic"": true, ""sequence"": 4}",2026-08-15T12:00:00+00:00
2000006,1000004,2025-01-18T13:52:55+00:00,product_view,https://northstar.example/product-view,,,"{""synthetic"": true, ""sequence"": 5}",2026-08-15T12:00:00+00:00
2000007,1000004,2025-01-18T13:53:33+00:00,add_to_cart,https://northstar.example/add-to-cart,,,"{""synthetic"": true, ""sequence"": 6}",2026-08-15T12:00:00+00:00
2000008,1000004,2025-01-18T13:53:35+00:00,checkout_start,https://northstar.example/checkout-start,,,"{""synthetic"": true, ""sequence"": 7}",2026-08-15T12:00:00+00:00
2000009,1000005,2025-08-30T15:57:45+00:00,page_view,https://northstar.example/page-view,,,"{""synthetic"": true, ""sequence"": 8}",2026-08-15T12:00:00+00:00
2000010,1000005,2025-08-30T15:58:53+00:00,product_view,https://northstar.example/product-view,,,"{""synthetic"": true, ""sequence"": 9}",2026-08-15T12:00:00+00:00
2000011,1000005,2025-08-30T15:59:09+00:00,add_to_cart,https://northstar.example/add-to-cart,,,"{""synthetic"": true, ""sequence"": 10}",2026-08-15T12:00:00+00:00
2000012,1000006,2025-12-12T19:09:09+00:00,page_view,https://northstar.example/page-view,,,"{""synthetic"": true, ""sequence"": 11}",2026-08-15T12:00:00+00:00
2000013,1000006,2025-12-12T19:09:56+00:00,product_view,https://northstar.example/product-view,,,"{""synthetic"": true, ""sequence"": 12}",2026-08-15T12:00:00+00:00
2000014,1000007,2025-03-31T15:34:08+00:00,page_view,https://northstar.example/page-view,,,"{""synthetic"": true, ""sequence"": 13}",2026-08-15T12:00:00+00:00
2000015,1000007,2025-03-31T15:34:11+00:00,product_view,https://northstar.example/product-view,,,"{""synthetic"": true, ""sequence"": 14}",2026-08-15T12:00:00+00:00
2000016,1000007,2025-03-31T15:34:33+00:00,add_to_cart,https://northstar.example/add-to-cart,,,"{""synthetic"": true, ""sequence"": 15}",2026-08-15T12:00:00+00:00
2000017,1000008,2026-02-19T16:12:19+00:00,page_view,https://northstar.example/page-view,,,"{""synthetic"": true, ""sequence"": 16}",2026-08-15T12:00:00+00:00
2000018,1000009,2026-04-02T13:59:29+00:00,page_view,https://northstar.example/page-view,,,"{""synthetic"": true, ""sequence"": 17}",2026-08-15T12:00:00+00:00
2000019,1000009,2026-04-02T14:00:36+00:00,product_view,https://northstar.example/product-view,,,"{""synthetic"": true, ""sequence"": 18}",2026-08-15T12:00:00+00:00
2000020,1000010,2026-05-28T19:19:17+00:00,page_view,https://northstar.example/page-view,,,"{""synthetic"": true, ""sequence"": 19}",2026-08-15T12:00:00+00:00
2000021,1000011,2025-03-09T09:52:12+00:00,page_view,https://northstar.example/page-view,,,"{""synthetic"": true, ""sequence"": 20}",2026-08-15T12:00:00+00:00
2000022,1000012,2025-09-01T19:53:24+00:00,page_view,https://northstar.example/page-view,,,"{""synthetic"": true, ""sequence"": 21}",2026-08-15T12:00:00+00:00
2000023,1000012,2025-09-01T19:54:05+00:00,product_view,https://northstar.example/product-view,,,"{""synthetic"": true, ""sequence"": 22}",2026-08-15T12:00:00+00:00
2000024,1000012,2025-09-01T19:55:15+00:00,add_to_cart,https://northstar.example/add-to-cart,,,"{""synthetic"": true, ""sequence"": 23}",2026-08-15T12:00:00+00:00
2000025,1000012,2025-09-01T19:55:20+00:00,checkout_start,https://northstar.example/checkout-start,,,"{""synthetic"": true, ""sequence"": 24}",2026-08-15T12:00:00+00:00
2000026,1000013,2026-02-02T13:47:32+00:00,page_view,https://northstar.example/page-view,,,"{""synthetic"": true, ""sequence"": 25}",2026-08-15T12:00:00+00:00
2000027,1000013,2026-02-02T13:48:42+00:00,product_view,https://northstar.example/product-view,,,"{""synthetic"": true, ""sequence"": 26}",2026-08-15T12:00:00+00:00
2000028,1000013,2026-02-02T13:48:51+00:00,add_to_cart,https://northstar.example/add-to-cart,,,"{""synthetic"": true, ""sequence"": 27}",2026-08-15T12:00:00+00:00
2000029,1000013,2026-02-02T13:49:40+00:00,checkout_start,https://northstar.example/checkout-start,,,"{""synthetic"": true, ""sequence"": 28}",2026-08-15T12:00:00+00:00
2000030,1000014,2025-07-05T16:07:42+00:00,page_view,https://northstar.example/page-view,,,"{""synthetic"": true, ""sequence"": 29}",2026-08-15T12:00:00+00:00
2000031,1000014,2025-07-05T16:08:03+00:00,product_view,https://northstar.example/product-view,,,"{""synthetic"": true, ""sequence"": 30}",2026-08-15T12:00:00+00:00
2000032,1000014,2025-07-05T16:09:06+00:00,add_to_cart,https://northstar.example/add-to-cart,,,"{""synthetic"": true, ""sequence"": 31}",2026-08-15T12:00:00+00:00
2000033,1000014,2025-07-05T16:09:40+00:00,checkout_start,https://northstar.example/checkout-start,,,"{""synthetic"": true, ""sequence"": 32}",2026-08-15T12:00:00+00:00
2000034,1000015,2025-08-29T09:16:54+00:00,page_view,https://northstar.example/page-view,,,"{""synthetic"": true, ""sequence"": 33}",2026-08-15T12:00:00+00:00
2000035,1000015,2025-08-29T09:17:05+00:00,product_view,https://northstar.example/product-view,,,"{""synthetic"": true, ""sequence"": 34}",2026-08-15T12:00:00+00:00
2000036,1000016,2025-06-01T01:32:53+00:00,page_view,https://northstar.example/page-view,,,"{""synthetic"": true, ""sequence"": 35}",2026-08-15T12:00:00+00:00
2000037,1000016,2025-06-01T01:32:55+00:00,product_view,https://northstar.example/product-view,,,"{""synthetic"": true, ""sequence"": 36}",2026-08-15T12:00:00+00:00
2000038,1000017,2026-01-16T09:55:21+00:00,page_view,https://northstar.example/page-view,,,"{""synthetic"": true, ""sequence"": 37}",2026-08-15T12:00:00+00:00
2000039,1000018,2025-04-11T20:18:19+00:00,page_view,https://northstar.example/page-view,,,"{""synthetic"": true, ""sequence"": 38}",2026-08-15T12:00:00+00:00
2000040,1000018,2025-04-11T20:18:43+00:00,product_view,https://northstar.example/product-view,,,"{""synthetic"": true, ""sequence"": 39}",2026-08-15T12:00:00+00:00
2000041,1000018,2025-04-11T20:19:04+00:00,add_to_cart,https://northstar.example/add-to-cart,,,"{""synthetic"": true, ""sequence"": 40}",2026-08-15T12:00:00+00:00
2000042,1000019,2025-12-21T14:10:40+00:00,page_view,https://northstar.example/page-view,,,"{""synthetic"": true, ""sequence"": 41}",2026-08-15T12:00:00+00:00
2000043,1000019,2025-12-21T14:11:46+00:00,product_view,https://northstar.example/product-view,,,"{""synthetic"": true, ""sequence"": 42}",2026-08-15T12:00:00+00:00
2000044,1000019,2025-12-21T14:12:02+00:00,add_to_cart,https://northstar.example/add-to-cart,,,"{""synthetic"": true, ""sequence"": 43}",2026-08-15T12:00:00+00:00
2000045,1000019,2025-12-21T14:12:42+00:00,checkout_start,https://northstar.example/checkout-start,,,"{""synthetic"": true, ""sequence"": 44}",2026-08-15T12:00:00+00:00
2000046,1000020,2025-09-09T15:22:42+00:00,page_view,https://northstar.example/page-view,,,"{""synthetic"": true, ""sequence"": 45}",2026-08-15T12:00:00+00:00
2000047,1000020,2025-09-09T15:23:55+00:00,product_view,https://northstar.example/product-view,,,"{""synthetic"": true, ""sequence"": 46}",2026-08-15T12:00:00+00:00
2000048,1000021,2025-03-03T09:17:30+00:00,page_view,https://northstar.example/page-view,,,"{""synthetic"": true, ""sequence"": 47}",2026-08-15T12:00:00+00:00
2000049,1000021,2025-03-03T09:17:41+00:00,product_view,https://northstar.example/product-view,,,"{""synthetic"": true, ""sequence"": 48}",2026-08-15T12:00:00+00:00
2000050,1000022,2026-03-21T08:23:55+00:00,page_view,https://northstar.example/page-view,,,"{""synthetic"": true, ""sequence"": 49}",2026-08-15T12:00:00+00:00
2000051,1000022,2026-03-21T08:25:01+00:00,product_view,https://northstar.example/product-view,,,"{""synthetic"": true, ""sequence"": 50}",2026-08-15T12:00:00+00:00
2000052,1000022,2026-03-21T08:25:39+00:00,add_to_cart,https://northstar.example/add-to-cart,,,"{""synthetic"": true, ""sequence"": 51}",2026-08-15T12:00:00+00:00
2000053,1000022,2026-03-21T08:26:36+00:00,checkout_start,https://northstar.example/checkout-start,,,"{""synthetic"": true, ""sequence"": 52}",2026-08-15T12:00:00+00:00
2000054,1000023,2025-05-12T14:42:12+00:00,page_view,https://northstar.example/page-view,,,"{""synthetic"": true, ""sequence"": 53}",2026-08-15T12:00:00+00:00
2000055,1000024,2025-06-08T11:12:55+00:00,page_view,https://northstar.example/page-view,,,"{""synthetic"": true, ""sequence"": 54}",2026-08-15T12:00:00+00:00
2000056,1000025,2026-02-13T12:49:21+00:00,page_view,https://northstar.example/page-view,,,"{""synthetic"": true, ""sequence"": 55}",2026-08-15T12:00:00+00:00
2000057,1000026,2025-09-28T11:02:52+00:00,page_view,https://northstar.example/page-view,,,"{""synthetic"": true, ""sequence"": 56}",2026-08-15T12:00:00+00:00
2000058,1000027,2026-05-02T11:09:55+00:00,page_view,https://northstar.example/page-view,,,"{""synthetic"": true, ""sequence"": 57}",2026-08-15T12:00:00+00:00
2000059,1000027,2026-05-02T11:10:52+00:00,product_view,https://northstar.example/product-view,,,"{""synthetic"": true, ""sequence"": 58}",2026-08-15T12:00:00+00:00
2000060,1000027,2026-05-02T11:10:57+00:00,add_to_cart,https://northstar.example/add-to-cart,,,"{""synthetic"": true, ""sequence"": 59}",2026-08-15T12:00:00+00:00
2000061,1000028,2026-06-07T09:29:52+00:00,page_view,https://northstar.example/page-view,,,"{""synthetic"": true, ""sequence"": 60}",2026-08-15T12:00:00+00:00
2000062,1000029,2025-06-24T01:16:34+00:00,page_view,https://northstar.example/page-view,,,"{""synthetic"": true, ""sequence"": 61}",2026-08-15T12:00:00+00:00
2000063,1000030,2025-03-02T03:01:11+00:00,page_view,https://northstar.example/page-view,,,"{""synthetic"": true, ""sequence"": 62}",2026-08-15T12:00:00+00:00
2000064,1000030,2025-03-02T03:02:12+00:00,product_view,https://northstar.example/product-view,,,"{""synthetic"": true, ""sequence"": 63}",2026-08-15T12:00:00+00:00
2000065,1000030,2025-03-02T03:02:21+00:00,add_to_cart,https://northstar.example/add-to-cart,,,"{""synthetic"": true, ""sequence"": 64}",2026-08-15T12:00:00+00:00
2000066,1000031,2025-08-26T16:47:35+00:00,page_view,https://northstar.example/page-view,,,"{""synthetic"": true, ""sequence"": 65}",2026-08-15T12:00:00+00:00
2000067,1000031,2025-08-26T16:48:35+00:00,product_view,https://northstar.example/product-view,,,"{""synthetic"": true, ""sequence"": 66}",2026-08-15T12:00:00+00:00
2000068,1000032,2025-07-16T08:25:08+00:00,page_view,https://northstar.example/page-view,,,"{""synthetic"": true, ""sequence"": 67}",2026-08-15T12:00:00+00:00
2000069,1000032,2025-07-16T08:26:25+00:00,product_view,https://northstar.example/product-view,,,"{""synthetic"": true, ""sequence"": 68}",2026-08-15T12:00:00+00:00
2000070,1000033,2026-07-30T19:33:19+00:00,page_view,https://northstar.example/page-view,,,"{""synthetic"": true, ""sequence"": 69}",2026-08-15T12:00:00+00:00
2000071,1000033,2026-07-30T19:33:48+00:00,product_view,https://northstar.example/product-view,,,"{""synthetic"": true, ""sequence"": 70}",2026-08-15T12:00:00+00:00
2000072,1000033,2026-07-30T19:34:02+00:00,add_to_cart,https://northstar.example/add-to-cart,,,"{""synthetic"": true, ""sequence"": 71}",2026-08-15T12:00:00+00:00
2000073,1000033,2026-07-30T19:35:04+00:00,checkout_start,https://northstar.example/checkout-start,,,"{""synthetic"": true, ""sequence"": 72}",2026-08-15T12:00:00+00:00
2000074,1000034,2025-03-18T22:29:19+00:00,page_view,https://northstar.example/page-view,,,"{""synthetic"": true, ""sequence"": 73}",2026-08-15T12:00:00+00:00
2000075,1000034,2025-03-18T22:30:34+00:00,product_view,https://northstar.example/product-view,,,"{""synthetic"": true, ""sequence"": 74}",2026-08-15T12:00:00+00:00
2000076,1000034,2025-03-18T22:31:23+00:00,add_to_cart,https://northstar.example/add-to-cart,,,"{""synthetic"": true, ""sequence"": 75}",2026-08-15T12:00:00+00:00
2000077,1000034,2025-03-18T22:31:48+00:00,checkout_start,https://northstar.example/checkout-start,,,"{""synthetic"": true, ""sequence"": 76}",2026-08-15T12:00:00+00:00
2000078,1000035,2026-01-15T22:11:02+00:00,page_view,https://northstar.example/page-view,,,"{""synthetic"": true, ""sequence"": 77}",2026-08-15T12:00:00+00:00
2000079,1000036,2025-08-03T05:31:21+00:00,page_view,https://northstar.example/page-view,,,"{""synthetic"": true, ""sequence"": 78}",2026-08-15T12:00:00+00:00
2000080,1000037,2026-06-06T13:39:20+00:00,page_view,https://northstar.example/page-view,,,"{""synthetic"": true, ""sequence"": 79}",2026-08-15T12:00:00+00:00
2000081,1000037,2026-06-06T13:39:22+00:00,product_view,https://northstar.example/product-view,,,"{""synthetic"": true, ""sequence"": 80}",2026-08-15T12:00:00+00:00
2000082,1000038,2025-08-03T23:55:13+00:00,page_view,https://northstar.example/page-view,,,"{""synthetic"": true, ""sequence"": 81}",2026-08-15T12:00:00+00:00
2000083,1000038,2025-08-03T23:55:51+00:00,product_view,https://northstar.example/product-view,,,"{""synthetic"": true, ""sequence"": 82}",2026-08-15T12:00:00+00:00
2000084,1000038,2025-08-03T23:57:08+00:00,add_to_cart,https://northstar.example/add-to-cart,,,"{""synthetic"": true, ""sequence"": 83}",2026-08-15T12:00:00+00:00
2000085,1000039,2026-06-19T06:09:15+00:00,page_view,https://northstar.example/page-view,,,"{""synthetic"": true, ""sequence"": 84}",2026-08-15T12:00:00+00:00
2000086,1000039,2026-06-19T06:10:25+00:00,product_view,https://northstar.example/product-view,,,"{""synthetic"": true, ""sequence"": 85}",2026-08-15T12:00:00+00:00
2000087,1000039,2026-06-19T06:11:35+00:00,add_to_cart,https://northstar.example/add-to-cart,,,"{""synthetic"": true, ""sequence"": 86}",2026-08-15T12:00:00+00:00
2000088,1000039,2026-06-19T06:12:18+00:00,checkout_start,https://northstar.example/checkout-start,,,"{""synthetic"": true, ""sequence"": 87}",2026-08-15T12:00:00+00:00
2000089,1000040,2025-10-01T11:10:08+00:00,page_view,https://northstar.example/page-view,,,"{""synthetic"": true, ""sequence"": 88}",2026-08-15T12:00:00+00:00
2000090,1000040,2025-10-01T11:10:11+00:00,product_view,https://northstar.example/product-view,,,"{""synthetic"": true, ""sequence"": 89}",2026-08-15T12:00:00+00:00
2000091,1000040,2025-10-01T11:10:29+00:00,add_to_cart,https://northstar.example/add-to-cart,,,"{""synthetic"": true, ""sequence"": 90}",2026-08-15T12:00:00+00:00
2000092,1000041,2025-03-11T02:18:52+00:00,page_view,https://northstar.example/page-view,,,"{""synthetic"": true, ""sequence"": 91}",2026-08-15T12:00:00+00:00
2000093,1000041,2025-03-11T02:20:11+00:00,product_view,https://northstar.example/product-view,,,"{""synthetic"": true, ""sequence"": 92}",2026-08-15T12:00:00+00:00
2000094,1000041,2025-03-11T02:21:16+00:00,add_to_cart,https://northstar.example/add-to-cart,,,"{""synthetic"": true, ""sequence"": 93}",2026-08-15T12:00:00+00:00
2000095,1000041,2025-03-11T02:21:40+00:00,checkout_start,https://northstar.example/checkout-start,,,"{""synthetic"": true, ""sequence"": 94}",2026-08-15T12:00:00+00:00
2000096,1000042,2025-05-11T02:39:40+00:00,page_view,https://northstar.example/page-view,,,"{""synthetic"": true, ""sequence"": 95}",2026-08-15T12:00:00+00:00
2000097,1000042,2025-05-11T02:40:54+00:00,product_view,https://northstar.example/product-view,,,"{""synthetic"": true, ""sequence"": 96}",2026-08-15T12:00:00+00:00
2000098,1000042,2025-05-11T02:41:54+00:00,add_to_cart,https://northstar.example/add-to-cart,,,"{""synthetic"": true, ""sequence"": 97}",2026-08-15T12:00:00+00:00
2000099,1000042,2025-05-11T02:42:03+00:00,checkout_start,https://northstar.example/checkout-start,,,"{""synthetic"": true, ""sequence"": 98}",2026-08-15T12:00:00+00:00
2000100,1000043,2026-01-19T12:35:43+00:00,page_view,https://northstar.example/page-view,,,"{""synthetic"": true, ""sequence"": 99}",2026-08-15T12:00:00+00:00
2000101,1000043,2026-01-19T12:36:04+00:00,product_view,https://northstar.example/product-view,,,"{""synthetic"": true, ""sequence"": 100}",2026-08-15T12:00:00+00:00
2000102,1000043,2026-01-19T12:37:19+00:00,add_to_cart,https://northstar.example/add-to-cart,,,"{""synthetic"": true, ""sequence"": 101}",2026-08-15T12:00:00+00:00
2000103,1000044,2025-06-22T02:11:14+00:00,page_view,https://northstar.example/page-view,,,"{""synthetic"": true, ""sequence"": 102}",2026-08-15T12:00:00+00:00
2000104,1000044,2025-06-22T02:12:16+00:00,product_view,https://northstar.example/product-view,,,"{""synthetic"": true, ""sequence"": 103}",2026-08-15T12:00:00+00:00
2000105,1000044,2025-06-22T02:13:29+00:00,add_to_cart,https://northstar.example/add-to-cart,,,"{""synthetic"": true, ""sequence"": 104}",2026-08-15T12:00:00+00:00
2000106,1000045,2025-06-23T03:34:26+00:00,page_view,https://northstar.example/page-view,,,"{""synthetic"": true, ""sequence"": 105}",2026-08-15T12:00:00+00:00
2000107,1000046,2025-02-13T07:43:24+00:00,page_view,https://northstar.example/page-view,,,"{""synthetic"": true, ""sequence"": 106}",2026-08-15T12:00:00+00:00
2000108,1000046,2025-02-13T07:43:56+00:00,product_view,https://northstar.example/product-view,,,"{""synthetic"": true, ""sequence"": 107}",2026-08-15T12:00:00+00:00
2000109,1000047,2025-11-19T19:56:11+00:00,page_view,https://northstar.example/page-view,,,"{""synthetic"": true, ""sequence"": 108}",2026-08-15T12:00:00+00:00
2000110,1000047,2025-11-19T19:57:01+00:00,product_view,https://northstar.example/product-view,,,"{""synthetic"": true, ""sequence"": 109}",2026-08-15T12:00:00+00:00
2000111,1000047,2025-11-19T19:57:20+00:00,add_to_cart,https://northstar.example/add-to-cart,,,"{""synthetic"": true, ""sequence"": 110}",2026-08-15T12:00:00+00:00
2000112,1000047,2025-11-19T19:58:18+00:00,checkout_start,https://northstar.example/checkout-start,,,"{""synthetic"": true, ""sequence"": 111}",2026-08-15T12:00:00+00:00
2000113,1000048,2025-08-11T21:19:25+00:00,page_view,https://northstar.example/page-view,,,"{""synthetic"": true, ""sequence"": 112}",2026-08-15T12:00:00+00:00
2000114,1000048,2025-08-11T21:19:41+00:00,product_view,https://northstar.example/product-view,,,"{""synthetic"": true, ""sequence"": 113}",2026-08-15T12:00:00+00:00
2000115,1000048,2025-08-11T21:20:38+00:00,add_to_cart,https://northstar.example/add-to-cart,,,"{""synthetic"": true, ""sequence"": 114}",2026-08-15T12:00:00+00:00
2000116,1000049,2025-06-14T15:51:03+00:00,page_view,https://northstar.example/page-view,,,"{""synthetic"": true, ""sequence"": 115}",2026-08-15T12:00:00+00:00
2000117,1000050,2025-07-14T15:05:53+00:00,page_view,https://northstar.example/page-view,,,"{""synthetic"": true, ""sequence"": 116}",2026-08-15T12:00:00+00:00
2000118,1000051,2025-11-15T06:30:53+00:00,page_view,https://northstar.example/page-view,,,"{""synthetic"": true, ""sequence"": 117}",2026-08-15T12:00:00+00:00
2000119,1000051,2025-11-15T06:31:52+00:00,product_view,https://northstar.example/product-view,,,"{""synthetic"": true, ""sequence"": 118}",2026-08-15T12:00:00+00:00
2000120,1000051,2025-11-15T06:32:48+00:00,add_to_cart,https://northstar.example/add-to-cart,,,"{""synthetic"": true, ""sequence"": 119}",2026-08-15T12:00:00+00:00
2000121,1000051,2025-11-15T06:33:36+00:00,checkout_start,https://northstar.example/checkout-start,,,"{""synthetic"": true, ""sequence"": 120}",2026-08-15T12:00:00+00:00
2000122,1000052,2026-02-27T10:07:30+00:00,page_view,https://northstar.example/page-view,,,"{""synthetic"": true, ""sequence"": 121}",2026-08-15T12:00:00+00:00
2000123,1000053,2025-04-25T15:10:32+00:00,page_view,https://northstar.example/page-view,,,"{""synthetic"": true, ""sequence"": 122}",2026-08-15T12:00:00+00:00
2000124,1000054,2025-08-04T12:07:46+00:00,page_view,https://northstar.example/page-view,,,"{""synthetic"": true, ""sequence"": 123}",2026-08-15T12:00:00+00:00
2000125,1000054,2025-08-04T12:08:22+00:00,product_view,https://northstar.example/product-view,,,"{""synthetic"": true, ""sequence"": 124}",2026-08-15T12:00:00+00:00
2000126,1000054,2025-08-04T12:09:07+00:00,add_to_cart,https://northstar.example/add-to-cart,,,"{""synthetic"": true, ""sequence"": 125}",2026-08-15T12:00:00+00:00
2000127,1000054,2025-08-04T12:10:09+00:00,checkout_start,https://northstar.example/checkout-start,,,"{""synthetic"": true, ""sequence"": 126}",2026-08-15T12:00:00+00:00
2000128,1000055,2025-01-01T22:37:21+00:00,page_view,https://northstar.example/page-view,,,"{""synthetic"": true, ""sequence"": 127}",2026-08-15T12:00:00+00:00
2000129,1000055,2025-01-01T22:38:23+00:00,product_view,https://northstar.example/product-view,,,"{""synthetic"": true, ""sequence"": 128}",2026-08-15T12:00:00+00:00
2000130,1000055,2025-01-01T22:38:44+00:00,add_to_cart,https://northstar.example/add-to-cart,,,"{""synthetic"": true, ""sequence"": 129}",2026-08-15T12:00:00+00:00
2000131,1000055,2025-01-01T22:39:11+00:00,checkout_start,https://northstar.example/checkout-start,,,"{""synthetic"": true, ""sequence"": 130}",2026-08-15T12:00:00+00:00
2000132,1000056,2026-01-04T19:50:12+00:00,page_view,https://northstar.example/page-view,,,"{""synthetic"": true, ""sequence"": 131}",2026-08-15T12:00:00+00:00
2000133,1000056,2026-01-04T19:50:26+00:00,product_view,https://northstar.example/product-view,,,"{""synthetic"": true, ""sequence"": 132}",2026-08-15T12:00:00+00:00
2000134,1000056,2026-01-04T19:50:40+00:00,add_to_cart,https://northstar.example/add-to-cart,,,"{""synthetic"": true, ""sequence"": 133}",2026-08-15T12:00:00+00:00
2000135,1000056,2026-01-04T19:50:45+00:00,checkout_start,https://northstar.example/checkout-start,,,"{""synthetic"": true, ""sequence"": 134}",2026-08-15T12:00:00+00:00
2000136,1000057,2026-06-13T21:58:47+00:00,page_view,https://northstar.example/page-view,,,"{""synthetic"": true, ""sequence"": 135}",2026-08-15T12:00:00+00:00
2000137,1000057,2026-06-13T21:59:23+00:00,product_view,https://northstar.example/product-view,,,"{""synthetic"": true, ""sequence"": 136}",2026-08-15T12:00:00+00:00
2000138,1000057,2026-06-13T22:00:27+00:00,add_to_cart,https://northstar.example/add-to-cart,,,"{""synthetic"": true, ""sequence"": 137}",2026-08-15T12:00:00+00:00
2000139,1000057,2026-06-13T22:01:19+00:00,checkout_start,https://northstar.example/checkout-start,,,"{""synthetic"": true, ""sequence"": 138}",2026-08-15T12:00:00+00:00
2000140,1000058,2026-06-20T14:03:26+00:00,page_view,https://northstar.example/page-view,,,"{""synthetic"": true, ""sequence"": 139}",2026-08-15T12:00:00+00:00
2000141,1000058,2026-06-20T14:04:26+00:00,product_view,https://northstar.example/product-view,,,"{""synthetic"": true, ""sequence"": 140}",2026-08-15T12:00:00+00:00
2000142,1000058,2026-06-20T14:04:34+00:00,add_to_cart,https://northstar.example/add-to-cart,,,"{""synthetic"": true, ""sequence"": 141}",2026-08-15T12:00:00+00:00
2000143,1000058,2026-06-20T14:04:48+00:00,checkout_start,https://northstar.example/checkout-start,,,"{""synthetic"": true, ""sequence"": 142}",2026-08-15T12:00:00+00:00
2000144,1000059,2025-09-29T08:29:18+00:00,page_view,https://northstar.example/page-view,,,"{""synthetic"": true, ""sequence"": 143}",2026-08-15T12:00:00+00:00
2000145,1000060,2025-06-15T11:05:42+00:00,page_view,https://northstar.example/page-view,,,"{""synthetic"": true, ""sequence"": 144}",2026-08-15T12:00:00+00:00
2000146,1000060,2025-06-15T11:05:49+00:00,product_view,https://northstar.example/product-view,,,"{""synthetic"": true, ""sequence"": 145}",2026-08-15T12:00:00+00:00
2000147,1000061,2025-08-10T06:28:21+00:00,page_view,https://northstar.example/page-view,,,"{""synthetic"": true, ""sequence"": 146}",2026-08-15T12:00:00+00:00
2000148,1000061,2025-08-10T06:29:23+00:00,product_view,https://northstar.example/product-view,,,"{""synthetic"": true, ""sequence"": 147}",2026-08-15T12:00:00+00:00
2000149,1000061,2025-08-10T06:29:28+00:00,add_to_cart,https://northstar.example/add-to-cart,,,"{""synthetic"": true, ""sequence"": 148}",2026-08-15T12:00:00+00:00
2000150,1000061,2025-08-10T06:30:43+00:00,checkout_start,https://northstar.example/checkout-start,,,"{""synthetic"": true, ""sequence"": 149}",2026-08-15T12:00:00+00:00
2000151,1000061,2025-08-10T06:31:47+00:00,purchase,https://northstar.example/purchase,,9000006.0,"{""synthetic"": true, ""sequence"": 150}",2026-08-15T12:00:00+00:00
2000152,1000062,2025-01-04T04:16:51+00:00,page_view,https://northstar.example/page-view,,,"{""synthetic"": true, ""sequence"": 151}",2026-08-15T12:00:00+00:00
2000153,1000062,2025-01-04T04:17:03+00:00,product_view,https://northstar.example/product-view,,,"{""synthetic"": true, ""sequence"": 152}",2026-08-15T12:00:00+00:00
2000154,1000062,2025-01-04T04:17:28+00:00,add_to_cart,https://northstar.example/add-to-cart,,,"{""synthetic"": true, ""sequence"": 153}",2026-08-15T12:00:00+00:00
2000155,1000062,2025-01-04T04:17:49+00:00,checkout_start,https://northstar.example/checkout-start,,,"{""synthetic"": true, ""sequence"": 154}",2026-08-15T12:00:00+00:00
2000156,1000063,2025-02-10T15:09:57+00:00,page_view,https://northstar.example/page-view,,,"{""synthetic"": true, ""sequence"": 155}",2026-08-15T12:00:00+00:00
2000157,1000064,2025-02-01T21:50:10+00:00,page_view,https://northstar.example/page-view,,,"{""synthetic"": true, ""sequence"": 156}",2026-08-15T12:00:00+00:00
2000158,1000064,2025-02-01T21:50:25+00:00,product_view,https://northstar.example/product-view,,,"{""synthetic"": true, ""sequence"": 157}",2026-08-15T12:00:00+00:00
2000159,1000064,2025-02-01T21:51:19+00:00,add_to_cart,https://northstar.example/add-to-cart,,,"{""synthetic"": true, ""sequence"": 158}",2026-08-15T12:00:00+00:00
2000160,1000065,2025-04-21T12:43:53+00:00,page_view,https://northstar.example/page-view,,,"{""synthetic"": true, ""sequence"": 159}",2026-08-15T12:00:00+00:00
2000161,1000065,2025-04-21T12:43:56+00:00,product_view,https://northstar.example/product-view,,,"{""synthetic"": true, ""sequence"": 160}",2026-08-15T12:00:00+00:00
2000162,1000065,2025-04-21T12:44:42+00:00,add_to_cart,https://northstar.example/add-to-cart,,,"{""synthetic"": true, ""sequence"": 161}",2026-08-15T12:00:00+00:00
2000163,1000066,2026-04-18T02:24:33+00:00,page_view,https://northstar.example/page-view,,,"{""synthetic"": true, ""sequence"": 162}",2026-08-15T12:00:00+00:00
2000164,1000067,2026-04-03T13:22:45+00:00,page_view,https://northstar.example/page-view,,,"{""synthetic"": true, ""sequence"": 163}",2026-08-15T12:00:00+00:00
2000165,1000067,2026-04-03T13:23:31+00:00,product_view,https://northstar.example/product-view,,,"{""synthetic"": true, ""sequence"": 164}",2026-08-15T12:00:00+00:00
2000166,1000068,2026-06-23T09:26:35+00:00,page_view,https://northstar.example/page-view,,,"{""synthetic"": true, ""sequence"": 165}",2026-08-15T12:00:00+00:00
2000167,1000068,2026-06-23T09:27:15+00:00,product_view,https://northstar.example/product-view,,,"{""synthetic"": true, ""sequence"": 166}",2026-08-15T12:00:00+00:00
2000168,1000068,2026-06-23T09:28:05+00:00,add_to_cart,https://northstar.example/add-to-cart,,,"{""synthetic"": true, ""sequence"": 167}",2026-08-15T12:00:00+00:00
2000169,1000068,2026-06-23T09:29:13+00:00,checkout_start,https://northstar.example/checkout-start,,,"{""synthetic"": true, ""sequence"": 168}",2026-08-15T12:00:00+00:00
2000170,1000069,2025-05-24T14:32:38+00:00,page_view,https://northstar.example/page-view,,,"{""synthetic"": true, ""sequence"": 169}",2026-08-15T12:00:00+00:00
2000171,1000070,2025-04-05T11:31:49+00:00,page_view,https://northstar.example/page-view,,,"{""synthetic"": true, ""sequence"": 170}",2026-08-15T12:00:00+00:00
2000172,1000071,2025-01-09T00:31:40+00:00,page_view,https://northstar.example/page-view,,,"{""synthetic"": true, ""sequence"": 171}",2026-08-15T12:00:00+00:00
2000173,1000071,2025-01-09T00:31:56+00:00,product_view,https://northstar.example/product-view,,,"{""synthetic"": true, ""sequence"": 172}",2026-08-15T12:00:00+00:00
2000174,1000071,2025-01-09T00:32:16+00:00,add_to_cart,https://northstar.example/add-to-cart,,,"{""synthetic"": true, ""sequence"": 173}",2026-08-15T12:00:00+00:00
2000175,1000071,2025-01-09T00:32:44+00:00,checkout_start,https://northstar.example/checkout-start,,,"{""synthetic"": true, ""sequence"": 174}",2026-08-15T12:00:00+00:00
2000176,1000072,2026-07-27T06:18:31+00:00,page_view,https://northstar.example/page-view,,,"{""synthetic"": true, ""sequence"": 175}",2026-08-15T12:00:00+00:00
2000177,1000072,2026-07-27T06:18:52+00:00,product_view,https://northstar.example/product-view,,,"{""synthetic"": true, ""sequence"": 176}",2026-08-15T12:00:00+00:00
2000178,1000073,2025-10-24T05:56:39+00:00,page_view,https://northstar.example/page-view,,,"{""synthetic"": true, ""sequence"": 177}",2026-08-15T12:00:00+00:00
2000179,1000073,2025-10-24T05:57:46+00:00,product_view,https://northstar.example/product-view,,,"{""synthetic"": true, ""sequence"": 178}",2026-08-15T12:00:00+00:00
2000180,1000074,2025-07-08T22:59:01+00:00,page_view,https://northstar.example/page-view,,,"{""synthetic"": true, ""sequence"": 179}",2026-08-15T12:00:00+00:00
2000181,1000074,2025-07-08T22:59:51+00:00,product_view,https://northstar.example/product-view,,,"{""synthetic"": true, ""sequence"": 180}",2026-08-15T12:00:00+00:00
2000182,1000074,2025-07-08T23:00:38+00:00,add_to_cart,https://northstar.example/add-to-cart,,,"{""synthetic"": true, ""sequence"": 181}",2026-08-15T12:00:00+00:00
2000183,1000074,2025-07-08T23:01:57+00:00,checkout_start,https://northstar.example/checkout-start,,,"{""synthetic"": true, ""sequence"": 182}",2026-08-15T12:00:00+00:00
2000184,1000075,2026-07-10T03:00:43+00:00,page_view,https://northstar.example/page-view,,,"{""synthetic"": true, ""sequence"": 183}",2026-08-15T12:00:00+00:00
2000185,1000076,2026-04-13T21:39:00+00:00,page_view,https://northstar.example/page-view,,,"{""synthetic"": true, ""sequence"": 184}",2026-08-15T12:00:00+00:00
2000186,1000076,2026-04-13T21:39:29+00:00,product_view,https://northstar.example/product-view,,,"{""synthetic"": true, ""sequence"": 185}",2026-08-15T12:00:00+00:00
2000187,1000077,2025-10-14T12:29:49+00:00,page_view,https://northstar.example/page-view,,,"{""synthetic"": true, ""sequence"": 186}",2026-08-15T12:00:00+00:00
2000188,1000077,2025-10-14T12:29:52+00:00,product_view,https://northstar.example/product-view,,,"{""synthetic"": true, ""sequence"": 187}",2026-08-15T12:00:00+00:00
2000189,1000078,2025-04-07T06:23:00+00:00,page_view,https://northstar.example/page-view,,,"{""synthetic"": true, ""sequence"": 188}",2026-08-15T12:00:00+00:00
2000190,1000078,2025-04-07T06:23:21+00:00,product_view,https://northstar.example/product-view,,,"{""synthetic"": true, ""sequence"": 189}",2026-08-15T12:00:00+00:00
2000191,1000078,2025-04-07T06:24:23+00:00,add_to_cart,https://northstar.example/add-to-cart,,,"{""synthetic"": true, ""sequence"": 190}",2026-08-15T12:00:00+00:00
2000192,1000079,2025-03-19T23:01:32+00:00,page_view,https://northstar.example/page-view,,,"{""synthetic"": true, ""sequence"": 191}",2026-08-15T12:00:00+00:00
2000193,1000080,2025-10-30T04:44:01+00:00,page_view,https://northstar.example/page-view,,,"{""synthetic"": true, ""sequence"": 192}",2026-08-15T12:00:00+00:00
2000194,1000080,2025-10-30T04:44:37+00:00,product_view,https://northstar.example/product-view,,,"{""synthetic"": true, ""sequence"": 193}",2026-08-15T12:00:00+00:00
2000195,1000080,2025-10-30T04:45:56+00:00,add_to_cart,https://northstar.example/add-to-cart,,,"{""synthetic"": true, ""sequence"": 194}",2026-08-15T12:00:00+00:00
2000196,1000081,2025-11-02T04:09:55+00:00,page_view,https://northstar.example/page-view,,,"{""synthetic"": true, ""sequence"": 195}",2026-08-15T12:00:00+00:00
2000197,1000082,2026-03-09T04:37:17+00:00,page_view,https://northstar.example/page-view,,,"{""synthetic"": true, ""sequence"": 196}",2026-08-15T12:00:00+00:00
2000198,1000082,2026-03-09T04:37:46+00:00,product_view,https://northstar.example/product-view,,,"{""synthetic"": true, ""sequence"": 197}",2026-08-15T12:00:00+00:00
2000199,1000082,2026-03-09T04:38:21+00:00,add_to_cart,https://northstar.example/add-to-cart,,,"{""synthetic"": true, ""sequence"": 198}",2026-08-15T12:00:00+00:00
2000200,1000083,2025-10-17T18:19:01+00:00,page_view,https://northstar.example/page-view,,,"{""synthetic"": true, ""sequence"": 199}",2026-08-15T12:00:00+00:00
2000201,1000083,2025-10-17T18:19:03+00:00,product_view,https://northstar.example/product-view,,,"{""synthetic"": true, ""sequence"": 200}",2026-08-15T12:00:00+00:00
2000202,1000083,2025-10-17T18:19:05+00:00,add_to_cart,https://northstar.example/add-to-cart,,,"{""synthetic"": true, ""sequence"": 201}",2026-08-15T12:00:00+00:00
2000203,1000083,2025-10-17T18:19:31+00:00,checkout_start,https://northstar.example/checkout-start,,,"{""synthetic"": true, ""sequence"": 202}",2026-08-15T12:00:00+00:00
2000204,1000084,2026-07-03T12:46:36+00:00,page_view,https://northstar.example/page-view,,,"{""synthetic"": true, ""sequence"": 203}",2026-08-15T12:00:00+00:00
2000205,1000084,2026-07-03T12:47:26+00:00,product_view,https://northstar.example/product-view,,,"{""synthetic"": true, ""sequence"": 204}",2026-08-15T12:00:00+00:00
2000206,1000084,2026-07-03T12:47:30+00:00,add_to_cart,https://northstar.example/add-to-cart,,,"{""synthetic"": true, ""sequence"": 205}",2026-08-15T12:00:00+00:00
2000207,1000084,2026-07-03T12:47:46+00:00,checkout_start,https://northstar.example/checkout-start,,,"{""synthetic"": true, ""sequence"": 206}",2026-08-15T12:00:00+00:00
2000208,1000085,2025-11-04T23:18:15+00:00,page_view,https://northstar.example/page-view,,,"{""synthetic"": true, ""sequence"": 207}",2026-08-15T12:00:00+00:00
2000209,1000085,2025-11-04T23:19:27+00:00,product_view,https://northstar.example/product-view,,,"{""synthetic"": true, ""sequence"": 208}",2026-08-15T12:00:00+00:00
2000210,1000086,2025-06-22T02:18:00+00:00,page_view,https://northstar.example/page-view,,,"{""synthetic"": true, ""sequence"": 209}",2026-08-15T12:00:00+00:00
2000211,1000087,2026-02-13T08:36:19+00:00,page_view,https://northstar.example/page-view,,,"{""synthetic"": true, ""sequence"": 210}",2026-08-15T12:00:00+00:00
2000212,1000087,2026-02-13T08:36:39+00:00,product_view,https://northstar.example/product-view,,,"{""synthetic"": true, ""sequence"": 211}",2026-08-15T12:00:00+00:00
2000213,1000088,2025-10-13T14:09:22+00:00,page_view,https://northstar.example/page-view,,,"{""synthetic"": true, ""sequence"": 212}",2026-08-15T12:00:00+00:00
2000214,1000088,2025-10-13T14:09:32+00:00,product_view,https://northstar.example/product-view,,,"{""synthetic"": true, ""sequence"": 213}",2026-08-15T12:00:00+00:00
2000215,1000088,2025-10-13T14:09:37+00:00,add_to_cart,https://northstar.example/add-to-cart,,,"{""synthetic"": true, ""sequence"": 214}",2026-08-15T12:00:00+00:00
2000216,1000088,2025-10-13T14:09:49+00:00,checkout_start,https://northstar.example/checkout-start,,,"{""synthetic"": true, ""sequence"": 215}",2026-08-15T12:00:00+00:00
2000217,1000088,2025-10-13T14:10:54+00:00,purchase,https://northstar.example/purchase,,9000186.0,"{""synthetic"": true, ""sequence"": 216}",2026-08-15T12:00:00+00:00
2000218,1000089,2026-02-15T19:40:35+00:00,page_view,https://northstar.example/page-view,,,"{""synthetic"": true, ""sequence"": 217}",2026-08-15T12:00:00+00:00
2000219,1000090,2025-12-04T05:33:58+00:00,page_view,https://northstar.example/page-view,,,"{""synthetic"": true, ""sequence"": 218}",2026-08-15T12:00:00+00:00
2000220,1000091,2025-05-23T01:06:53+00:00,page_view,https://northstar.example/page-view,,,"{""synthetic"": true, ""sequence"": 219}",2026-08-15T12:00:00+00:00
2000221,1000091,2025-05-23T01:07:25+00:00,product_view,https://northstar.example/product-view,,,"{""synthetic"": true, ""sequence"": 220}",2026-08-15T12:00:00+00:00
2000222,1000091,2025-05-23T01:08:04+00:00,add_to_cart,https://northstar.example/add-to-cart,,,"{""synthetic"": true, ""sequence"": 221}",2026-08-15T12:00:00+00:00
2000223,1000091,2025-05-23T01:08:30+00:00,checkout_start,https://northstar.example/checkout-start,,,"{""synthetic"": true, ""sequence"": 222}",2026-08-15T12:00:00+00:00
2000224,1000091,2025-05-23T01:09:02+00:00,purchase,https://northstar.example/purchase,,9000191.0,"{""synthetic"": true, ""sequence"": 223}",2026-08-15T12:00:00+00:00
2000225,1000092,2026-03-22T09:36:24+00:00,page_view,https://northstar.example/page-view,,,"{""synthetic"": true, ""sequence"": 224}",2026-08-15T12:00:00+00:00
2000226,1000093,2025-02-22T11:23:53+00:00,page_view,https://northstar.example/page-view,,,"{""synthetic"": true, ""sequence"": 225}",2026-08-15T12:00:00+00:00
2000227,1000093,2025-02-22T11:24:55+00:00,product_view,https://northstar.example/product-view,,,"{""synthetic"": true, ""sequence"": 226}",2026-08-15T12:00:00+00:00
2000228,1000093,2025-02-22T11:25:46+00:00,add_to_cart,https://northstar.example/add-to-cart,,,"{""synthetic"": true, ""sequence"": 227}",2026-08-15T12:00:00+00:00
2000229,1000094,2026-06-03T13:53:04+00:00,page_view,https://northstar.example/page-view,,,"{""synthetic"": true, ""sequence"": 228}",2026-08-15T12:00:00+00:00
2000230,1000094,2026-06-03T13:53:41+00:00,product_view,https://northstar.example/product-view,,,"{""synthetic"": true, ""sequence"": 229}",2026-08-15T12:00:00+00:00
2000231,1000094,2026-06-03T13:54:47+00:00,add_to_cart,https://northstar.example/add-to-cart,,,"{""synthetic"": true, ""sequence"": 230}",2026-08-15T12:00:00+00:00
2000232,1000094,2026-06-03T13:55:22+00:00,checkout_start,https://northstar.example/checkout-start,,,"{""synthetic"": true, ""sequence"": 231}",2026-08-15T12:00:00+00:00
2000233,1000095,2025-08-20T14:50:11+00:00,page_view,https://northstar.example/page-view,,,"{""synthetic"": true, ""sequence"": 232}",2026-08-15T12:00:00+00:00
2000234,1000095,2025-08-20T14:50:49+00:00,product_view,https://northstar.example/product-view,,,"{""synthetic"": true, ""sequence"": 233}",2026-08-15T12:00:00+00:00
2000235,1000095,2025-08-20T14:51:26+00:00,add_to_cart,https://northstar.example/add-to-cart,,,"{""synthetic"": true, ""sequence"": 234}",2026-08-15T12:00:00+00:00
2000236,1000096,2025-12-08T11:03:57+00:00,page_view,https://northstar.example/page-view,,,"{""synthetic"": true, ""sequence"": 235}",2026-08-15T12:00:00+00:00
2000237,1000096,2025-12-08T11:05:02+00:00,product_view,https://northstar.example/product-view,,,"{""synthetic"": true, ""sequence"": 236}",2026-08-15T12:00:00+00:00
2000238,1000096,2025-12-08T11:05:43+00:00,add_to_cart,https://northstar.example/add-to-cart,,,"{""synthetic"": true, ""sequence"": 237}",2026-08-15T12:00:00+00:00
2000239,1000096,2025-12-08T11:06:23+00:00,checkout_start,https://northstar.example/checkout-start,,,"{""synthetic"": true, ""sequence"": 238}",2026-08-15T12:00:00+00:00
2000240,1000097,2025-09-05T17:54:00+00:00,page_view,https://northstar.example/page-view,,,"{""synthetic"": true, ""sequence"": 239}",2026-08-15T12:00:00+00:00
2000241,1000098,2026-06-06T04:12:56+00:00,page_view,https://northstar.example/page-view,,,"{""synthetic"": true, ""sequence"": 240}",2026-08-15T12:00:00+00:00
2000242,1000098,2026-06-06T04:13:33+00:00,product_view,https://northstar.example/product-view,,,"{""synthetic"": true, ""sequence"": 241}",2026-08-15T12:00:00+00:00
2000243,1000098,2026-06-06T04:14:06+00:00,add_to_cart,https://northstar.example/add-to-cart,,,"{""synthetic"": true, ""sequence"": 242}",2026-08-15T12:00:00+00:00
2000244,1000099,2026-05-30T16:18:24+00:00,page_view,https://northstar.example/page-view,,,"{""synthetic"": true, ""sequence"": 243}",2026-08-15T12:00:00+00:00
2000245,1000100,2026-06-09T16:40:57+00:00,page_view,https://northstar.example/page-view,,,"{""synthetic"": true, ""sequence"": 244}",2026-08-15T12:00:00+00:00
2000246,1000100,2026-06-09T16:41:22+00:00,product_view,https://northstar.example/product-view,,,"{""synthetic"": true, ""sequence"": 245}",2026-08-15T12:00:00+00:00
2000247,1000100,2026-06-09T16:41:43+00:00,add_to_cart,https://northstar.example/add-to-cart,,,"{""synthetic"": true, ""sequence"": 246}",2026-08-15T12:00:00+00:00
2000248,1000101,2025-11-20T14:37:44+00:00,page_view,https://northstar.example/page-view,,,"{""synthetic"": true, ""sequence"": 247}",2026-08-15T12:00:00+00:00
2000249,1000102,2025-02-01T16:29:40+00:00,page_view,https://northstar.example/page-view,,,"{""synthetic"": true, ""sequence"": 248}",2026-08-15T12:00:00+00:00
2000250,1000103,2025-06-25T07:15:24+00:00,page_view,https://northstar.example/page-view,,,"{""synthetic"": true, ""sequence"": 249}",2026-08-15T12:00:00+00:00
2000251,1000103,2025-06-25T07:15:28+00:00,product_view,https://northstar.example/product-view,,,"{""synthetic"": true, ""sequence"": 250}",2026-08-15T12:00:00+00:00
2000252,1000103,2025-06-25T07:16:34+00:00,add_to_cart,https://northstar.example/add-to-cart,,,"{""synthetic"": true, ""sequence"": 251}",2026-08-15T12:00:00+00:00
2000253,1000103,2025-06-25T07:17:52+00:00,checkout_start,https://northstar.example/checkout-start,,,"{""synthetic"": true, ""sequence"": 252}",2026-08-15T12:00:00+00:00
2000254,1000104,2026-03-19T15:28:47+00:00,page_view,https://northstar.example/page-view,,,"{""synthetic"": true, ""sequence"": 253}",2026-08-15T12:00:00+00:00
2000255,1000105,2025-11-06T05:12:52+00:00,page_view,https://northstar.example/page-view,,,"{""synthetic"": true, ""sequence"": 254}",2026-08-15T12:00:00+00:00
2000256,1000105,2025-11-06T05:13:05+00:00,product_view,https://northstar.example/product-view,,,"{""synthetic"": true, ""sequence"": 255}",2026-08-15T12:00:00+00:00
2000257,1000105,2025-11-06T05:13:19+00:00,add_to_cart,https://northstar.example/add-to-cart,,,"{""synthetic"": true, ""sequence"": 256}",2026-08-15T12:00:00+00:00
2000258,1000105,2025-11-06T05:14:20+00:00,checkout_start,https://northstar.example/checkout-start,,,"{""synthetic"": true, ""sequence"": 257}",2026-08-15T12:00:00+00:00
2000259,1000106,2026-04-02T21:17:18+00:00,page_view,https://northstar.example/page-view,,,"{""synthetic"": true, ""sequence"": 258}",2026-08-15T12:00:00+00:00
2000260,1000106,2026-04-02T21:18:04+00:00,product_view,https://northstar.example/product-view,,,"{""synthetic"": true, ""sequence"": 259}",2026-08-15T12:00:00+00:00
2000261,1000106,2026-04-02T21:18:26+00:00,add_to_cart,https://northstar.example/add-to-cart,,,"{""synthetic"": true, ""sequence"": 260}",2026-08-15T12:00:00+00:00
2000262,1000107,2026-02-14T07:54:20+00:00,page_view,https://northstar.example/page-view,,,"{""synthetic"": true, ""sequence"": 261}",2026-08-15T12:00:00+00:00
2000263,1000108,2025-10-05T23:06:21+00:00,page_view,https://northstar.example/page-view,,,"{""synthetic"": true, ""sequence"": 262}",2026-08-15T12:00:00+00:00
2000264,1000109,2025-09-17T11:24:38+00:00,page_view,https://northstar.example/page-view,,,"{""synthetic"": true, ""sequence"": 263}",2026-08-15T12:00:00+00:00
2000265,1000110,2026-07-10T18:13:17+00:00,page_view,https://northstar.example/page-view,,,"{""synthetic"": true, ""sequence"": 264}",2026-08-15T12:00:00+00:00
2000266,1000110,2026-07-10T18:14:01+00:00,product_view,https://northstar.example/product-view,,,"{""synthetic"": true, ""sequence"": 265}",2026-08-15T12:00:00+00:00
2000267,1000110,2026-07-10T18:14:49+00:00,add_to_cart,https://northstar.example/add-to-cart,,,"{""synthetic"": true, ""sequence"": 266}",2026-08-15T12:00:00+00:00
2000268,1000111,2026-04-21T22:19:53+00:00,page_view,https://northstar.example/page-view,,,"{""synthetic"": true, ""sequence"": 267}",2026-08-15T12:00:00+00:00
2000269,1000112,2025-11-06T07:12:46+00:00,page_view,https://northstar.example/page-view,,,"{""synthetic"": true, ""sequence"": 268}",2026-08-15T12:00:00+00:00
2000270,1000112,2025-11-06T07:13:11+00:00,product_view,https://northstar.example/product-view,,,"{""synthetic"": true, ""sequence"": 269}",2026-08-15T12:00:00+00:00
2000271,1000112,2025-11-06T07:13:57+00:00,add_to_cart,https://northstar.example/add-to-cart,,,"{""synthetic"": true, ""sequence"": 270}",2026-08-15T12:00:00+00:00
2000272,1000112,2025-11-06T07:15:16+00:00,checkout_start,https://northstar.example/checkout-start,,,"{""synthetic"": true, ""sequence"": 271}",2026-08-15T12:00:00+00:00
2000273,1000113,2025-05-07T22:33:50+00:00,page_view,https://northstar.example/page-view,,,"{""synthetic"": true, ""sequence"": 272}",2026-08-15T12:00:00+00:00
2000274,1000113,2025-05-07T22:33:54+00:00,product_view,https://northstar.example/product-view,,,"{""synthetic"": true, ""sequence"": 273}",2026-08-15T12:00:00+00:00
2000275,1000113,2025-05-07T22:34:36+00:00,add_to_cart,https://northstar.example/add-to-cart,,,"{""synthetic"": true, ""sequence"": 274}",2026-08-15T12:00:00+00:00
2000276,1000113,2025-05-07T22:35:11+00:00,checkout_start,https://northstar.example/checkout-start,,,"{""synthetic"": true, ""sequence"": 275}",2026-08-15T12:00:00+00:00
2000277,1000114,2025-07-02T22:10:53+00:00,page_view,https://northstar.example/page-view,,,"{""synthetic"": true, ""sequence"": 276}",2026-08-15T12:00:00+00:00
2000278,1000114,2025-07-02T22:11:13+00:00,product_view,https://northstar.example/product-view,,,"{""synthetic"": true, ""sequence"": 277}",2026-08-15T12:00:00+00:00
2000279,1000114,2025-07-02T22:11:25+00:00,add_to_cart,https://northstar.example/add-to-cart,,,"{""synthetic"": true, ""sequence"": 278}",2026-08-15T12:00:00+00:00
2000280,1000114,2025-07-02T22:12:35+00:00,checkout_start,https://northstar.example/checkout-start,,,"{""synthetic"": true, ""sequence"": 279}",2026-08-15T12:00:00+00:00
2000281,1000115,2026-03-04T09:28:16+00:00,page_view,https://northstar.example/page-view,,,"{""synthetic"": true, ""sequence"": 280}",2026-08-15T12:00:00+00:00
2000282,1000116,2025-07-14T07:22:37+00:00,page_view,https://northstar.example/page-view,,,"{""synthetic"": true, ""sequence"": 281}",2026-08-15T12:00:00+00:00
2000283,1000116,2025-07-14T07:23:06+00:00,product_view,https://northstar.example/product-view,,,"{""synthetic"": true, ""sequence"": 282}",2026-08-15T12:00:00+00:00
2000284,1000116,2025-07-14T07:24:06+00:00,add_to_cart,https://northstar.example/add-to-cart,,,"{""synthetic"": true, ""sequence"": 283}",2026-08-15T12:00:00+00:00
2000285,1000116,2025-07-14T07:24:49+00:00,checkout_start,https://northstar.example/checkout-start,,,"{""synthetic"": true, ""sequence"": 284}",2026-08-15T12:00:00+00:00
2000286,1000117,2025-05-23T02:15:01+00:00,page_view,https://northstar.example/page-view,,,"{""synthetic"": true, ""sequence"": 285}",2026-08-15T12:00:00+00:00
2000287,1000117,2025-05-23T02:16:14+00:00,product_view,https://northstar.example/product-view,,,"{""synthetic"": true, ""sequence"": 286}",2026-08-15T12:00:00+00:00
2000288,1000117,2025-05-23T02:17:07+00:00,add_to_cart,https://northstar.example/add-to-cart,,,"{""synthetic"": true, ""sequence"": 287}",2026-08-15T12:00:00+00:00
2000289,1000117,2025-05-23T02:17:59+00:00,checkout_start,https://northstar.example/checkout-start,,,"{""synthetic"": true, ""sequence"": 288}",2026-08-15T12:00:00+00:00
2000290,1000118,2025-08-07T02:25:45+00:00,page_view,https://northstar.example/page-view,,,"{""synthetic"": true, ""sequence"": 289}",2026-08-15T12:00:00+00:00
2000291,1000119,2025-09-13T19:06:47+00:00,page_view,https://northstar.example/page-view,,,"{""synthetic"": true, ""sequence"": 290}",2026-08-15T12:00:00+00:00
2000292,1000119,2025-09-13T19:07:26+00:00,product_view,https://northstar.example/product-view,,,"{""synthetic"": true, ""sequence"": 291}",2026-08-15T12:00:00+00:00
2000293,1000119,2025-09-13T19:08:04+00:00,add_to_cart,https://northstar.example/add-to-cart,,,"{""synthetic"": true, ""sequence"": 292}",2026-08-15T12:00:00+00:00
2000294,1000119,2025-09-13T19:08:09+00:00,checkout_start,https://northstar.example/checkout-start,,,"{""synthetic"": true, ""sequence"": 293}",2026-08-15T12:00:00+00:00
2000295,1000120,2026-01-26T21:02:26+00:00,page_view,https://northstar.example/page-view,,,"{""synthetic"": true, ""sequence"": 294}",2026-08-15T12:00:00+00:00
2000296,1000120,2026-01-26T21:03:03+00:00,product_view,https://northstar.example/product-view,,,"{""synthetic"": true, ""sequence"": 295}",2026-08-15T12:00:00+00:00
2000297,1000120,2026-01-26T21:03:25+00:00,add_to_cart,https://northstar.example/add-to-cart,,,"{""synthetic"": true, ""sequence"": 296}",2026-08-15T12:00:00+00:00
2000298,1000121,2026-02-20T07:03:14+00:00,page_view,https://northstar.example/page-view,,,"{""synthetic"": true, ""sequence"": 297}",2026-08-15T12:00:00+00:00
2000299,1000122,2026-06-24T03:31:42+00:00,page_view,https://northstar.example/page-view,,,"{""synthetic"": true, ""sequence"": 298}",2026-08-15T12:00:00+00:00
2000300,1000122,2026-06-24T03:32:21+00:00,product_view,https://northstar.example/product-view,,,"{""synthetic"": true, ""sequence"": 299}",2026-08-15T12:00:00+00:00
2000301,1000122,2026-06-24T03:33:05+00:00,add_to_cart,https://northstar.example/add-to-cart,,,"{""synthetic"": true, ""sequence"": 300}",2026-08-15T12:00:00+00:00
2000302,1000122,2026-06-24T03:33:12+00:00,checkout_start,https://northstar.example/checkout-start,,,"{""synthetic"": true, ""sequence"": 301}",2026-08-15T12:00:00+00:00
2000303,1000123,2025-12-06T12:54:51+00:00,page_view,https://northstar.example/page-view,,,"{""synthetic"": true, ""sequence"": 302}",2026-08-15T12:00:00+00:00
2000304,1000123,2025-12-06T12:54:58+00:00,product_view,https://northstar.example/product-view,,,"{""synthetic"": true, ""sequence"": 303}",2026-08-15T12:00:00+00:00
2000305,1000124,2025-06-24T14:33:48+00:00,page_view,https://northstar.example/page-view,,,"{""synthetic"": true, ""sequence"": 304}",2026-08-15T12:00:00+00:00
2000306,1000125,2026-04-16T08:43:46+00:00,page_view,https://northstar.example/page-view,,,"{""synthetic"": true, ""sequence"": 305}",2026-08-15T12:00:00+00:00
2000307,1000125,2026-04-16T08:44:51+00:00,product_view,https://northstar.example/product-view,,,"{""synthetic"": true, ""sequence"": 306}",2026-08-15T12:00:00+00:00
2000308,1000125,2026-04-16T08:45:00+00:00,add_to_cart,https://northstar.example/add-to-cart,,,"{""synthetic"": true, ""sequence"": 307}",2026-08-15T12:00:00+00:00
2000309,1000125,2026-04-16T08:45:24+00:00,checkout_start,https://northstar.example/checkout-start,,,"{""synthetic"": true, ""sequence"": 308}",2026-08-15T12:00:00+00:00
2000310,1000126,2026-01-23T19:55:00+00:00,page_view,https://northstar.example/page-view,,,"{""synthetic"": true, ""sequence"": 309}",2026-08-15T12:00:00+00:00
2000311,1000127,2025-04-15T20:14:15+00:00,page_view,https://northstar.example/page-view,,,"{""synthetic"": true, ""sequence"": 310}",2026-08-15T12:00:00+00:00
2000312,1000128,2025-07-31T11:13:06+00:00,page_view,https://northstar.example/page-view,,,"{""synthetic"": true, ""sequence"": 311}",2026-08-15T12:00:00+00:00
2000313,1000128,2025-07-31T11:13:49+00:00,product_view,https://northstar.example/product-view,,,"{""synthetic"": true, ""sequence"": 312}",2026-08-15T12:00:00+00:00
2000314,1000128,2025-07-31T11:14:52+00:00,add_to_cart,https://northstar.example/add-to-cart,,,"{""synthetic"": true, ""sequence"": 313}",2026-08-15T12:00:00+00:00
2000315,1000129,2026-05-14T03:39:24+00:00,page_view,https://northstar.example/page-view,,,"{""synthetic"": true, ""sequence"": 314}",2026-08-15T12:00:00+00:00
2000316,1000129,2026-05-14T03:40:31+00:00,product_view,https://northstar.example/product-view,,,"{""synthetic"": true, ""sequence"": 315}",2026-08-15T12:00:00+00:00
2000317,1000130,2025-08-04T07:59:58+00:00,page_view,https://northstar.example/page-view,,,"{""synthetic"": true, ""sequence"": 316}",2026-08-15T12:00:00+00:00
2000318,1000131,2026-04-10T10:48:42+00:00,page_view,https://northstar.example/page-view,,,"{""synthetic"": true, ""sequence"": 317}",2026-08-15T12:00:00+00:00
2000319,1000132,2025-08-12T00:05:55+00:00,page_view,https://northstar.example/page-view,,,"{""synthetic"": true, ""sequence"": 318}",2026-08-15T12:00:00+00:00
2000320,1000132,2025-08-12T00:06:54+00:00,product_view,https://northstar.example/product-view,,,"{""synthetic"": true, ""sequence"": 319}",2026-08-15T12:00:00+00:00
2000321,1000132,2025-08-12T00:07:39+00:00,add_to_cart,https://northstar.example/add-to-cart,,,"{""synthetic"": true, ""sequence"": 320}",2026-08-15T12:00:00+00:00
2000322,1000133,2026-07-03T15:56:46+00:00,page_view,https://northstar.example/page-view,,,"{""synthetic"": true, ""sequence"": 321}",2026-08-15T12:00:00+00:00
2000323,1000133,2026-07-03T15:58:00+00:00,product_view,https://northstar.example/product-view,,,"{""synthetic"": true, ""sequence"": 322}",2026-08-15T12:00:00+00:00
2000324,1000133,2026-07-03T15:59:18+00:00,add_to_cart,https://northstar.example/add-to-cart,,,"{""synthetic"": true, ""sequence"": 323}",2026-08-15T12:00:00+00:00
2000325,1000133,2026-07-03T15:59:56+00:00,checkout_start,https://northstar.example/checkout-start,,,"{""synthetic"": true, ""sequence"": 324}",2026-08-15T12:00:00+00:00
2000326,1000134,2025-07-20T01:18:32+00:00,page_view,https://northstar.example/page-view,,,"{""synthetic"": true, ""sequence"": 325}",2026-08-15T12:00:00+00:00
2000327,1000134,2025-07-20T01:18:42+00:00,product_view,https://northstar.example/product-view,,,"{""synthetic"": true, ""sequence"": 326}",2026-08-15T12:00:00+00:00
2000328,1000134,2025-07-20T01:19:19+00:00,add_to_cart,https://northstar.example/add-to-cart,,,"{""synthetic"": true, ""sequence"": 327}",2026-08-15T12:00:00+00:00
2000329,1000135,2025-01-06T08:09:05+00:00,page_view,https://northstar.example/page-view,,,"{""synthetic"": true, ""sequence"": 328}",2026-08-15T12:00:00+00:00
2000330,1000136,2025-10-05T07:53:07+00:00,page_view,https://northstar.example/page-view,,,"{""synthetic"": true, ""sequence"": 329}",2026-08-15T12:00:00+00:00
2000331,1000137,2026-04-19T04:49:00+00:00,page_view,https://northstar.example/page-view,,,"{""synthetic"": true, ""sequence"": 330}",2026-08-15T12:00:00+00:00
2000332,1000137,2026-04-19T04:49:33+00:00,product_view,https://northstar.example/product-view,,,"{""synthetic"": true, ""sequence"": 331}",2026-08-15T12:00:00+00:00
2000333,1000137,2026-04-19T04:50:01+00:00,add_to_cart,https://northstar.example/add-to-cart,,,"{""synthetic"": true, ""sequence"": 332}",2026-08-15T12:00:00+00:00
2000334,1000137,2026-04-19T04:50:58+00:00,checkout_start,https://northstar.example/checkout-start,,,"{""synthetic"": true, ""sequence"": 333}",2026-08-15T12:00:00+00:00
2000335,1000138,2025-03-20T07:29:28+00:00,page_view,https://northstar.example/page-view,,,"{""synthetic"": true, ""sequence"": 334}",2026-08-15T12:00:00+00:00
2000336,1000139,2026-07-06T14:02:31+00:00,page_view,https://northstar.example/page-view,,,"{""synthetic"": true, ""sequence"": 335}",2026-08-15T12:00:00+00:00
2000337,1000139,2026-07-06T14:02:40+00:00,product_view,https://northstar.example/product-view,,,"{""synthetic"": true, ""sequence"": 336}",2026-08-15T12:00:00+00:00
2000338,1000140,2025-10-17T04:08:33+00:00,page_view,https://northstar.example/page-view,,,"{""synthetic"": true, ""sequence"": 337}",2026-08-15T12:00:00+00:00
2000339,1000141,2026-03-01T03:10:30+00:00,page_view,https://northstar.example/page-view,,,"{""synthetic"": true, ""sequence"": 338}",2026-08-15T12:00:00+00:00
2000340,1000141,2026-03-01T03:11:22+00:00,product_view,https://northstar.example/product-view,,,"{""synthetic"": true, ""sequence"": 339}",2026-08-15T12:00:00+00:00
2000341,1000141,2026-03-01T03:12:33+00:00,add_to_cart,https://northstar.example/add-to-cart,,,"{""synthetic"": true, ""sequence"": 340}",2026-08-15T12:00:00+00:00
2000342,1000142,2026-01-08T20:49:59+00:00,page_view,https://northstar.example/page-view,,,"{""synthetic"": true, ""sequence"": 341}",2026-08-15T12:00:00+00:00
2000343,1000142,2026-01-08T20:50:57+00:00,product_view,https://northstar.example/product-view,,,"{""synthetic"": true, ""sequence"": 342}",2026-08-15T12:00:00+00:00
2000344,1000142,2026-01-08T20:51:54+00:00,add_to_cart,https://northstar.example/add-to-cart,,,"{""synthetic"": true, ""sequence"": 343}",2026-08-15T12:00:00+00:00
2000345,1000142,2026-01-08T20:52:43+00:00,checkout_start,https://northstar.example/checkout-start,,,"{""synthetic"": true, ""sequence"": 344}",2026-08-15T12:00:00+00:00
2000346,1000143,2025-09-29T12:08:03+00:00,page_view,https://northstar.example/page-view,,,"{""synthetic"": true, ""sequence"": 345}",2026-08-15T12:00:00+00:00
2000347,1000143,2025-09-29T12:09:23+00:00,product_view,https://northstar.example/product-view,,,"{""synthetic"": true, ""sequence"": 346}",2026-08-15T12:00:00+00:00
2000348,1000143,2025-09-29T12:09:42+00:00,add_to_cart,https://northstar.example/add-to-cart,,,"{""synthetic"": true, ""sequence"": 347}",2026-08-15T12:00:00+00:00
2000349,1000143,2025-09-29T12:10:52+00:00,checkout_start,https://northstar.example/checkout-start,,,"{""synthetic"": true, ""sequence"": 348}",2026-08-15T12:00:00+00:00
2000350,1000144,2025-04-25T05:12:59+00:00,page_view,https://northstar.example/page-view,,,"{""synthetic"": true, ""sequence"": 349}",2026-08-15T12:00:00+00:00
2000351,1000144,2025-04-25T05:14:02+00:00,product_view,https://northstar.example/product-view,,,"{""synthetic"": true, ""sequence"": 350}",2026-08-15T12:00:00+00:00
2000352,1000144,2025-04-25T05:14:06+00:00,add_to_cart,https://northstar.example/add-to-cart,,,"{""synthetic"": true, ""sequence"": 351}",2026-08-15T12:00:00+00:00
2000353,1000145,2026-03-13T00:35:16+00:00,page_view,https://northstar.example/page-view,,,"{""synthetic"": true, ""sequence"": 352}",2026-08-15T12:00:00+00:00
2000354,1000145,2026-03-13T00:36:36+00:00,product_view,https://northstar.example/product-view,,,"{""synthetic"": true, ""sequence"": 353}",2026-08-15T12:00:00+00:00
2000355,1000146,2025-04-24T04:11:19+00:00,page_view,https://northstar.example/page-view,,,"{""synthetic"": true, ""sequence"": 354}",2026-08-15T12:00:00+00:00
2000356,1000146,2025-04-24T04:12:23+00:00,product_view,https://northstar.example/product-view,,,"{""synthetic"": true, ""sequence"": 355}",2026-08-15T12:00:00+00:00
2000357,1000146,2025-04-24T04:13:02+00:00,add_to_cart,https://northstar.example/add-to-cart,,,"{""synthetic"": true, ""sequence"": 356}",2026-08-15T12:00:00+00:00
2000358,1000146,2025-04-24T04:13:26+00:00,checkout_start,https://northstar.example/checkout-start,,,"{""synthetic"": true, ""sequence"": 357}",2026-08-15T12:00:00+00:00
2000359,1000147,2025-11-18T11:24:57+00:00,page_view,https://northstar.example/page-view,,,"{""synthetic"": true, ""sequence"": 358}",2026-08-15T12:00:00+00:00
2000360,1000148,2026-02-14T07:52:15+00:00,page_view,https://northstar.example/page-view,,,"{""synthetic"": true, ""sequence"": 359}",2026-08-15T12:00:00+00:00
2000361,1000148,2026-02-14T07:52:48+00:00,product_view,https://northstar.example/product-view,,,"{""synthetic"": true, ""sequence"": 360}",2026-08-15T12:00:00+00:00
2000362,1000148,2026-02-14T07:54:07+00:00,add_to_cart,https://northstar.example/add-to-cart,,,"{""synthetic"": true, ""sequence"": 361}",2026-08-15T12:00:00+00:00
2000363,1000149,2025-08-12T22:18:35+00:00,page_view,https://northstar.example/page-view,,,"{""synthetic"": true, ""sequence"": 362}",2026-08-15T12:00:00+00:00
2000364,1000149,2025-08-12T22:19:05+00:00,product_view,https://northstar.example/product-view,,,"{""synthetic"": true, ""sequence"": 363}",2026-08-15T12:00:00+00:00
2000365,1000150,2025-08-02T04:45:57+00:00,page_view,https://northstar.example/page-view,,,"{""synthetic"": true, ""sequence"": 364}",2026-08-15T12:00:00+00:00
2000366,1000150,2025-08-02T04:47:10+00:00,product_view,https://northstar.example/product-view,,,"{""synthetic"": true, ""sequence"": 365}",2026-08-15T12:00:00+00:00
2000367,1000150,2025-08-02T04:47:14+00:00,add_to_cart,https://northstar.example/add-to-cart,,,"{""synthetic"": true, ""sequence"": 366}",2026-08-15T12:00:00+00:00
2000368,1000150,2025-08-02T04:47:22+00:00,checkout_start,https://northstar.example/checkout-start,,,"{""synthetic"": true, ""sequence"": 367}",2026-08-15T12:00:00+00:00
2000369,1000151,2025-05-07T03:03:57+00:00,page_view,https://northstar.example/page-view,,,"{""synthetic"": true, ""sequence"": 368}",2026-08-15T12:00:00+00:00
2000370,1000151,2025-05-07T03:04:29+00:00,product_view,https://northstar.example/product-view,,,"{""synthetic"": true, ""sequence"": 369}",2026-08-15T12:00:00+00:00
2000371,1000151,2025-05-07T03:05:41+00:00,add_to_cart,https://northstar.example/add-to-cart,,,"{""synthetic"": true, ""sequence"": 370}",2026-08-15T12:00:00+00:00
2000372,1000152,2025-06-08T04:27:32+00:00,page_view,https://northstar.example/page-view,,,"{""synthetic"": true, ""sequence"": 371}",2026-08-15T12:00:00+00:00
2000373,1000152,2025-06-08T04:28:33+00:00,product_view,https://northstar.example/product-view,,,"{""synthetic"": true, ""sequence"": 372}",2026-08-15T12:00:00+00:00
2000374,1000153,2025-06-15T23:20:10+00:00,page_view,https://northstar.example/page-view,,,"{""synthetic"": true, ""sequence"": 373}",2026-08-15T12:00:00+00:00
2000375,1000153,2025-06-15T23:21:28+00:00,product_view,https://northstar.example/product-view,,,"{""synthetic"": true, ""sequence"": 374}",2026-08-15T12:00:00+00:00
2000376,1000153,2025-06-15T23:22:41+00:00,add_to_cart,https://northstar.example/add-to-cart,,,"{""synthetic"": true, ""sequence"": 375}",2026-08-15T12:00:00+00:00
2000377,1000154,2026-01-06T19:06:26+00:00,page_view,https://northstar.example/page-view,,,"{""synthetic"": true, ""sequence"": 376}",2026-08-15T12:00:00+00:00
2000378,1000154,2026-01-06T19:06:44+00:00,product_view,https://northstar.example/product-view,,,"{""synthetic"": true, ""sequence"": 377}",2026-08-15T12:00:00+00:00
2000379,1000154,2026-01-06T19:07:43+00:00,add_to_cart,https://northstar.example/add-to-cart,,,"{""synthetic"": true, ""sequence"": 378}",2026-08-15T12:00:00+00:00
2000380,1000154,2026-01-06T19:08:06+00:00,checkout_start,https://northstar.example/checkout-start,,,"{""synthetic"": true, ""sequence"": 379}",2026-08-15T12:00:00+00:00
2000381,1000154,2026-01-06T19:09:10+00:00,purchase,https://northstar.example/purchase,,9000085.0,"{""synthetic"": true, ""sequence"": 380}",2026-08-15T12:00:00+00:00
2000382,1000155,2026-06-10T08:29:45+00:00,page_view,https://northstar.example/page-view,,,"{""synthetic"": true, ""sequence"": 381}",2026-08-15T12:00:00+00:00
2000383,1000155,2026-06-10T08:30:37+00:00,product_view,https://northstar.example/product-view,,,"{""synthetic"": true, ""sequence"": 382}",2026-08-15T12:00:00+00:00
2000384,1000155,2026-06-10T08:31:13+00:00,add_to_cart,https://northstar.example/add-to-cart,,,"{""synthetic"": true, ""sequence"": 383}",2026-08-15T12:00:00+00:00
2000385,1000155,2026-06-10T08:31:17+00:00,checkout_start,https://northstar.example/checkout-start,,,"{""synthetic"": true, ""sequence"": 384}",2026-08-15T12:00:00+00:00
2000386,1000156,2026-04-16T06:38:05+00:00,page_view,https://northstar.example/page-view,,,"{""synthetic"": true, ""sequence"": 385}",2026-08-15T12:00:00+00:00
2000387,1000156,2026-04-16T06:38:26+00:00,product_view,https://northstar.example/product-view,,,"{""synthetic"": true, ""sequence"": 386}",2026-08-15T12:00:00+00:00
2000388,1000156,2026-04-16T06:38:36+00:00,add_to_cart,https://northstar.example/add-to-cart,,,"{""synthetic"": true, ""sequence"": 387}",2026-08-15T12:00:00+00:00
2000389,1000157,2026-02-10T08:43:43+00:00,page_view,https://northstar.example/page-view,,,"{""synthetic"": true, ""sequence"": 388}",2026-08-15T12:00:00+00:00
2000390,1000157,2026-02-10T08:44:46+00:00,product_view,https://northstar.example/product-view,,,"{""synthetic"": true, ""sequence"": 389}",2026-08-15T12:00:00+00:00
2000391,1000157,2026-02-10T08:45:39+00:00,add_to_cart,https://northstar.example/add-to-cart,,,"{""synthetic"": true, ""sequence"": 390}",2026-08-15T12:00:00+00:00
2000392,1000158,2026-02-06T03:03:23+00:00,page_view,https://northstar.example/page-view,,,"{""synthetic"": true, ""sequence"": 391}",2026-08-15T12:00:00+00:00
2000393,1000158,2026-02-06T03:03:30+00:00,product_view,https://northstar.example/product-view,,,"{""synthetic"": true, ""sequence"": 392}",2026-08-15T12:00:00+00:00
2000394,1000158,2026-02-06T03:04:39+00:00,add_to_cart,https://northstar.example/add-to-cart,,,"{""synthetic"": true, ""sequence"": 393}",2026-08-15T12:00:00+00:00
2000395,1000159,2025-06-28T10:02:29+00:00,page_view,https://northstar.example/page-view,,,"{""synthetic"": true, ""sequence"": 394}",2026-08-15T12:00:00+00:00
2000396,1000159,2025-06-28T10:03:23+00:00,product_view,https://northstar.example/product-view,,,"{""synthetic"": true, ""sequence"": 395}",2026-08-15T12:00:00+00:00
2000397,1000159,2025-06-28T10:04:33+00:00,add_to_cart,https://northstar.example/add-to-cart,,,"{""synthetic"": true, ""sequence"": 396}",2026-08-15T12:00:00+00:00
2000398,1000160,2025-05-29T03:10:01+00:00,page_view,https://northstar.example/page-view,,,"{""synthetic"": true, ""sequence"": 397}",2026-08-15T12:00:00+00:00
2000399,1000161,2025-07-23T23:30:41+00:00,page_view,https://northstar.example/page-view,,,"{""synthetic"": true, ""sequence"": 398}",2026-08-15T12:00:00+00:00
2000400,1000161,2025-07-23T23:31:41+00:00,product_view,https://northstar.example/product-view,,,"{""synthetic"": true, ""sequence"": 399}",2026-08-15T12:00:00+00:00
2000401,1000161,2025-07-23T23:31:58+00:00,add_to_cart,https://northstar.example/add-to-cart,,,"{""synthetic"": true, ""sequence"": 400}",2026-08-15T12:00:00+00:00
2000402,1000162,2025-07-12T05:09:13+00:00,page_view,https://northstar.example/page-view,,,"{""synthetic"": true, ""sequence"": 401}",2026-08-15T12:00:00+00:00
2000403,1000162,2025-07-12T05:10:01+00:00,product_view,https://northstar.example/product-view,,,"{""synthetic"": true, ""sequence"": 402}",2026-08-15T12:00:00+00:00
2000404,1000162,2025-07-12T05:10:03+00:00,add_to_cart,https://northstar.example/add-to-cart,,,"{""synthetic"": true, ""sequence"": 403}",2026-08-15T12:00:00+00:00
2000405,1000163,2025-02-20T23:47:45+00:00,page_view,https://northstar.example/page-view,,,"{""synthetic"": true, ""sequence"": 404}",2026-08-15T12:00:00+00:00
2000406,1000163,2025-02-20T23:48:06+00:00,product_view,https://northstar.example/product-view,,,"{""synthetic"": true, ""sequence"": 405}",2026-08-15T12:00:00+00:00
2000407,1000164,2025-06-07T13:18:27+00:00,page_view,https://northstar.example/page-view,,,"{""synthetic"": true, ""sequence"": 406}",2026-08-15T12:00:00+00:00
2000408,1000164,2025-06-07T13:18:49+00:00,product_view,https://northstar.example/product-view,,,"{""synthetic"": true, ""sequence"": 407}",2026-08-15T12:00:00+00:00
2000409,1000165,2025-03-24T00:26:25+00:00,page_view,https://northstar.example/page-view,,,"{""synthetic"": true, ""sequence"": 408}",2026-08-15T12:00:00+00:00
2000410,1000165,2025-03-24T00:27:35+00:00,product_view,https://northstar.example/product-view,,,"{""synthetic"": true, ""sequence"": 409}",2026-08-15T12:00:00+00:00
2000411,1000165,2025-03-24T00:28:31+00:00,add_to_cart,https://northstar.example/add-to-cart,,,"{""synthetic"": true, ""sequence"": 410}",2026-08-15T12:00:00+00:00
2000412,1000166,2026-03-06T03:54:39+00:00,page_view,https://northstar.example/page-view,,,"{""synthetic"": true, ""sequence"": 411}",2026-08-15T12:00:00+00:00
2000413,1000167,2025-12-25T20:11:41+00:00,page_view,https://northstar.example/page-view,,,"{""synthetic"": true, ""sequence"": 412}",2026-08-15T12:00:00+00:00
2000414,1000168,2025-11-14T11:25:52+00:00,page_view,https://northstar.example/page-view,,,"{""synthetic"": true, ""sequence"": 413}",2026-08-15T12:00:00+00:00
2000415,1000168,2025-11-14T11:26:16+00:00,product_view,https://northstar.example/product-view,,,"{""synthetic"": true, ""sequence"": 414}",2026-08-15T12:00:00+00:00
2000416,1000168,2025-11-14T11:27:31+00:00,add_to_cart,https://northstar.example/add-to-cart,,,"{""synthetic"": true, ""sequence"": 415}",2026-08-15T12:00:00+00:00
2000417,1000169,2026-02-12T22:47:35+00:00,page_view,https://northstar.example/page-view,,,"{""synthetic"": true, ""sequence"": 416}",2026-08-15T12:00:00+00:00
2000418,1000169,2026-02-12T22:47:37+00:00,product_view,https://northstar.example/product-view,,,"{""synthetic"": true, ""sequence"": 417}",2026-08-15T12:00:00+00:00
2000419,1000169,2026-02-12T22:47:59+00:00,add_to_cart,https://northstar.example/add-to-cart,,,"{""synthetic"": true, ""sequence"": 418}",2026-08-15T12:00:00+00:00
2000420,1000169,2026-02-12T22:48:42+00:00,checkout_start,https://northstar.example/checkout-start,,,"{""synthetic"": true, ""sequence"": 419}",2026-08-15T12:00:00+00:00
2000421,1000170,2026-06-26T00:01:29+00:00,page_view,https://northstar.example/page-view,,,"{""synthetic"": true, ""sequence"": 420}",2026-08-15T12:00:00+00:00
2000422,1000171,2025-07-14T21:22:34+00:00,page_view,https://northstar.example/page-view,,,"{""synthetic"": true, ""sequence"": 421}",2026-08-15T12:00:00+00:00
2000423,1000172,2026-06-02T23:06:39+00:00,page_view,https://northstar.example/page-view,,,"{""synthetic"": true, ""sequence"": 422}",2026-08-15T12:00:00+00:00
2000424,1000173,2026-02-06T15:22:55+00:00,page_view,https://northstar.example/page-view,,,"{""synthetic"": true, ""sequence"": 423}",2026-08-15T12:00:00+00:00
2000425,1000174,2026-01-31T03:02:05+00:00,page_view,https://northstar.example/page-view,,,"{""synthetic"": true, ""sequence"": 424}",2026-08-15T12:00:00+00:00
2000426,1000175,2025-06-01T17:04:28+00:00,page_view,https://northstar.example/page-view,,,"{""synthetic"": true, ""sequence"": 425}",2026-08-15T12:00:00+00:00
2000427,1000176,2026-05-28T16:57:07+00:00,page_view,https://northstar.example/page-view,,,"{""synthetic"": true, ""sequence"": 426}",2026-08-15T12:00:00+00:00
2000428,1000176,2026-05-28T16:57:31+00:00,product_view,https://northstar.example/product-view,,,"{""synthetic"": true, ""sequence"": 427}",2026-08-15T12:00:00+00:00
2000429,1000176,2026-05-28T16:58:08+00:00,add_to_cart,https://northstar.example/add-to-cart,,,"{""synthetic"": true, ""sequence"": 428}",2026-08-15T12:00:00+00:00
2000430,1000176,2026-05-28T16:59:04+00:00,checkout_start,https://northstar.example/checkout-start,,,"{""synthetic"": true, ""sequence"": 429}",2026-08-15T12:00:00+00:00
2000431,1000177,2026-06-19T06:04:18+00:00,page_view,https://northstar.example/page-view,,,"{""synthetic"": true, ""sequence"": 430}",2026-08-15T12:00:00+00:00
2000432,1000177,2026-06-19T06:05:21+00:00,product_view,https://northstar.example/product-view,,,"{""synthetic"": true, ""sequence"": 431}",2026-08-15T12:00:00+00:00
2000433,1000178,2025-05-04T23:33:20+00:00,page_view,https://northstar.example/page-view,,,"{""synthetic"": true, ""sequence"": 432}",2026-08-15T12:00:00+00:00
2000434,1000178,2025-05-04T23:33:33+00:00,product_view,https://northstar.example/product-view,,,"{""synthetic"": true, ""sequence"": 433}",2026-08-15T12:00:00+00:00
2000435,1000179,2025-02-15T03:19:09+00:00,page_view,https://northstar.example/page-view,,,"{""synthetic"": true, ""sequence"": 434}",2026-08-15T12:00:00+00:00
2000436,1000179,2025-02-15T03:19:39+00:00,product_view,https://northstar.example/product-view,,,"{""synthetic"": true, ""sequence"": 435}",2026-08-15T12:00:00+00:00
2000437,1000179,2025-02-15T03:20:54+00:00,add_to_cart,https://northstar.example/add-to-cart,,,"{""synthetic"": true, ""sequence"": 436}",2026-08-15T12:00:00+00:00
2000438,1000179,2025-02-15T03:21:49+00:00,checkout_start,https://northstar.example/checkout-start,,,"{""synthetic"": true, ""sequence"": 437}",2026-08-15T12:00:00+00:00
2000439,1000180,2025-03-18T23:03:27+00:00,page_view,https://northstar.example/page-view,,,"{""synthetic"": true, ""sequence"": 438}",2026-08-15T12:00:00+00:00
2000440,1000180,2025-03-18T23:03:52+00:00,product_view,https://northstar.example/product-view,,,"{""synthetic"": true, ""sequence"": 439}",2026-08-15T12:00:00+00:00
2000441,1000180,2025-03-18T23:04:03+00:00,add_to_cart,https://northstar.example/add-to-cart,,,"{""synthetic"": true, ""sequence"": 440}",2026-08-15T12:00:00+00:00
2000442,1000180,2025-03-18T23:04:51+00:00,checkout_start,https://northstar.example/checkout-start,,,"{""synthetic"": true, ""sequence"": 441}",2026-08-15T12:00:00+00:00
2000443,1000181,2025-02-24T01:01:36+00:00,page_view,https://northstar.example/page-view,,,"{""synthetic"": true, ""sequence"": 442}",2026-08-15T12:00:00+00:00
2000444,1000181,2025-02-24T01:01:42+00:00,product_view,https://northstar.example/product-view,,,"{""synthetic"": true, ""sequence"": 443}",2026-08-15T12:00:00+00:00
2000445,1000182,2025-09-10T12:40:35+00:00,page_view,https://northstar.example/page-view,,,"{""synthetic"": true, ""sequence"": 444}",2026-08-15T12:00:00+00:00
2000446,1000182,2025-09-10T12:41:43+00:00,product_view,https://northstar.example/product-view,,,"{""synthetic"": true, ""sequence"": 445}",2026-08-15T12:00:00+00:00
2000447,1000182,2025-09-10T12:42:21+00:00,add_to_cart,https://northstar.example/add-to-cart,,,"{""synthetic"": true, ""sequence"": 446}",2026-08-15T12:00:00+00:00
2000448,1000183,2025-04-13T02:11:16+00:00,page_view,https://northstar.example/page-view,,,"{""synthetic"": true, ""sequence"": 447}",2026-08-15T12:00:00+00:00
2000449,1000183,2025-04-13T02:12:10+00:00,product_view,https://northstar.example/product-view,,,"{""synthetic"": true, ""sequence"": 448}",2026-08-15T12:00:00+00:00
2000450,1000184,2025-11-17T21:25:04+00:00,page_view,https://northstar.example/page-view,,,"{""synthetic"": true, ""sequence"": 449}",2026-08-15T12:00:00+00:00
2000451,1000184,2025-11-17T21:26:04+00:00,product_view,https://northstar.example/product-view,,,"{""synthetic"": true, ""sequence"": 450}",2026-08-15T12:00:00+00:00
2000452,1000184,2025-11-17T21:27:13+00:00,add_to_cart,https://northstar.example/add-to-cart,,,"{""synthetic"": true, ""sequence"": 451}",2026-08-15T12:00:00+00:00
2000453,1000185,2025-04-03T08:48:30+00:00,page_view,https://northstar.example/page-view,,,"{""synthetic"": true, ""sequence"": 452}",2026-08-15T12:00:00+00:00
2000454,1000185,2025-04-03T08:49:46+00:00,product_view,https://northstar.example/product-view,,,"{""synthetic"": true, ""sequence"": 453}",2026-08-15T12:00:00+00:00
2000455,1000185,2025-04-03T08:49:50+00:00,add_to_cart,https://northstar.example/add-to-cart,,,"{""synthetic"": true, ""sequence"": 454}",2026-08-15T12:00:00+00:00
2000456,1000185,2025-04-03T08:50:01+00:00,checkout_start,https://northstar.example/checkout-start,,,"{""synthetic"": true, ""sequence"": 455}",2026-08-15T12:00:00+00:00
2000457,1000186,2025-06-28T01:36:49+00:00,page_view,https://northstar.example/page-view,,,"{""synthetic"": true, ""sequence"": 456}",2026-08-15T12:00:00+00:00
2000458,1000187,2025-09-10T04:30:28+00:00,page_view,https://northstar.example/page-view,,,"{""synthetic"": true, ""sequence"": 457}",2026-08-15T12:00:00+00:00
2000459,1000188,2026-05-06T07:43:37+00:00,page_view,https://northstar.example/page-view,,,"{""synthetic"": true, ""sequence"": 458}",2026-08-15T12:00:00+00:00
2000460,1000188,2026-05-06T07:44:48+00:00,product_view,https://northstar.example/product-view,,,"{""synthetic"": true, ""sequence"": 459}",2026-08-15T12:00:00+00:00
2000461,1000189,2025-05-12T06:46:45+00:00,page_view,https://northstar.example/page-view,,,"{""synthetic"": true, ""sequence"": 460}",2026-08-15T12:00:00+00:00
2000462,1000189,2025-05-12T06:47:00+00:00,product_view,https://northstar.example/product-view,,,"{""synthetic"": true, ""sequence"": 461}",2026-08-15T12:00:00+00:00
2000463,1000189,2025-05-12T06:48:16+00:00,add_to_cart,https://northstar.example/add-to-cart,,,"{""synthetic"": true, ""sequence"": 462}",2026-08-15T12:00:00+00:00
2000464,1000190,2025-04-01T14:29:48+00:00,page_view,https://northstar.example/page-view,,,"{""synthetic"": true, ""sequence"": 463}",2026-08-15T12:00:00+00:00
2000465,1000191,2025-06-17T20:47:34+00:00,page_view,https://northstar.example/page-view,,,"{""synthetic"": true, ""sequence"": 464}",2026-08-15T12:00:00+00:00
2000466,1000192,2025-03-10T00:40:36+00:00,page_view,https://northstar.example/page-view,,,"{""synthetic"": true, ""sequence"": 465}",2026-08-15T12:00:00+00:00
2000467,1000192,2025-03-10T00:41:02+00:00,product_view,https://northstar.example/product-view,,,"{""synthetic"": true, ""sequence"": 466}",2026-08-15T12:00:00+00:00
2000468,1000193,2025-01-23T19:08:43+00:00,page_view,https://northstar.example/page-view,,,"{""synthetic"": true, ""sequence"": 467}",2026-08-15T12:00:00+00:00
2000469,1000193,2025-01-23T19:09:09+00:00,product_view,https://northstar.example/product-view,,,"{""synthetic"": true, ""sequence"": 468}",2026-08-15T12:00:00+00:00
2000470,1000193,2025-01-23T19:09:42+00:00,add_to_cart,https://northstar.example/add-to-cart,,,"{""synthetic"": true, ""sequence"": 469}",2026-08-15T12:00:00+00:00
2000471,1000194,2025-10-14T06:26:37+00:00,page_view,https://northstar.example/page-view,,,"{""synthetic"": true, ""sequence"": 470}",2026-08-15T12:00:00+00:00
2000472,1000194,2025-10-14T06:27:42+00:00,product_view,https://northstar.example/product-view,,,"{""synthetic"": true, ""sequence"": 471}",2026-08-15T12:00:00+00:00
2000473,1000194,2025-10-14T06:28:22+00:00,add_to_cart,https://northstar.example/add-to-cart,,,"{""synthetic"": true, ""sequence"": 472}",2026-08-15T12:00:00+00:00
2000474,1000194,2025-10-14T06:28:35+00:00,checkout_start,https://northstar.example/checkout-start,,,"{""synthetic"": true, ""sequence"": 473}",2026-08-15T12:00:00+00:00
2000475,1000194,2025-10-14T06:28:56+00:00,purchase,https://northstar.example/purchase,,9000115.0,"{""synthetic"": true, ""sequence"": 474}",2026-08-15T12:00:00+00:00
2000476,1000195,2025-05-01T14:21:11+00:00,page_view,https://northstar.example/page-view,,,"{""synthetic"": true, ""sequence"": 475}",2026-08-15T12:00:00+00:00
2000477,1000195,2025-05-01T14:21:18+00:00,product_view,https://northstar.example/product-view,,,"{""synthetic"": true, ""sequence"": 476}",2026-08-15T12:00:00+00:00
2000478,1000195,2025-05-01T14:21:52+00:00,add_to_cart,https://northstar.example/add-to-cart,,,"{""synthetic"": true, ""sequence"": 477}",2026-08-15T12:00:00+00:00
2000479,1000195,2025-05-01T14:22:23+00:00,checkout_start,https://northstar.example/checkout-start,,,"{""synthetic"": true, ""sequence"": 478}",2026-08-15T12:00:00+00:00
2000480,1000196,2025-06-07T16:36:45+00:00,page_view,https://northstar.example/page-view,,,"{""synthetic"": true, ""sequence"": 479}",2026-08-15T12:00:00+00:00
2000481,1000196,2025-06-07T16:36:55+00:00,product_view,https://northstar.example/product-view,,,"{""synthetic"": true, ""sequence"": 480}",2026-08-15T12:00:00+00:00
2000482,1000196,2025-06-07T16:38:15+00:00,add_to_cart,https://northstar.example/add-to-cart,,,"{""synthetic"": true, ""sequence"": 481}",2026-08-15T12:00:00+00:00
2000483,1000196,2025-06-07T16:38:30+00:00,checkout_start,https://northstar.example/checkout-start,,,"{""synthetic"": true, ""sequence"": 482}",2026-08-15T12:00:00+00:00
2000484,1000197,2026-05-02T17:53:55+00:00,page_view,https://northstar.example/page-view,,,"{""synthetic"": true, ""sequence"": 483}",2026-08-15T12:00:00+00:00
2000485,1000197,2026-05-02T17:53:57+00:00,product_view,https://northstar.example/product-view,,,"{""synthetic"": true, ""sequence"": 484}",2026-08-15T12:00:00+00:00
2000486,1000197,2026-05-02T17:55:14+00:00,add_to_cart,https://northstar.example/add-to-cart,,,"{""synthetic"": true, ""sequence"": 485}",2026-08-15T12:00:00+00:00
2000487,1000198,2025-12-21T06:07:12+00:00,page_view,https://northstar.example/page-view,,,"{""synthetic"": true, ""sequence"": 486}",2026-08-15T12:00:00+00:00
2000488,1000198,2025-12-21T06:08:14+00:00,product_view,https://northstar.example/product-view,,,"{""synthetic"": true, ""sequence"": 487}",2026-08-15T12:00:00+00:00
2000489,1000198,2025-12-21T06:08:50+00:00,add_to_cart,https://northstar.example/add-to-cart,,,"{""synthetic"": true, ""sequence"": 488}",2026-08-15T12:00:00+00:00
2000490,1000198,2025-12-21T06:09:08+00:00,checkout_start,https://northstar.example/checkout-start,,,"{""synthetic"": true, ""sequence"": 489}",2026-08-15T12:00:00+00:00
2000491,1000199,2025-09-28T01:17:38+00:00,page_view,https://northstar.example/page-view,,,"{""synthetic"": true, ""sequence"": 490}",2026-08-15T12:00:00+00:00
2000492,1000199,2025-09-28T01:17:46+00:00,product_view,https://northstar.example/product-view,,,"{""synthetic"": true, ""sequence"": 491}",2026-08-15T12:00:00+00:00
2000493,1000199,2025-09-28T01:19:03+00:00,add_to_cart,https://northstar.example/add-to-cart,,,"{""synthetic"": true, ""sequence"": 492}",2026-08-15T12:00:00+00:00
2000494,1000200,2025-05-07T16:27:13+00:00,page_view,https://northstar.example/page-view,,,"{""synthetic"": true, ""sequence"": 493}",2026-08-15T12:00:00+00:00
2000495,1000200,2025-05-07T16:28:06+00:00,product_view,https://northstar.example/product-view,,,"{""synthetic"": true, ""sequence"": 494}",2026-08-15T12:00:00+00:00
2000496,1000200,2025-05-07T16:28:31+00:00,add_to_cart,https://northstar.example/add-to-cart,,,"{""synthetic"": true, ""sequence"": 495}",2026-08-15T12:00:00+00:00
2000497,1000200,2025-05-07T16:28:37+00:00,checkout_start,https://northstar.example/checkout-start,,,"{""synthetic"": true, ""sequence"": 496}",2026-08-15T12:00:00+00:00
2000498,1000201,2026-04-28T02:44:47+00:00,page_view,https://northstar.example/page-view,,,"{""synthetic"": true, ""sequence"": 497}",2026-08-15T12:00:00+00:00
2000499,1000201,2026-04-28T02:44:58+00:00,product_view,https://northstar.example/product-view,,,"{""synthetic"": true, ""sequence"": 498}",2026-08-15T12:00:00+00:00
2000500,1000201,2026-04-28T02:45:13+00:00,add_to_cart,https://northstar.example/add-to-cart,,,"{""synthetic"": true, ""sequence"": 499}",2026-08-15T12:00:00+00:00
2000501,1000201,2026-04-28T02:45:18+00:00,checkout_start,https://northstar.example/checkout-start,,,"{""synthetic"": true, ""sequence"": 500}",2026-08-15T12:00:00+00:00
2000502,1000202,2025-05-15T14:23:56+00:00,page_view,https://northstar.example/page-view,,,"{""synthetic"": true, ""sequence"": 501}",2026-08-15T12:00:00+00:00
2000503,1000203,2025-11-16T18:15:57+00:00,page_view,https://northstar.example/page-view,,,"{""synthetic"": true, ""sequence"": 502}",2026-08-15T12:00:00+00:00
2000504,1000203,2025-11-16T18:16:15+00:00,product_view,https://northstar.example/product-view,,,"{""synthetic"": true, ""sequence"": 503}",2026-08-15T12:00:00+00:00
2000505,1000204,2025-03-14T23:45:57+00:00,page_view,https://northstar.example/page-view,,,"{""synthetic"": true, ""sequence"": 504}",2026-08-15T12:00:00+00:00
2000506,1000204,2025-03-14T23:46:24+00:00,product_view,https://northstar.example/product-view,,,"{""synthetic"": true, ""sequence"": 505}",2026-08-15T12:00:00+00:00
2000507,1000204,2025-03-14T23:46:45+00:00,add_to_cart,https://northstar.example/add-to-cart,,,"{""synthetic"": true, ""sequence"": 506}",2026-08-15T12:00:00+00:00
2000508,1000205,2025-02-12T10:35:00+00:00,page_view,https://northstar.example/page-view,,,"{""synthetic"": true, ""sequence"": 507}",2026-08-15T12:00:00+00:00
2000509,1000206,2025-05-05T18:52:02+00:00,page_view,https://northstar.example/page-view,,,"{""synthetic"": true, ""sequence"": 508}",2026-08-15T12:00:00+00:00
2000510,1000206,2025-05-05T18:52:25+00:00,product_view,https://northstar.example/product-view,,,"{""synthetic"": true, ""sequence"": 509}",2026-08-15T12:00:00+00:00
2000511,1000206,2025-05-05T18:53:30+00:00,add_to_cart,https://northstar.example/add-to-cart,,,"{""synthetic"": true, ""sequence"": 510}",2026-08-15T12:00:00+00:00
2000512,1000206,2025-05-05T18:53:32+00:00,checkout_start,https://northstar.example/checkout-start,,,"{""synthetic"": true, ""sequence"": 511}",2026-08-15T12:00:00+00:00
2000513,1000207,2025-12-27T12:19:49+00:00,page_view,https://northstar.example/page-view,,,"{""synthetic"": true, ""sequence"": 512}",2026-08-15T12:00:00+00:00
2000514,1000208,2025-06-12T01:42:48+00:00,page_view,https://northstar.example/page-view,,,"{""synthetic"": true, ""sequence"": 513}",2026-08-15T12:00:00+00:00
2000515,1000208,2025-06-12T01:43:54+00:00,product_view,https://northstar.example/product-view,,,"{""synthetic"": true, ""sequence"": 514}",2026-08-15T12:00:00+00:00
2000516,1000209,2025-04-23T03:24:17+00:00,page_view,https://northstar.example/page-view,,,"{""synthetic"": true, ""sequence"": 515}",2026-08-15T12:00:00+00:00
2000517,1000209,2025-04-23T03:25:11+00:00,product_view,https://northstar.example/product-view,,,"{""synthetic"": true, ""sequence"": 516}",2026-08-15T12:00:00+00:00
2000518,1000210,2025-07-08T08:46:53+00:00,page_view,https://northstar.example/page-view,,,"{""synthetic"": true, ""sequence"": 517}",2026-08-15T12:00:00+00:00
2000519,1000210,2025-07-08T08:47:10+00:00,product_view,https://northstar.example/product-view,,,"{""synthetic"": true, ""sequence"": 518}",2026-08-15T12:00:00+00:00
2000520,1000211,2025-02-23T23:40:20+00:00,page_view,https://northstar.example/page-view,,,"{""synthetic"": true, ""sequence"": 519}",2026-08-15T12:00:00+00:00
2000521,1000211,2025-02-23T23:40:46+00:00,product_view,https://northstar.example/product-view,,,"{""synthetic"": true, ""sequence"": 520}",2026-08-15T12:00:00+00:00
2000522,1000211,2025-02-23T23:41:55+00:00,add_to_cart,https://northstar.example/add-to-cart,,,"{""synthetic"": true, ""sequence"": 521}",2026-08-15T12:00:00+00:00
2000523,1000211,2025-02-23T23:42:59+00:00,checkout_start,https://northstar.example/checkout-start,,,"{""synthetic"": true, ""sequence"": 522}",2026-08-15T12:00:00+00:00
2000524,1000212,2026-05-05T05:03:59+00:00,page_view,https://northstar.example/page-view,,,"{""synthetic"": true, ""sequence"": 523}",2026-08-15T12:00:00+00:00
2000525,1000212,2026-05-05T05:05:02+00:00,product_view,https://northstar.example/product-view,,,"{""synthetic"": true, ""sequence"": 524}",2026-08-15T12:00:00+00:00
2000526,1000212,2026-05-05T05:05:38+00:00,add_to_cart,https://northstar.example/add-to-cart,,,"{""synthetic"": true, ""sequence"": 525}",2026-08-15T12:00:00+00:00
2000527,1000212,2026-05-05T05:06:46+00:00,checkout_start,https://northstar.example/checkout-start,,,"{""synthetic"": true, ""sequence"": 526}",2026-08-15T12:00:00+00:00
2000528,1000213,2025-10-30T00:39:22+00:00,page_view,https://northstar.example/page-view,,,"{""synthetic"": true, ""sequence"": 527}",2026-08-15T12:00:00+00:00
2000529,1000213,2025-10-30T00:39:41+00:00,product_view,https://northstar.example/product-view,,,"{""synthetic"": true, ""sequence"": 528}",2026-08-15T12:00:00+00:00
2000530,1000214,2026-06-26T01:14:08+00:00,page_view,https://northstar.example/page-view,,,"{""synthetic"": true, ""sequence"": 529}",2026-08-15T12:00:00+00:00
2000531,1000214,2026-06-26T01:14:10+00:00,product_view,https://northstar.example/product-view,,,"{""synthetic"": true, ""sequence"": 530}",2026-08-15T12:00:00+00:00
2000532,1000214,2026-06-26T01:15:24+00:00,add_to_cart,https://northstar.example/add-to-cart,,,"{""synthetic"": true, ""sequence"": 531}",2026-08-15T12:00:00+00:00
2000533,1000214,2026-06-26T01:15:50+00:00,checkout_start,https://northstar.example/checkout-start,,,"{""synthetic"": true, ""sequence"": 532}",2026-08-15T12:00:00+00:00
2000534,1000215,2026-06-17T23:38:34+00:00,page_view,https://northstar.example/page-view,,,"{""synthetic"": true, ""sequence"": 533}",2026-08-15T12:00:00+00:00
2000535,1000215,2026-06-17T23:39:43+00:00,product_view,https://northstar.example/product-view,,,"{""synthetic"": true, ""sequence"": 534}",2026-08-15T12:00:00+00:00
2000536,1000215,2026-06-17T23:40:14+00:00,add_to_cart,https://northstar.example/add-to-cart,,,"{""synthetic"": true, ""sequence"": 535}",2026-08-15T12:00:00+00:00
2000537,1000215,2026-06-17T23:40:33+00:00,checkout_start,https://northstar.example/checkout-start,,,"{""synthetic"": true, ""sequence"": 536}",2026-08-15T12:00:00+00:00
2000538,1000216,2025-12-22T16:06:33+00:00,page_view,https://northstar.example/page-view,,,"{""synthetic"": true, ""sequence"": 537}",2026-08-15T12:00:00+00:00
2000539,1000217,2025-06-22T16:03:55+00:00,page_view,https://northstar.example/page-view,,,"{""synthetic"": true, ""sequence"": 538}",2026-08-15T12:00:00+00:00
2000540,1000217,2025-06-22T16:04:30+00:00,product_view,https://northstar.example/product-view,,,"{""synthetic"": true, ""sequence"": 539}",2026-08-15T12:00:00+00:00
2000541,1000217,2025-06-22T16:05:36+00:00,add_to_cart,https://northstar.example/add-to-cart,,,"{""synthetic"": true, ""sequence"": 540}",2026-08-15T12:00:00+00:00
2000542,1000217,2025-06-22T16:06:19+00:00,checkout_start,https://northstar.example/checkout-start,,,"{""synthetic"": true, ""sequence"": 541}",2026-08-15T12:00:00+00:00
2000543,1000218,2025-11-25T13:29:31+00:00,page_view,https://northstar.example/page-view,,,"{""synthetic"": true, ""sequence"": 542}",2026-08-15T12:00:00+00:00
2000544,1000218,2025-11-25T13:30:23+00:00,product_view,https://northstar.example/product-view,,,"{""synthetic"": true, ""sequence"": 543}",2026-08-15T12:00:00+00:00
2000545,1000218,2025-11-25T13:30:49+00:00,add_to_cart,https://northstar.example/add-to-cart,,,"{""synthetic"": true, ""sequence"": 544}",2026-08-15T12:00:00+00:00
2000546,1000219,2026-04-24T03:12:55+00:00,page_view,https://northstar.example/page-view,,,"{""synthetic"": true, ""sequence"": 545}",2026-08-15T12:00:00+00:00
2000547,1000220,2025-11-04T05:35:19+00:00,page_view,https://northstar.example/page-view,,,"{""synthetic"": true, ""sequence"": 546}",2026-08-15T12:00:00+00:00
2000548,1000220,2025-11-04T05:36:26+00:00,product_view,https://northstar.example/product-view,,,"{""synthetic"": true, ""sequence"": 547}",2026-08-15T12:00:00+00:00
2000549,1000220,2025-11-04T05:36:49+00:00,add_to_cart,https://northstar.example/add-to-cart,,,"{""synthetic"": true, ""sequence"": 548}",2026-08-15T12:00:00+00:00
2000550,1000221,2026-04-09T16:11:22+00:00,page_view,https://northstar.example/page-view,,,"{""synthetic"": true, ""sequence"": 549}",2026-08-15T12:00:00+00:00
2000551,1000221,2026-04-09T16:11:34+00:00,product_view,https://northstar.example/product-view,,,"{""synthetic"": true, ""sequence"": 550}",2026-08-15T12:00:00+00:00
2000552,1000221,2026-04-09T16:12:08+00:00,add_to_cart,https://northstar.example/add-to-cart,,,"{""synthetic"": true, ""sequence"": 551}",2026-08-15T12:00:00+00:00
2000553,1000221,2026-04-09T16:12:21+00:00,checkout_start,https://northstar.example/checkout-start,,,"{""synthetic"": true, ""sequence"": 552}",2026-08-15T12:00:00+00:00
2000554,1000221,2026-04-09T16:13:17+00:00,purchase,https://northstar.example/purchase,,9000047.0,"{""synthetic"": true, ""sequence"": 553}",2026-08-15T12:00:00+00:00
2000555,1000222,2025-02-11T10:43:53+00:00,page_view,https://northstar.example/page-view,,,"{""synthetic"": true, ""sequence"": 554}",2026-08-15T12:00:00+00:00
2000556,1000222,2025-02-11T10:44:14+00:00,product_view,https://northstar.example/product-view,,,"{""synthetic"": true, ""sequence"": 555}",2026-08-15T12:00:00+00:00
2000557,1000222,2025-02-11T10:44:48+00:00,add_to_cart,https://northstar.example/add-to-cart,,,"{""synthetic"": true, ""sequence"": 556}",2026-08-15T12:00:00+00:00
2000558,1000223,2025-08-11T10:37:48+00:00,page_view,https://northstar.example/page-view,,,"{""synthetic"": true, ""sequence"": 557}",2026-08-15T12:00:00+00:00
2000559,1000224,2025-12-05T12:34:06+00:00,page_view,https://northstar.example/page-view,,,"{""synthetic"": true, ""sequence"": 558}",2026-08-15T12:00:00+00:00
2000560,1000225,2026-03-12T22:39:30+00:00,page_view,https://northstar.example/page-view,,,"{""synthetic"": true, ""sequence"": 559}",2026-08-15T12:00:00+00:00
2000561,1000225,2026-03-12T22:39:36+00:00,product_view,https://northstar.example/product-view,,,"{""synthetic"": true, ""sequence"": 560}",2026-08-15T12:00:00+00:00
2000562,1000225,2026-03-12T22:39:53+00:00,add_to_cart,https://northstar.example/add-to-cart,,,"{""synthetic"": true, ""sequence"": 561}",2026-08-15T12:00:00+00:00
2000563,1000225,2026-03-12T22:41:11+00:00,checkout_start,https://northstar.example/checkout-start,,,"{""synthetic"": true, ""sequence"": 562}",2026-08-15T12:00:00+00:00
2000564,1000226,2026-05-05T09:18:43+00:00,page_view,https://northstar.example/page-view,,,"{""synthetic"": true, ""sequence"": 563}",2026-08-15T12:00:00+00:00
2000565,1000226,2026-05-05T09:19:29+00:00,product_view,https://northstar.example/product-view,,,"{""synthetic"": true, ""sequence"": 564}",2026-08-15T12:00:00+00:00
2000566,1000227,2025-03-18T11:39:00+00:00,page_view,https://northstar.example/page-view,,,"{""synthetic"": true, ""sequence"": 565}",2026-08-15T12:00:00+00:00
2000567,1000227,2025-03-18T11:39:38+00:00,product_view,https://northstar.example/product-view,,,"{""synthetic"": true, ""sequence"": 566}",2026-08-15T12:00:00+00:00
2000568,1000227,2025-03-18T11:40:15+00:00,add_to_cart,https://northstar.example/add-to-cart,,,"{""synthetic"": true, ""sequence"": 567}",2026-08-15T12:00:00+00:00
2000569,1000227,2025-03-18T11:41:32+00:00,checkout_start,https://northstar.example/checkout-start,,,"{""synthetic"": true, ""sequence"": 568}",2026-08-15T12:00:00+00:00
2000570,1000228,2026-07-28T06:40:21+00:00,page_view,https://northstar.example/page-view,,,"{""synthetic"": true, ""sequence"": 569}",2026-08-15T12:00:00+00:00
2000571,1000228,2026-07-28T06:40:50+00:00,product_view,https://northstar.example/product-view,,,"{""synthetic"": true, ""sequence"": 570}",2026-08-15T12:00:00+00:00
2000572,1000229,2026-04-20T08:01:46+00:00,page_view,https://northstar.example/page-view,,,"{""synthetic"": true, ""sequence"": 571}",2026-08-15T12:00:00+00:00
2000573,1000229,2026-04-20T08:02:45+00:00,product_view,https://northstar.example/product-view,,,"{""synthetic"": true, ""sequence"": 572}",2026-08-15T12:00:00+00:00
2000574,1000229,2026-04-20T08:03:03+00:00,add_to_cart,https://northstar.example/add-to-cart,,,"{""synthetic"": true, ""sequence"": 573}",2026-08-15T12:00:00+00:00
2000575,1000229,2026-04-20T08:03:29+00:00,checkout_start,https://northstar.example/checkout-start,,,"{""synthetic"": true, ""sequence"": 574}",2026-08-15T12:00:00+00:00
2000576,1000230,2025-01-24T12:05:29+00:00,page_view,https://northstar.example/page-view,,,"{""synthetic"": true, ""sequence"": 575}",2026-08-15T12:00:00+00:00
2000577,1000230,2025-01-24T12:06:18+00:00,product_view,https://northstar.example/product-view,,,"{""synthetic"": true, ""sequence"": 576}",2026-08-15T12:00:00+00:00
2000578,1000231,2025-01-14T15:12:26+00:00,page_view,https://northstar.example/page-view,,,"{""synthetic"": true, ""sequence"": 577}",2026-08-15T12:00:00+00:00
2000579,1000231,2025-01-14T15:13:19+00:00,product_view,https://northstar.example/product-view,,,"{""synthetic"": true, ""sequence"": 578}",2026-08-15T12:00:00+00:00
2000580,1000231,2025-01-14T15:13:35+00:00,add_to_cart,https://northstar.example/add-to-cart,,,"{""synthetic"": true, ""sequence"": 579}",2026-08-15T12:00:00+00:00
2000581,1000232,2026-05-24T20:51:01+00:00,page_view,https://northstar.example/page-view,,,"{""synthetic"": true, ""sequence"": 580}",2026-08-15T12:00:00+00:00
2000582,1000232,2026-05-24T20:52:12+00:00,product_view,https://northstar.example/product-view,,,"{""synthetic"": true, ""sequence"": 581}",2026-08-15T12:00:00+00:00
2000583,1000233,2026-02-05T18:48:50+00:00,page_view,https://northstar.example/page-view,,,"{""synthetic"": true, ""sequence"": 582}",2026-08-15T12:00:00+00:00
2000584,1000233,2026-02-05T18:48:59+00:00,product_view,https://northstar.example/product-view,,,"{""synthetic"": true, ""sequence"": 583}",2026-08-15T12:00:00+00:00
2000585,1000233,2026-02-05T18:49:20+00:00,add_to_cart,https://northstar.example/add-to-cart,,,"{""synthetic"": true, ""sequence"": 584}",2026-08-15T12:00:00+00:00
2000586,1000233,2026-02-05T18:50:37+00:00,checkout_start,https://northstar.example/checkout-start,,,"{""synthetic"": true, ""sequence"": 585}",2026-08-15T12:00:00+00:00
2000587,1000234,2025-06-26T22:30:19+00:00,page_view,https://northstar.example/page-view,,,"{""synthetic"": true, ""sequence"": 586}",2026-08-15T12:00:00+00:00
2000588,1000234,2025-06-26T22:31:27+00:00,product_view,https://northstar.example/product-view,,,"{""synthetic"": true, ""sequence"": 587}",2026-08-15T12:00:00+00:00
2000589,1000234,2025-06-26T22:32:29+00:00,add_to_cart,https://northstar.example/add-to-cart,,,"{""synthetic"": true, ""sequence"": 588}",2026-08-15T12:00:00+00:00
2000590,1000235,2026-04-24T11:26:48+00:00,page_view,https://northstar.example/page-view,,,"{""synthetic"": true, ""sequence"": 589}",2026-08-15T12:00:00+00:00
2000591,1000235,2026-04-24T11:27:14+00:00,product_view,https://northstar.example/product-view,,,"{""synthetic"": true, ""sequence"": 590}",2026-08-15T12:00:00+00:00
2000592,1000235,2026-04-24T11:27:25+00:00,add_to_cart,https://northstar.example/add-to-cart,,,"{""synthetic"": true, ""sequence"": 591}",2026-08-15T12:00:00+00:00
2000593,1000236,2025-03-21T14:16:18+00:00,page_view,https://northstar.example/page-view,,,"{""synthetic"": true, ""sequence"": 592}",2026-08-15T12:00:00+00:00
2000594,1000237,2025-08-15T21:54:04+00:00,page_view,https://northstar.example/page-view,,,"{""synthetic"": true, ""sequence"": 593}",2026-08-15T12:00:00+00:00
2000595,1000238,2025-05-29T16:10:07+00:00,page_view,https://northstar.example/page-view,,,"{""synthetic"": true, ""sequence"": 594}",2026-08-15T12:00:00+00:00
2000596,1000238,2025-05-29T16:10:11+00:00,product_view,https://northstar.example/product-view,,,"{""synthetic"": true, ""sequence"": 595}",2026-08-15T12:00:00+00:00
2000597,1000239,2025-08-21T23:07:15+00:00,page_view,https://northstar.example/page-view,,,"{""synthetic"": true, ""sequence"": 596}",2026-08-15T12:00:00+00:00
2000598,1000240,2025-06-15T01:04:15+00:00,page_view,https://northstar.example/page-view,,,"{""synthetic"": true, ""sequence"": 597}",2026-08-15T12:00:00+00:00
2000599,1000240,2025-06-15T01:04:55+00:00,product_view,https://northstar.example/product-view,,,"{""synthetic"": true, ""sequence"": 598}",2026-08-15T12:00:00+00:00
2000600,1000240,2025-06-15T01:05:59+00:00,add_to_cart,https://northstar.example/add-to-cart,,,"{""synthetic"": true, ""sequence"": 599}",2026-08-15T12:00:00+00:00
2000601,1000240,2025-06-15T01:07:03+00:00,checkout_start,https://northstar.example/checkout-start,,,"{""synthetic"": true, ""sequence"": 600}",2026-08-15T12:00:00+00:00
2000602,1000241,2025-03-30T12:44:17+00:00,page_view,https://northstar.example/page-view,,,"{""synthetic"": true, ""sequence"": 601}",2026-08-15T12:00:00+00:00
2000603,1000241,2025-03-30T12:44:38+00:00,product_view,https://northstar.example/product-view,,,"{""synthetic"": true, ""sequence"": 602}",2026-08-15T12:00:00+00:00
2000604,1000241,2025-03-30T12:45:49+00:00,add_to_cart,https://northstar.example/add-to-cart,,,"{""synthetic"": true, ""sequence"": 603}",2026-08-15T12:00:00+00:00
2000605,1000242,2025-11-07T14:55:33+00:00,page_view,https://northstar.example/page-view,,,"{""synthetic"": true, ""sequence"": 604}",2026-08-15T12:00:00+00:00
2000606,1000243,2026-06-13T18:50:32+00:00,page_view,https://northstar.example/page-view,,,"{""synthetic"": true, ""sequence"": 605}",2026-08-15T12:00:00+00:00
2000607,1000243,2026-06-13T18:50:36+00:00,product_view,https://northstar.example/product-view,,,"{""synthetic"": true, ""sequence"": 606}",2026-08-15T12:00:00+00:00
2000608,1000243,2026-06-13T18:51:38+00:00,add_to_cart,https://northstar.example/add-to-cart,,,"{""synthetic"": true, ""sequence"": 607}",2026-08-15T12:00:00+00:00
2000609,1000244,2025-02-07T19:05:43+00:00,page_view,https://northstar.example/page-view,,,"{""synthetic"": true, ""sequence"": 608}",2026-08-15T12:00:00+00:00
2000610,1000244,2025-02-07T19:07:01+00:00,product_view,https://northstar.example/product-view,,,"{""synthetic"": true, ""sequence"": 609}",2026-08-15T12:00:00+00:00
2000611,1000245,2026-06-18T09:55:10+00:00,page_view,https://northstar.example/page-view,,,"{""synthetic"": true, ""sequence"": 610}",2026-08-15T12:00:00+00:00
2000612,1000245,2026-06-18T09:55:16+00:00,product_view,https://northstar.example/product-view,,,"{""synthetic"": true, ""sequence"": 611}",2026-08-15T12:00:00+00:00
2000613,1000245,2026-06-18T09:56:21+00:00,add_to_cart,https://northstar.example/add-to-cart,,,"{""synthetic"": true, ""sequence"": 612}",2026-08-15T12:00:00+00:00
2000614,1000245,2026-06-18T09:57:31+00:00,checkout_start,https://northstar.example/checkout-start,,,"{""synthetic"": true, ""sequence"": 613}",2026-08-15T12:00:00+00:00
2000615,1000245,2026-06-18T09:58:12+00:00,purchase,https://northstar.example/purchase,,9000189.0,"{""synthetic"": true, ""sequence"": 614}",2026-08-15T12:00:00+00:00
2000616,1000246,2025-06-21T15:30:37+00:00,page_view,https://northstar.example/page-view,,,"{""synthetic"": true, ""sequence"": 615}",2026-08-15T12:00:00+00:00
2000617,1000246,2025-06-21T15:30:41+00:00,product_view,https://northstar.example/product-view,,,"{""synthetic"": true, ""sequence"": 616}",2026-08-15T12:00:00+00:00
2000618,1000247,2025-10-19T04:47:44+00:00,page_view,https://northstar.example/page-view,,,"{""synthetic"": true, ""sequence"": 617}",2026-08-15T12:00:00+00:00
2000619,1000248,2026-03-09T22:46:22+00:00,page_view,https://northstar.example/page-view,,,"{""synthetic"": true, ""sequence"": 618}",2026-08-15T12:00:00+00:00
2000620,1000248,2026-03-09T22:46:33+00:00,product_view,https://northstar.example/product-view,,,"{""synthetic"": true, ""sequence"": 619}",2026-08-15T12:00:00+00:00
2000621,1000248,2026-03-09T22:47:11+00:00,add_to_cart,https://northstar.example/add-to-cart,,,"{""synthetic"": true, ""sequence"": 620}",2026-08-15T12:00:00+00:00
2000622,1000248,2026-03-09T22:47:46+00:00,checkout_start,https://northstar.example/checkout-start,,,"{""synthetic"": true, ""sequence"": 621}",2026-08-15T12:00:00+00:00
2000623,1000249,2025-12-07T19:47:18+00:00,page_view,https://northstar.example/page-view,,,"{""synthetic"": true, ""sequence"": 622}",2026-08-15T12:00:00+00:00
2000624,1000249,2025-12-07T19:47:46+00:00,product_view,https://northstar.example/product-view,,,"{""synthetic"": true, ""sequence"": 623}",2026-08-15T12:00:00+00:00
2000625,1000250,2026-04-05T21:53:19+00:00,page_view,https://northstar.example/page-view,,,"{""synthetic"": true, ""sequence"": 624}",2026-08-15T12:00:00+00:00
2000626,1000250,2026-04-05T21:54:10+00:00,product_view,https://northstar.example/product-view,,,"{""synthetic"": true, ""sequence"": 625}",2026-08-15T12:00:00+00:00
2000627,1000250,2026-04-05T21:54:38+00:00,add_to_cart,https://northstar.example/add-to-cart,,,"{""synthetic"": true, ""sequence"": 626}",2026-08-15T12:00:00+00:00
2000628,1000251,2026-06-03T17:20:13+00:00,page_view,https://northstar.example/page-view,,,"{""synthetic"": true, ""sequence"": 627}",2026-08-15T12:00:00+00:00
2000629,1000251,2026-06-03T17:20:28+00:00,product_view,https://northstar.example/product-view,,,"{""synthetic"": true, ""sequence"": 628}",2026-08-15T12:00:00+00:00
2000630,1000251,2026-06-03T17:21:00+00:00,add_to_cart,https://northstar.example/add-to-cart,,,"{""synthetic"": true, ""sequence"": 629}",2026-08-15T12:00:00+00:00
2000631,1000251,2026-06-03T17:21:19+00:00,checkout_start,https://northstar.example/checkout-start,,,"{""synthetic"": true, ""sequence"": 630}",2026-08-15T12:00:00+00:00
2000632,1000251,2026-06-03T17:22:15+00:00,purchase,https://northstar.example/purchase,,9000004.0,"{""synthetic"": true, ""sequence"": 631}",2026-08-15T12:00:00+00:00
2000633,1000252,2026-01-29T17:29:17+00:00,page_view,https://northstar.example/page-view,,,"{""synthetic"": true, ""sequence"": 632}",2026-08-15T12:00:00+00:00
2000634,1000253,2025-08-02T00:29:20+00:00,page_view,https://northstar.example/page-view,,,"{""synthetic"": true, ""sequence"": 633}",2026-08-15T12:00:00+00:00
2000635,1000253,2025-08-02T00:30:12+00:00,product_view,https://northstar.example/product-view,,,"{""synthetic"": true, ""sequence"": 634}",2026-08-15T12:00:00+00:00
2000636,1000253,2025-08-02T00:31:13+00:00,add_to_cart,https://northstar.example/add-to-cart,,,"{""synthetic"": true, ""sequence"": 635}",2026-08-15T12:00:00+00:00
2000637,1000253,2025-08-02T00:32:20+00:00,checkout_start,https://northstar.example/checkout-start,,,"{""synthetic"": true, ""sequence"": 636}",2026-08-15T12:00:00+00:00
2000638,1000254,2025-11-30T08:21:40+00:00,page_view,https://northstar.example/page-view,,,"{""synthetic"": true, ""sequence"": 637}",2026-08-15T12:00:00+00:00
2000639,1000254,2025-11-30T08:22:03+00:00,product_view,https://northstar.example/product-view,,,"{""synthetic"": true, ""sequence"": 638}",2026-08-15T12:00:00+00:00
2000640,1000255,2026-04-24T14:10:07+00:00,page_view,https://northstar.example/page-view,,,"{""synthetic"": true, ""sequence"": 639}",2026-08-15T12:00:00+00:00
2000641,1000256,2025-07-13T11:30:52+00:00,page_view,https://northstar.example/page-view,,,"{""synthetic"": true, ""sequence"": 640}",2026-08-15T12:00:00+00:00
2000642,1000256,2025-07-13T11:31:16+00:00,product_view,https://northstar.example/product-view,,,"{""synthetic"": true, ""sequence"": 641}",2026-08-15T12:00:00+00:00
2000643,1000256,2025-07-13T11:31:52+00:00,add_to_cart,https://northstar.example/add-to-cart,,,"{""synthetic"": true, ""sequence"": 642}",2026-08-15T12:00:00+00:00
2000644,1000256,2025-07-13T11:33:02+00:00,checkout_start,https://northstar.example/checkout-start,,,"{""synthetic"": true, ""sequence"": 643}",2026-08-15T12:00:00+00:00
2000645,1000257,2025-07-31T21:44:24+00:00,page_view,https://northstar.example/page-view,,,"{""synthetic"": true, ""sequence"": 644}",2026-08-15T12:00:00+00:00
2000646,1000257,2025-07-31T21:44:54+00:00,product_view,https://northstar.example/product-view,,,"{""synthetic"": true, ""sequence"": 645}",2026-08-15T12:00:00+00:00
2000647,1000257,2025-07-31T21:45:31+00:00,add_to_cart,https://northstar.example/add-to-cart,,,"{""synthetic"": true, ""sequence"": 646}",2026-08-15T12:00:00+00:00
2000648,1000257,2025-07-31T21:45:54+00:00,checkout_start,https://northstar.example/checkout-start,,,"{""synthetic"": true, ""sequence"": 647}",2026-08-15T12:00:00+00:00
2000649,1000258,2025-09-22T01:23:14+00:00,page_view,https://northstar.example/page-view,,,"{""synthetic"": true, ""sequence"": 648}",2026-08-15T12:00:00+00:00
2000650,1000258,2025-09-22T01:23:59+00:00,product_view,https://northstar.example/product-view,,,"{""synthetic"": true, ""sequence"": 649}",2026-08-15T12:00:00+00:00
2000651,1000258,2025-09-22T01:24:11+00:00,add_to_cart,https://northstar.example/add-to-cart,,,"{""synthetic"": true, ""sequence"": 650}",2026-08-15T12:00:00+00:00
2000652,1000258,2025-09-22T01:25:29+00:00,checkout_start,https://northstar.example/checkout-start,,,"{""synthetic"": true, ""sequence"": 651}",2026-08-15T12:00:00+00:00
2000653,1000259,2025-08-22T10:56:58+00:00,page_view,https://northstar.example/page-view,,,"{""synthetic"": true, ""sequence"": 652}",2026-08-15T12:00:00+00:00
2000654,1000259,2025-08-22T10:58:17+00:00,product_view,https://northstar.example/product-view,,,"{""synthetic"": true, ""sequence"": 653}",2026-08-15T12:00:00+00:00
2000655,1000259,2025-08-22T10:58:41+00:00,add_to_cart,https://northstar.example/add-to-cart,,,"{""synthetic"": true, ""sequence"": 654}",2026-08-15T12:00:00+00:00
2000656,1000260,2026-02-09T12:12:13+00:00,page_view,https://northstar.example/page-view,,,"{""synthetic"": true, ""sequence"": 655}",2026-08-15T12:00:00+00:00
2000657,1000260,2026-02-09T12:12:19+00:00,product_view,https://northstar.example/product-view,,,"{""synthetic"": true, ""sequence"": 656}",2026-08-15T12:00:00+00:00
2000658,1000260,2026-02-09T12:12:45+00:00,add_to_cart,https://northstar.example/add-to-cart,,,"{""synthetic"": true, ""sequence"": 657}",2026-08-15T12:00:00+00:00
2000659,1000260,2026-02-09T12:12:58+00:00,checkout_start,https://northstar.example/checkout-start,,,"{""synthetic"": true, ""sequence"": 658}",2026-08-15T12:00:00+00:00
2000660,1000261,2026-02-17T02:24:48+00:00,page_view,https://northstar.example/page-view,,,"{""synthetic"": true, ""sequence"": 659}",2026-08-15T12:00:00+00:00
2000661,1000261,2026-02-17T02:24:57+00:00,product_view,https://northstar.example/product-view,,,"{""synthetic"": true, ""sequence"": 660}",2026-08-15T12:00:00+00:00
2000662,1000261,2026-02-17T02:25:00+00:00,add_to_cart,https://northstar.example/add-to-cart,,,"{""synthetic"": true, ""sequence"": 661}",2026-08-15T12:00:00+00:00
2000663,1000261,2026-02-17T02:25:49+00:00,checkout_start,https://northstar.example/checkout-start,,,"{""synthetic"": true, ""sequence"": 662}",2026-08-15T12:00:00+00:00
2000664,1000262,2026-07-09T10:49:27+00:00,page_view,https://northstar.example/page-view,,,"{""synthetic"": true, ""sequence"": 663}",2026-08-15T12:00:00+00:00
2000665,1000263,2025-12-11T04:19:28+00:00,page_view,https://northstar.example/page-view,,,"{""synthetic"": true, ""sequence"": 664}",2026-08-15T12:00:00+00:00
2000666,1000263,2025-12-11T04:20:29+00:00,product_view,https://northstar.example/product-view,,,"{""synthetic"": true, ""sequence"": 665}",2026-08-15T12:00:00+00:00
2000667,1000264,2025-05-02T11:53:49+00:00,page_view,https://northstar.example/page-view,,,"{""synthetic"": true, ""sequence"": 666}",2026-08-15T12:00:00+00:00
2000668,1000265,2025-07-17T14:01:02+00:00,page_view,https://northstar.example/page-view,,,"{""synthetic"": true, ""sequence"": 667}",2026-08-15T12:00:00+00:00
2000669,1000265,2025-07-17T14:01:16+00:00,product_view,https://northstar.example/product-view,,,"{""synthetic"": true, ""sequence"": 668}",2026-08-15T12:00:00+00:00
2000670,1000265,2025-07-17T14:01:22+00:00,add_to_cart,https://northstar.example/add-to-cart,,,"{""synthetic"": true, ""sequence"": 669}",2026-08-15T12:00:00+00:00
2000671,1000265,2025-07-17T14:01:30+00:00,checkout_start,https://northstar.example/checkout-start,,,"{""synthetic"": true, ""sequence"": 670}",2026-08-15T12:00:00+00:00
2000672,1000265,2025-07-17T14:01:42+00:00,purchase,https://northstar.example/purchase,,9000034.0,"{""synthetic"": true, ""sequence"": 671}",2026-08-15T12:00:00+00:00
2000673,1000266,2025-02-27T18:35:56+00:00,page_view,https://northstar.example/page-view,,,"{""synthetic"": true, ""sequence"": 672}",2026-08-15T12:00:00+00:00
2000674,1000266,2025-02-27T18:35:59+00:00,product_view,https://northstar.example/product-view,,,"{""synthetic"": true, ""sequence"": 673}",2026-08-15T12:00:00+00:00
2000675,1000266,2025-02-27T18:36:11+00:00,add_to_cart,https://northstar.example/add-to-cart,,,"{""synthetic"": true, ""sequence"": 674}",2026-08-15T12:00:00+00:00
2000676,1000266,2025-02-27T18:36:51+00:00,checkout_start,https://northstar.example/checkout-start,,,"{""synthetic"": true, ""sequence"": 675}",2026-08-15T12:00:00+00:00
2000677,1000266,2025-02-27T18:36:58+00:00,purchase,https://northstar.example/purchase,,9000034.0,"{""synthetic"": true, ""sequence"": 676}",2026-08-15T12:00:00+00:00
2000678,1000267,2026-02-09T20:30:33+00:00,page_view,https://northstar.example/page-view,,,"{""synthetic"": true, ""sequence"": 677}",2026-08-15T12:00:00+00:00
2000679,1000267,2026-02-09T20:31:34+00:00,product_view,https://northstar.example/product-view,,,"{""synthetic"": true, ""sequence"": 678}",2026-08-15T12:00:00+00:00
2000680,1000268,2025-01-13T07:49:49+00:00,page_view,https://northstar.example/page-view,,,"{""synthetic"": true, ""sequence"": 679}",2026-08-15T12:00:00+00:00
2000681,1000268,2025-01-13T07:50:40+00:00,product_view,https://northstar.example/product-view,,,"{""synthetic"": true, ""sequence"": 680}",2026-08-15T12:00:00+00:00
2000682,1000269,2025-10-12T18:47:56+00:00,page_view,https://northstar.example/page-view,,,"{""synthetic"": true, ""sequence"": 681}",2026-08-15T12:00:00+00:00
2000683,1000269,2025-10-12T18:48:05+00:00,product_view,https://northstar.example/product-view,,,"{""synthetic"": true, ""sequence"": 682}",2026-08-15T12:00:00+00:00
2000684,1000269,2025-10-12T18:48:55+00:00,add_to_cart,https://northstar.example/add-to-cart,,,"{""synthetic"": true, ""sequence"": 683}",2026-08-15T12:00:00+00:00
2000685,1000269,2025-10-12T18:49:39+00:00,checkout_start,https://northstar.example/checkout-start,,,"{""synthetic"": true, ""sequence"": 684}",2026-08-15T12:00:00+00:00
2000686,1000270,2025-05-20T16:47:16+00:00,page_view,https://northstar.example/page-view,,,"{""synthetic"": true, ""sequence"": 685}",2026-08-15T12:00:00+00:00
2000687,1000270,2025-05-20T16:48:30+00:00,product_view,https://northstar.example/product-view,,,"{""synthetic"": true, ""sequence"": 686}",2026-08-15T12:00:00+00:00
2000688,1000270,2025-05-20T16:48:35+00:00,add_to_cart,https://northstar.example/add-to-cart,,,"{""synthetic"": true, ""sequence"": 687}",2026-08-15T12:00:00+00:00
2000689,1000271,2026-01-11T22:38:50+00:00,page_view,https://northstar.example/page-view,,,"{""synthetic"": true, ""sequence"": 688}",2026-08-15T12:00:00+00:00
2000690,1000272,2026-04-27T21:01:38+00:00,page_view,https://northstar.example/page-view,,,"{""synthetic"": true, ""sequence"": 689}",2026-08-15T12:00:00+00:00
2000691,1000272,2026-04-27T21:02:32+00:00,product_view,https://northstar.example/product-view,,,"{""synthetic"": true, ""sequence"": 690}",2026-08-15T12:00:00+00:00
2000692,1000273,2026-06-08T13:44:26+00:00,page_view,https://northstar.example/page-view,,,"{""synthetic"": true, ""sequence"": 691}",2026-08-15T12:00:00+00:00
2000693,1000273,2026-06-08T13:45:05+00:00,product_view,https://northstar.example/product-view,,,"{""synthetic"": true, ""sequence"": 692}",2026-08-15T12:00:00+00:00
2000694,1000273,2026-06-08T13:45:42+00:00,add_to_cart,https://northstar.example/add-to-cart,,,"{""synthetic"": true, ""sequence"": 693}",2026-08-15T12:00:00+00:00
2000695,1000274,2026-07-16T04:46:34+00:00,page_view,https://northstar.example/page-view,,,"{""synthetic"": true, ""sequence"": 694}",2026-08-15T12:00:00+00:00
2000696,1000275,2025-08-18T07:48:49+00:00,page_view,https://northstar.example/page-view,,,"{""synthetic"": true, ""sequence"": 695}",2026-08-15T12:00:00+00:00
2000697,1000276,2025-02-02T17:52:57+00:00,page_view,https://northstar.example/page-view,,,"{""synthetic"": true, ""sequence"": 696}",2026-08-15T12:00:00+00:00
2000698,1000277,2025-05-25T02:37:04+00:00,page_view,https://northstar.example/page-view,,,"{""synthetic"": true, ""sequence"": 697}",2026-08-15T12:00:00+00:00
2000699,1000277,2025-05-25T02:37:48+00:00,product_view,https://northstar.example/product-view,,,"{""synthetic"": true, ""sequence"": 698}",2026-08-15T12:00:00+00:00
2000700,1000278,2026-06-17T20:37:43+00:00,page_view,https://northstar.example/page-view,,,"{""synthetic"": true, ""sequence"": 699}",2026-08-15T12:00:00+00:00
2000701,1000278,2026-06-17T20:37:46+00:00,product_view,https://northstar.example/product-view,,,"{""synthetic"": true, ""sequence"": 700}",2026-08-15T12:00:00+00:00
2000702,1000278,2026-06-17T20:38:03+00:00,add_to_cart,https://northstar.example/add-to-cart,,,"{""synthetic"": true, ""sequence"": 701}",2026-08-15T12:00:00+00:00
2000703,1000278,2026-06-17T20:39:02+00:00,checkout_start,https://northstar.example/checkout-start,,,"{""synthetic"": true, ""sequence"": 702}",2026-08-15T12:00:00+00:00
2000704,1000279,2025-09-12T14:24:26+00:00,page_view,https://northstar.example/page-view,,,"{""synthetic"": true, ""sequence"": 703}",2026-08-15T12:00:00+00:00
2000705,1000279,2025-09-12T14:25:27+00:00,product_view,https://northstar.example/product-view,,,"{""synthetic"": true, ""sequence"": 704}",2026-08-15T12:00:00+00:00
2000706,1000279,2025-09-12T14:26:35+00:00,add_to_cart,https://northstar.example/add-to-cart,,,"{""synthetic"": true, ""sequence"": 705}",2026-08-15T12:00:00+00:00
2000707,1000279,2025-09-12T14:27:55+00:00,checkout_start,https://northstar.example/checkout-start,,,"{""synthetic"": true, ""sequence"": 706}",2026-08-15T12:00:00+00:00
2000708,1000280,2025-10-07T00:20:21+00:00,page_view,https://northstar.example/page-view,,,"{""synthetic"": true, ""sequence"": 707}",2026-08-15T12:00:00+00:00
2000709,1000280,2025-10-07T00:21:05+00:00,product_view,https://northstar.example/product-view,,,"{""synthetic"": true, ""sequence"": 708}",2026-08-15T12:00:00+00:00
2000710,1000281,2025-06-19T20:02:56+00:00,page_view,https://northstar.example/page-view,,,"{""synthetic"": true, ""sequence"": 709}",2026-08-15T12:00:00+00:00
2000711,1000281,2025-06-19T20:03:59+00:00,product_view,https://northstar.example/product-view,,,"{""synthetic"": true, ""sequence"": 710}",2026-08-15T12:00:00+00:00
2000712,1000281,2025-06-19T20:04:40+00:00,add_to_cart,https://northstar.example/add-to-cart,,,"{""synthetic"": true, ""sequence"": 711}",2026-08-15T12:00:00+00:00
2000713,1000281,2025-06-19T20:05:14+00:00,checkout_start,https://northstar.example/checkout-start,,,"{""synthetic"": true, ""sequence"": 712}",2026-08-15T12:00:00+00:00
2000714,1000281,2025-06-19T20:05:24+00:00,purchase,https://northstar.example/purchase,,9000033.0,"{""synthetic"": true, ""sequence"": 713}",2026-08-15T12:00:00+00:00
2000715,1000282,2026-03-06T09:02:19+00:00,page_view,https://northstar.example/page-view,,,"{""synthetic"": true, ""sequence"": 714}",2026-08-15T12:00:00+00:00
2000716,1000283,2025-07-16T07:45:27+00:00,page_view,https://northstar.example/page-view,,,"{""synthetic"": true, ""sequence"": 715}",2026-08-15T12:00:00+00:00
2000717,1000283,2025-07-16T07:45:29+00:00,product_view,https://northstar.example/product-view,,,"{""synthetic"": true, ""sequence"": 716}",2026-08-15T12:00:00+00:00
2000718,1000283,2025-07-16T07:45:43+00:00,add_to_cart,https://northstar.example/add-to-cart,,,"{""synthetic"": true, ""sequence"": 717}",2026-08-15T12:00:00+00:00
2000719,1000283,2025-07-16T07:46:16+00:00,checkout_start,https://northstar.example/checkout-start,,,"{""synthetic"": true, ""sequence"": 718}",2026-08-15T12:00:00+00:00
2000720,1000284,2025-03-07T02:56:51+00:00,page_view,https://northstar.example/page-view,,,"{""synthetic"": true, ""sequence"": 719}",2026-08-15T12:00:00+00:00
2000721,1000285,2026-01-15T08:54:57+00:00,page_view,https://northstar.example/page-view,,,"{""synthetic"": true, ""sequence"": 720}",2026-08-15T12:00:00+00:00
2000722,1000286,2026-02-20T10:20:24+00:00,page_view,https://northstar.example/page-view,,,"{""synthetic"": true, ""sequence"": 721}",2026-08-15T12:00:00+00:00
2000723,1000286,2026-02-20T10:20:43+00:00,product_view,https://northstar.example/product-view,,,"{""synthetic"": true, ""sequence"": 722}",2026-08-15T12:00:00+00:00
2000724,1000287,2026-04-07T02:17:56+00:00,page_view,https://northstar.example/page-view,,,"{""synthetic"": true, ""sequence"": 723}",2026-08-15T12:00:00+00:00
2000725,1000288,2026-05-22T03:46:13+00:00,page_view,https://northstar.example/page-view,,,"{""synthetic"": true, ""sequence"": 724}",2026-08-15T12:00:00+00:00
2000726,1000289,2025-09-07T10:28:36+00:00,page_view,https://northstar.example/page-view,,,"{""synthetic"": true, ""sequence"": 725}",2026-08-15T12:00:00+00:00
2000727,1000289,2025-09-07T10:29:49+00:00,product_view,https://northstar.example/product-view,,,"{""synthetic"": true, ""sequence"": 726}",2026-08-15T12:00:00+00:00
2000728,1000289,2025-09-07T10:31:09+00:00,add_to_cart,https://northstar.example/add-to-cart,,,"{""synthetic"": true, ""sequence"": 727}",2026-08-15T12:00:00+00:00
2000729,1000290,2025-08-19T05:45:32+00:00,page_view,https://northstar.example/page-view,,,"{""synthetic"": true, ""sequence"": 728}",2026-08-15T12:00:00+00:00
2000730,1000290,2025-08-19T05:46:12+00:00,product_view,https://northstar.example/product-view,,,"{""synthetic"": true, ""sequence"": 729}",2026-08-15T12:00:00+00:00
2000731,1000290,2025-08-19T05:47:31+00:00,add_to_cart,https://northstar.example/add-to-cart,,,"{""synthetic"": true, ""sequence"": 730}",2026-08-15T12:00:00+00:00
2000732,1000291,2025-02-18T01:29:46+00:00,page_view,https://northstar.example/page-view,,,"{""synthetic"": true, ""sequence"": 731}",2026-08-15T12:00:00+00:00
2000733,1000291,2025-02-18T01:30:52+00:00,product_view,https://northstar.example/product-view,,,"{""synthetic"": true, ""sequence"": 732}",2026-08-15T12:00:00+00:00
2000734,1000291,2025-02-18T01:31:25+00:00,add_to_cart,https://northstar.example/add-to-cart,,,"{""synthetic"": true, ""sequence"": 733}",2026-08-15T12:00:00+00:00
2000735,1000292,2025-05-20T14:09:36+00:00,page_view,https://northstar.example/page-view,,,"{""synthetic"": true, ""sequence"": 734}",2026-08-15T12:00:00+00:00
2000736,1000292,2025-05-20T14:10:00+00:00,product_view,https://northstar.example/product-view,,,"{""synthetic"": true, ""sequence"": 735}",2026-08-15T12:00:00+00:00
2000737,1000293,2026-06-06T14:35:33+00:00,page_view,https://northstar.example/page-view,,,"{""synthetic"": true, ""sequence"": 736}",2026-08-15T12:00:00+00:00
2000738,1000293,2026-06-06T14:36:10+00:00,product_view,https://northstar.example/product-view,,,"{""synthetic"": true, ""sequence"": 737}",2026-08-15T12:00:00+00:00
2000739,1000294,2025-12-31T04:23:56+00:00,page_view,https://northstar.example/page-view,,,"{""synthetic"": true, ""sequence"": 738}",2026-08-15T12:00:00+00:00
2000740,1000295,2026-04-03T18:44:47+00:00,page_view,https://northstar.example/page-view,,,"{""synthetic"": true, ""sequence"": 739}",2026-08-15T12:00:00+00:00
2000741,1000295,2026-04-03T18:44:55+00:00,product_view,https://northstar.example/product-view,,,"{""synthetic"": true, ""sequence"": 740}",2026-08-15T12:00:00+00:00
2000742,1000295,2026-04-03T18:45:33+00:00,add_to_cart,https://northstar.example/add-to-cart,,,"{""synthetic"": true, ""sequence"": 741}",2026-08-15T12:00:00+00:00
2000743,1000296,2025-12-08T15:56:54+00:00,page_view,https://northstar.example/page-view,,,"{""synthetic"": true, ""sequence"": 742}",2026-08-15T12:00:00+00:00
2000744,1000297,2026-05-01T10:14:22+00:00,page_view,https://northstar.example/page-view,,,"{""synthetic"": true, ""sequence"": 743}",2026-08-15T12:00:00+00:00
2000745,1000297,2026-05-01T10:14:58+00:00,product_view,https://northstar.example/product-view,,,"{""synthetic"": true, ""sequence"": 744}",2026-08-15T12:00:00+00:00
2000746,1000298,2025-12-20T10:38:33+00:00,page_view,https://northstar.example/page-view,,,"{""synthetic"": true, ""sequence"": 745}",2026-08-15T12:00:00+00:00
2000747,1000298,2025-12-20T10:39:45+00:00,product_view,https://northstar.example/product-view,,,"{""synthetic"": true, ""sequence"": 746}",2026-08-15T12:00:00+00:00
2000748,1000298,2025-12-20T10:40:35+00:00,add_to_cart,https://northstar.example/add-to-cart,,,"{""synthetic"": true, ""sequence"": 747}",2026-08-15T12:00:00+00:00
2000749,1000299,2025-06-15T01:28:11+00:00,page_view,https://northstar.example/page-view,,,"{""synthetic"": true, ""sequence"": 748}",2026-08-15T12:00:00+00:00
2000750,1000299,2025-06-15T01:28:18+00:00,product_view,https://northstar.example/product-view,,,"{""synthetic"": true, ""sequence"": 749}",2026-08-15T12:00:00+00:00
2000751,1000299,2025-06-15T01:29:27+00:00,add_to_cart,https://northstar.example/add-to-cart,,,"{""synthetic"": true, ""sequence"": 750}",2026-08-15T12:00:00+00:00
2000752,1000300,2026-04-03T04:37:46+00:00,page_view,https://northstar.example/page-view,,,"{""synthetic"": true, ""sequence"": 751}",2026-08-15T12:00:00+00:00
2000753,1000300,2026-04-03T04:38:08+00:00,product_view,https://northstar.example/product-view,,,"{""synthetic"": true, ""sequence"": 752}",2026-08-15T12:00:00+00:00
2000754,1000300,2026-04-03T04:38:56+00:00,add_to_cart,https://northstar.example/add-to-cart,,,"{""synthetic"": true, ""sequence"": 753}",2026-08-15T12:00:00+00:00
2000755,1000300,2026-04-03T04:38:58+00:00,checkout_start,https://northstar.example/checkout-start,,,"{""synthetic"": true, ""sequence"": 754}",2026-08-15T12:00:00+00:00
