date_key,full_date,day_number,day_name,week_number,month_number,month_name,quarter_number,calendar_year,is_weekend,load_timestamp_utc,batch_id,source_system
0,1900-01-01,1,Unknown,1,1,Unknown,1,1900,False,2026-08-15T12:00:00+00:00,SYSTEM,SYSTEM
20200101,2020-01-01,1,Wednesday,1,1,January,1,2020,False,2026-08-15T12:00:00+00:00,GEN-20260815T120000Z-bcb100dcba34,GENERATED
20200102,2020-01-02,2,Thursday,1,1,January,1,2020,False,2026-08-15T12:00:00+00:00,GEN-20260815T120000Z-bcb100dcba34,GENERATED
20200103,2020-01-03,3,Friday,1,1,January,1,2020,False,2026-08-15T12:00:00+00:00,GEN-20260815T120000Z-bcb100dcba34,GENERATED
20200104,2020-01-04,4,Saturday,1,1,January,1,2020,True,2026-08-15T12:00:00+00:00,GEN-20260815T120000Z-bcb100dcba34,GENERATED
20200105,2020-01-05,5,Sunday,1,1,January,1,2020,True,2026-08-15T12:00:00+00:00,GEN-20260815T120000Z-bcb100dcba34,GENERATED
20200106,2020-01-06,6,Monday,2,1,January,1,2020,False,2026-08-15T12:00:00+00:00,GEN-20260815T120000Z-bcb100dcba34,GENERATED
20200107,2020-01-07,7,Tuesday,2,1,January,1,2020,False,2026-08-15T12:00:00+00:00,GEN-20260815T120000Z-bcb100dcba34,GENERATED
20200108,2020-01-08,8,Wednesday,2,1,January,1,2020,False,2026-08-15T12:00:00+00:00,GEN-20260815T120000Z-bcb100dcba34,GENERATED
20200109,2020-01-09,9,Thursday,2,1,January,1,2020,False,2026-08-15T12:00:00+00:00,GEN-20260815T120000Z-bcb100dcba34,GENERATED
20200110,2020-01-10,10,Friday,2,1,January,1,2020,False,2026-08-15T12:00:00+00:00,GEN-20260815T120000Z-bcb100dcba34,GENERATED
20200111,2020-01-11,11,Saturday,2,1,January,1,2020,True,2026-08-15T12:00:00+00:00,GEN-20260815T120000Z-bcb100dcba34,GENERATED
20200112,2020-01-12,12,Sunday,2,1,January,1,2020,True,2026-08-15T12:00:00+00:00,GEN-20260815T120000Z-bcb100dcba34,GENERATED
20200113,2020-01-13,13,Monday,3,1,January,1,2020,False,2026-08-15T12:00:00+00:00,GEN-20260815T120000Z-bcb100dcba34,GENERATED
20200114,2020-01-14,14,Tuesday,3,1,January,1,2020,False,2026-08-15T12:00:00+00:00,GEN-20260815T120000Z-bcb100dcba34,GENERATED
20200115,2020-01-15,15,Wednesday,3,1,January,1,2020,False,2026-08-15T12:00:00+00:00,GEN-20260815T120000Z-bcb100dcba34,GENERATED
20200116,2020-01-16,16,Thursday,3,1,January,1,2020,False,2026-08-15T12:00:00+00:00,GEN-20260815T120000Z-bcb100dcba34,GENERATED
20200117,2020-01-17,17,Friday,3,1,January,1,2020,False,2026-08-15T12:00:00+00:00,GEN-20260815T120000Z-bcb100dcba34,GENERATED
20200118,2020-01-18,18,Saturday,3,1,January,1,2020,True,2026-08-15T12:00:00+00:00,GEN-20260815T120000Z-bcb100dcba34,GENERATED
20200119,2020-01-19,19,Sunday,3,1,January,1,2020,True,2026-08-15T12:00:00+00:00,GEN-20260815T120000Z-bcb100dcba34,GENERATED
20200120,2020-01-20,20,Monday,4,1,January,1,2020,False,2026-08-15T12:00:00+00:00,GEN-20260815T120000Z-bcb100dcba34,GENERATED
20200121,2020-01-21,21,Tuesday,4,1,January,1,2020,False,2026-08-15T12:00:00+00:00,GEN-20260815T120000Z-bcb100dcba34,GENERATED
20200122,2020-01-22,22,Wednesday,4,1,January,1,2020,False,2026-08-15T12:00:00+00:00,GEN-20260815T120000Z-bcb100dcba34,GENERATED
20200123,2020-01-23,23,Thursday,4,1,January,1,2020,False,2026-08-15T12:00:00+00:00,GEN-20260815T120000Z-bcb100dcba34,GENERATED
20200124,2020-01-24,24,Friday,4,1,January,1,2020,False,2026-08-15T12:00:00+00:00,GEN-20260815T120000Z-bcb100dcba34,GENERATED
20200125,2020-01-25,25,Saturday,4,1,January,1,2020,True,2026-08-15T12:00:00+00:00,GEN-20260815T120000Z-bcb100dcba34,GENERATED
20200126,2020-01-26,26,Sunday,4,1,January,1,2020,True,2026-08-15T12:00:00+00:00,GEN-20260815T120000Z-bcb100dcba34,GENERATED
20200127,2020-01-27,27,Monday,5,1,January,1,2020,False,2026-08-15T12:00:00+00:00,GEN-20260815T120000Z-bcb100dcba34,GENERATED
20200128,2020-01-28,28,Tuesday,5,1,January,1,2020,False,2026-08-15T12:00:00+00:00,GEN-20260815T120000Z-bcb100dcba34,GENERATED
20200129,2020-01-29,29,Wednesday,5,1,January,1,2020,False,2026-08-15T12:00:00+00:00,GEN-20260815T120000Z-bcb100dcba34,GENERATED
20200130,2020-01-30,30,Thursday,5,1,January,1,2020,False,2026-08-15T12:00:00+00:00,GEN-20260815T120000Z-bcb100dcba34,GENERATED
20200131,2020-01-31,31,Friday,5,1,January,1,2020,False,2026-08-15T12:00:00+00:00,GEN-20260815T120000Z-bcb100dcba34,GENERATED
20200201,2020-02-01,1,Saturday,5,2,February,1,2020,True,2026-08-15T12:00:00+00:00,GEN-20260815T120000Z-bcb100dcba34,GENERATED
20200202,2020-02-02,2,Sunday,5,2,February,1,2020,True,2026-08-15T12:00:00+00:00,GEN-20260815T120000Z-bcb100dcba34,GENERATED
20200203,2020-02-03,3,Monday,6,2,February,1,2020,False,2026-08-15T12:00:00+00:00,GEN-20260815T120000Z-bcb100dcba34,GENERATED
20200204,2020-02-04,4,Tuesday,6,2,February,1,2020,False,2026-08-15T12:00:00+00:00,GEN-20260815T120000Z-bcb100dcba34,GENERATED
20200205,2020-02-05,5,Wednesday,6,2,February,1,2020,False,2026-08-15T12:00:00+00:00,GEN-20260815T120000Z-bcb100dcba34,GENERATED
20200206,2020-02-06,6,Thursday,6,2,February,1,2020,False,2026-08-15T12:00:00+00:00,GEN-20260815T120000Z-bcb100dcba34,GENERATED
20200207,2020-02-07,7,Friday,6,2,February,1,2020,False,2026-08-15T12:00:00+00:00,GEN-20260815T120000Z-bcb100dcba34,GENERATED
20200208,2020-02-08,8,Saturday,6,2,February,1,2020,True,2026-08-15T12:00:00+00:00,GEN-20260815T120000Z-bcb100dcba34,GENERATED
20200209,2020-02-09,9,Sunday,6,2,February,1,2020,True,2026-08-15T12:00:00+00:00,GEN-20260815T120000Z-bcb100dcba34,GENERATED
20200210,2020-02-10,10,Monday,7,2,February,1,2020,False,2026-08-15T12:00:00+00:00,GEN-20260815T120000Z-bcb100dcba34,GENERATED
20200211,2020-02-11,11,Tuesday,7,2,February,1,2020,False,2026-08-15T12:00:00+00:00,GEN-20260815T120000Z-bcb100dcba34,GENERATED
20200212,2020-02-12,12,Wednesday,7,2,February,1,2020,False,2026-08-15T12:00:00+00:00,GEN-20260815T120000Z-bcb100dcba34,GENERATED
20200213,2020-02-13,13,Thursday,7,2,February,1,2020,False,2026-08-15T12:00:00+00:00,GEN-20260815T120000Z-bcb100dcba34,GENERATED
20200214,2020-02-14,14,Friday,7,2,February,1,2020,False,2026-08-15T12:00:00+00:00,GEN-20260815T120000Z-bcb100dcba34,GENERATED
20200215,2020-02-15,15,Saturday,7,2,February,1,2020,True,2026-08-15T12:00:00+00:00,GEN-20260815T120000Z-bcb100dcba34,GENERATED
20200216,2020-02-16,16,Sunday,7,2,February,1,2020,True,2026-08-15T12:00:00+00:00,GEN-20260815T120000Z-bcb100dcba34,GENERATED
20200217,2020-02-17,17,Monday,8,2,February,1,2020,False,2026-08-15T12:00:00+00:00,GEN-20260815T120000Z-bcb100dcba34,GENERATED
20200218,2020-02-18,18,Tuesday,8,2,February,1,2020,False,2026-08-15T12:00:00+00:00,GEN-20260815T120000Z-bcb100dcba34,GENERATED
20200219,2020-02-19,19,Wednesday,8,2,February,1,2020,False,2026-08-15T12:00:00+00:00,GEN-20260815T120000Z-bcb100dcba34,GENERATED
20200220,2020-02-20,20,Thursday,8,2,February,1,2020,False,2026-08-15T12:00:00+00:00,GEN-20260815T120000Z-bcb100dcba34,GENERATED
20200221,2020-02-21,21,Friday,8,2,February,1,2020,False,2026-08-15T12:00:00+00:00,GEN-20260815T120000Z-bcb100dcba34,GENERATED
20200222,2020-02-22,22,Saturday,8,2,February,1,2020,True,2026-08-15T12:00:00+00:00,GEN-20260815T120000Z-bcb100dcba34,GENERATED
20200223,2020-02-23,23,Sunday,8,2,February,1,2020,True,2026-08-15T12:00:00+00:00,GEN-20260815T120000Z-bcb100dcba34,GENERATED
20200224,2020-02-24,24,Monday,9,2,February,1,2020,False,2026-08-15T12:00:00+00:00,GEN-20260815T120000Z-bcb100dcba34,GENERATED
20200225,2020-02-25,25,Tuesday,9,2,February,1,2020,False,2026-08-15T12:00:00+00:00,GEN-20260815T120000Z-bcb100dcba34,GENERATED
20200226,2020-02-26,26,Wednesday,9,2,February,1,2020,False,2026-08-15T12:00:00+00:00,GEN-20260815T120000Z-bcb100dcba34,GENERATED
20200227,2020-02-27,27,Thursday,9,2,February,1,2020,False,2026-08-15T12:00:00+00:00,GEN-20260815T120000Z-bcb100dcba34,GENERATED
20200228,2020-02-28,28,Friday,9,2,February,1,2020,False,2026-08-15T12:00:00+00:00,GEN-20260815T120000Z-bcb100dcba34,GENERATED
20200229,2020-02-29,29,Saturday,9,2,February,1,2020,True,2026-08-15T12:00:00+00:00,GEN-20260815T120000Z-bcb100dcba34,GENERATED
20200301,2020-03-01,1,Sunday,9,3,March,1,2020,True,2026-08-15T12:00:00+00:00,GEN-20260815T120000Z-bcb100dcba34,GENERATED
20200302,2020-03-02,2,Monday,10,3,March,1,2020,False,2026-08-15T12:00:00+00:00,GEN-20260815T120000Z-bcb100dcba34,GENERATED
20200303,2020-03-03,3,Tuesday,10,3,March,1,2020,False,2026-08-15T12:00:00+00:00,GEN-20260815T120000Z-bcb100dcba34,GENERATED
20200304,2020-03-04,4,Wednesday,10,3,March,1,2020,False,2026-08-15T12:00:00+00:00,GEN-20260815T120000Z-bcb100dcba34,GENERATED
20200305,2020-03-05,5,Thursday,10,3,March,1,2020,False,2026-08-15T12:00:00+00:00,GEN-20260815T120000Z-bcb100dcba34,GENERATED
20200306,2020-03-06,6,Friday,10,3,March,1,2020,False,2026-08-15T12:00:00+00:00,GEN-20260815T120000Z-bcb100dcba34,GENERATED
20200307,2020-03-07,7,Saturday,10,3,March,1,2020,True,2026-08-15T12:00:00+00:00,GEN-20260815T120000Z-bcb100dcba34,GENERATED
20200308,2020-03-08,8,Sunday,10,3,March,1,2020,True,2026-08-15T12:00:00+00:00,GEN-20260815T120000Z-bcb100dcba34,GENERATED
20200309,2020-03-09,9,Monday,11,3,March,1,2020,False,2026-08-15T12:00:00+00:00,GEN-20260815T120000Z-bcb100dcba34,GENERATED
20200310,2020-03-10,10,Tuesday,11,3,March,1,2020,False,2026-08-15T12:00:00+00:00,GEN-20260815T120000Z-bcb100dcba34,GENERATED
20200311,2020-03-11,11,Wednesday,11,3,March,1,2020,False,2026-08-15T12:00:00+00:00,GEN-20260815T120000Z-bcb100dcba34,GENERATED
20200312,2020-03-12,12,Thursday,11,3,March,1,2020,False,2026-08-15T12:00:00+00:00,GEN-20260815T120000Z-bcb100dcba34,GENERATED
20200313,2020-03-13,13,Friday,11,3,March,1,2020,False,2026-08-15T12:00:00+00:00,GEN-20260815T120000Z-bcb100dcba34,GENERATED
20200314,2020-03-14,14,Saturday,11,3,March,1,2020,True,2026-08-15T12:00:00+00:00,GEN-20260815T120000Z-bcb100dcba34,GENERATED
20200315,2020-03-15,15,Sunday,11,3,March,1,2020,True,2026-08-15T12:00:00+00:00,GEN-20260815T120000Z-bcb100dcba34,GENERATED
20200316,2020-03-16,16,Monday,12,3,March,1,2020,False,2026-08-15T12:00:00+00:00,GEN-20260815T120000Z-bcb100dcba34,GENERATED
20200317,2020-03-17,17,Tuesday,12,3,March,1,2020,False,2026-08-15T12:00:00+00:00,GEN-20260815T120000Z-bcb100dcba34,GENERATED
20200318,2020-03-18,18,Wednesday,12,3,March,1,2020,False,2026-08-15T12:00:00+00:00,GEN-20260815T120000Z-bcb100dcba34,GENERATED
20200319,2020-03-19,19,Thursday,12,3,March,1,2020,False,2026-08-15T12:00:00+00:00,GEN-20260815T120000Z-bcb100dcba34,GENERATED
20200320,2020-03-20,20,Friday,12,3,March,1,2020,False,2026-08-15T12:00:00+00:00,GEN-20260815T120000Z-bcb100dcba34,GENERATED
20200321,2020-03-21,21,Saturday,12,3,March,1,2020,True,2026-08-15T12:00:00+00:00,GEN-20260815T120000Z-bcb100dcba34,GENERATED
20200322,2020-03-22,22,Sunday,12,3,March,1,2020,True,2026-08-15T12:00:00+00:00,GEN-20260815T120000Z-bcb100dcba34,GENERATED
20200323,2020-03-23,23,Monday,13,3,March,1,2020,False,2026-08-15T12:00:00+00:00,GEN-20260815T120000Z-bcb100dcba34,GENERATED
20200324,2020-03-24,24,Tuesday,13,3,March,1,2020,False,2026-08-15T12:00:00+00:00,GEN-20260815T120000Z-bcb100dcba34,GENERATED
20200325,2020-03-25,25,Wednesday,13,3,March,1,2020,False,2026-08-15T12:00:00+00:00,GEN-20260815T120000Z-bcb100dcba34,GENERATED
20200326,2020-03-26,26,Thursday,13,3,March,1,2020,False,2026-08-15T12:00:00+00:00,GEN-20260815T120000Z-bcb100dcba34,GENERATED
20200327,2020-03-27,27,Friday,13,3,March,1,2020,False,2026-08-15T12:00:00+00:00,GEN-20260815T120000Z-bcb100dcba34,GENERATED
20200328,2020-03-28,28,Saturday,13,3,March,1,2020,True,2026-08-15T12:00:00+00:00,GEN-20260815T120000Z-bcb100dcba34,GENERATED
20200329,2020-03-29,29,Sunday,13,3,March,1,2020,True,2026-08-15T12:00:00+00:00,GEN-20260815T120000Z-bcb100dcba34,GENERATED
20200330,2020-03-30,30,Monday,14,3,March,1,2020,False,2026-08-15T12:00:00+00:00,GEN-20260815T120000Z-bcb100dcba34,GENERATED
20200331,2020-03-31,31,Tuesday,14,3,March,1,2020,False,2026-08-15T12:00:00+00:00,GEN-20260815T120000Z-bcb100dcba34,GENERATED
20200401,2020-04-01,1,Wednesday,14,4,April,2,2020,False,2026-08-15T12:00:00+00:00,GEN-20260815T120000Z-bcb100dcba34,GENERATED
20200402,2020-04-02,2,Thursday,14,4,April,2,2020,False,2026-08-15T12:00:00+00:00,GEN-20260815T120000Z-bcb100dcba34,GENERATED
20200403,2020-04-03,3,Friday,14,4,April,2,2020,False,2026-08-15T12:00:00+00:00,GEN-20260815T120000Z-bcb100dcba34,GENERATED
20200404,2020-04-04,4,Saturday,14,4,April,2,2020,True,2026-08-15T12:00:00+00:00,GEN-20260815T120000Z-bcb100dcba34,GENERATED
20200405,2020-04-05,5,Sunday,14,4,April,2,2020,True,2026-08-15T12:00:00+00:00,GEN-20260815T120000Z-bcb100dcba34,GENERATED
20200406,2020-04-06,6,Monday,15,4,April,2,2020,False,2026-08-15T12:00:00+00:00,GEN-20260815T120000Z-bcb100dcba34,GENERATED
20200407,2020-04-07,7,Tuesday,15,4,April,2,2020,False,2026-08-15T12:00:00+00:00,GEN-20260815T120000Z-bcb100dcba34,GENERATED
20200408,2020-04-08,8,Wednesday,15,4,April,2,2020,False,2026-08-15T12:00:00+00:00,GEN-20260815T120000Z-bcb100dcba34,GENERATED
20200409,2020-04-09,9,Thursday,15,4,April,2,2020,False,2026-08-15T12:00:00+00:00,GEN-20260815T120000Z-bcb100dcba34,GENERATED
20200410,2020-04-10,10,Friday,15,4,April,2,2020,False,2026-08-15T12:00:00+00:00,GEN-20260815T120000Z-bcb100dcba34,GENERATED
20200411,2020-04-11,11,Saturday,15,4,April,2,2020,True,2026-08-15T12:00:00+00:00,GEN-20260815T120000Z-bcb100dcba34,GENERATED
20200412,2020-04-12,12,Sunday,15,4,April,2,2020,True,2026-08-15T12:00:00+00:00,GEN-20260815T120000Z-bcb100dcba34,GENERATED
20200413,2020-04-13,13,Monday,16,4,April,2,2020,False,2026-08-15T12:00:00+00:00,GEN-20260815T120000Z-bcb100dcba34,GENERATED
20200414,2020-04-14,14,Tuesday,16,4,April,2,2020,False,2026-08-15T12:00:00+00:00,GEN-20260815T120000Z-bcb100dcba34,GENERATED
20200415,2020-04-15,15,Wednesday,16,4,April,2,2020,False,2026-08-15T12:00:00+00:00,GEN-20260815T120000Z-bcb100dcba34,GENERATED
20200416,2020-04-16,16,Thursday,16,4,April,2,2020,False,2026-08-15T12:00:00+00:00,GEN-20260815T120000Z-bcb100dcba34,GENERATED
20200417,2020-04-17,17,Friday,16,4,April,2,2020,False,2026-08-15T12:00:00+00:00,GEN-20260815T120000Z-bcb100dcba34,GENERATED
20200418,2020-04-18,18,Saturday,16,4,April,2,2020,True,2026-08-15T12:00:00+00:00,GEN-20260815T120000Z-bcb100dcba34,GENERATED
20200419,2020-04-19,19,Sunday,16,4,April,2,2020,True,2026-08-15T12:00:00+00:00,GEN-20260815T120000Z-bcb100dcba34,GENERATED
20200420,2020-04-20,20,Monday,17,4,April,2,2020,False,2026-08-15T12:00:00+00:00,GEN-20260815T120000Z-bcb100dcba34,GENERATED
20200421,2020-04-21,21,Tuesday,17,4,April,2,2020,False,2026-08-15T12:00:00+00:00,GEN-20260815T120000Z-bcb100dcba34,GENERATED
20200422,2020-04-22,22,Wednesday,17,4,April,2,2020,False,2026-08-15T12:00:00+00:00,GEN-20260815T120000Z-bcb100dcba34,GENERATED
20200423,2020-04-23,23,Thursday,17,4,April,2,2020,False,2026-08-15T12:00:00+00:00,GEN-20260815T120000Z-bcb100dcba34,GENERATED
20200424,2020-04-24,24,Friday,17,4,April,2,2020,False,2026-08-15T12:00:00+00:00,GEN-20260815T120000Z-bcb100dcba34,GENERATED
20200425,2020-04-25,25,Saturday,17,4,April,2,2020,True,2026-08-15T12:00:00+00:00,GEN-20260815T120000Z-bcb100dcba34,GENERATED
20200426,2020-04-26,26,Sunday,17,4,April,2,2020,True,2026-08-15T12:00:00+00:00,GEN-20260815T120000Z-bcb100dcba34,GENERATED
20200427,2020-04-27,27,Monday,18,4,April,2,2020,False,2026-08-15T12:00:00+00:00,GEN-20260815T120000Z-bcb100dcba34,GENERATED
20200428,2020-04-28,28,Tuesday,18,4,April,2,2020,False,2026-08-15T12:00:00+00:00,GEN-20260815T120000Z-bcb100dcba34,GENERATED
20200429,2020-04-29,29,Wednesday,18,4,April,2,2020,False,2026-08-15T12:00:00+00:00,GEN-20260815T120000Z-bcb100dcba34,GENERATED
20200430,2020-04-30,30,Thursday,18,4,April,2,2020,False,2026-08-15T12:00:00+00:00,GEN-20260815T120000Z-bcb100dcba34,GENERATED
20200501,2020-05-01,1,Friday,18,5,May,2,2020,False,2026-08-15T12:00:00+00:00,GEN-20260815T120000Z-bcb100dcba34,GENERATED
20200502,2020-05-02,2,Saturday,18,5,May,2,2020,True,2026-08-15T12:00:00+00:00,GEN-20260815T120000Z-bcb100dcba34,GENERATED
20200503,2020-05-03,3,Sunday,18,5,May,2,2020,True,2026-08-15T12:00:00+00:00,GEN-20260815T120000Z-bcb100dcba34,GENERATED
20200504,2020-05-04,4,Monday,19,5,May,2,2020,False,2026-08-15T12:00:00+00:00,GEN-20260815T120000Z-bcb100dcba34,GENERATED
20200505,2020-05-05,5,Tuesday,19,5,May,2,2020,False,2026-08-15T12:00:00+00:00,GEN-20260815T120000Z-bcb100dcba34,GENERATED
20200506,2020-05-06,6,Wednesday,19,5,May,2,2020,False,2026-08-15T12:00:00+00:00,GEN-20260815T120000Z-bcb100dcba34,GENERATED
20200507,2020-05-07,7,Thursday,19,5,May,2,2020,False,2026-08-15T12:00:00+00:00,GEN-20260815T120000Z-bcb100dcba34,GENERATED
20200508,2020-05-08,8,Friday,19,5,May,2,2020,False,2026-08-15T12:00:00+00:00,GEN-20260815T120000Z-bcb100dcba34,GENERATED
20200509,2020-05-09,9,Saturday,19,5,May,2,2020,True,2026-08-15T12:00:00+00:00,GEN-20260815T120000Z-bcb100dcba34,GENERATED
20200510,2020-05-10,10,Sunday,19,5,May,2,2020,True,2026-08-15T12:00:00+00:00,GEN-20260815T120000Z-bcb100dcba34,GENERATED
20200511,2020-05-11,11,Monday,20,5,May,2,2020,False,2026-08-15T12:00:00+00:00,GEN-20260815T120000Z-bcb100dcba34,GENERATED
20200512,2020-05-12,12,Tuesday,20,5,May,2,2020,False,2026-08-15T12:00:00+00:00,GEN-20260815T120000Z-bcb100dcba34,GENERATED
20200513,2020-05-13,13,Wednesday,20,5,May,2,2020,False,2026-08-15T12:00:00+00:00,GEN-20260815T120000Z-bcb100dcba34,GENERATED
20200514,2020-05-14,14,Thursday,20,5,May,2,2020,False,2026-08-15T12:00:00+00:00,GEN-20260815T120000Z-bcb100dcba34,GENERATED
20200515,2020-05-15,15,Friday,20,5,May,2,2020,False,2026-08-15T12:00:00+00:00,GEN-20260815T120000Z-bcb100dcba34,GENERATED
20200516,2020-05-16,16,Saturday,20,5,May,2,2020,True,2026-08-15T12:00:00+00:00,GEN-20260815T120000Z-bcb100dcba34,GENERATED
20200517,2020-05-17,17,Sunday,20,5,May,2,2020,True,2026-08-15T12:00:00+00:00,GEN-20260815T120000Z-bcb100dcba34,GENERATED
20200518,2020-05-18,18,Monday,21,5,May,2,2020,False,2026-08-15T12:00:00+00:00,GEN-20260815T120000Z-bcb100dcba34,GENERATED
20200519,2020-05-19,19,Tuesday,21,5,May,2,2020,False,2026-08-15T12:00:00+00:00,GEN-20260815T120000Z-bcb100dcba34,GENERATED
20200520,2020-05-20,20,Wednesday,21,5,May,2,2020,False,2026-08-15T12:00:00+00:00,GEN-20260815T120000Z-bcb100dcba34,GENERATED
20200521,2020-05-21,21,Thursday,21,5,May,2,2020,False,2026-08-15T12:00:00+00:00,GEN-20260815T120000Z-bcb100dcba34,GENERATED
20200522,2020-05-22,22,Friday,21,5,May,2,2020,False,2026-08-15T12:00:00+00:00,GEN-20260815T120000Z-bcb100dcba34,GENERATED
20200523,2020-05-23,23,Saturday,21,5,May,2,2020,True,2026-08-15T12:00:00+00:00,GEN-20260815T120000Z-bcb100dcba34,GENERATED
20200524,2020-05-24,24,Sunday,21,5,May,2,2020,True,2026-08-15T12:00:00+00:00,GEN-20260815T120000Z-bcb100dcba34,GENERATED
20200525,2020-05-25,25,Monday,22,5,May,2,2020,False,2026-08-15T12:00:00+00:00,GEN-20260815T120000Z-bcb100dcba34,GENERATED
20200526,2020-05-26,26,Tuesday,22,5,May,2,2020,False,2026-08-15T12:00:00+00:00,GEN-20260815T120000Z-bcb100dcba34,GENERATED
20200527,2020-05-27,27,Wednesday,22,5,May,2,2020,False,2026-08-15T12:00:00+00:00,GEN-20260815T120000Z-bcb100dcba34,GENERATED
20200528,2020-05-28,28,Thursday,22,5,May,2,2020,False,2026-08-15T12:00:00+00:00,GEN-20260815T120000Z-bcb100dcba34,GENERATED
20200529,2020-05-29,29,Friday,22,5,May,2,2020,False,2026-08-15T12:00:00+00:00,GEN-20260815T120000Z-bcb100dcba34,GENERATED
20200530,2020-05-30,30,Saturday,22,5,May,2,2020,True,2026-08-15T12:00:00+00:00,GEN-20260815T120000Z-bcb100dcba34,GENERATED
20200531,2020-05-31,31,Sunday,22,5,May,2,2020,True,2026-08-15T12:00:00+00:00,GEN-20260815T120000Z-bcb100dcba34,GENERATED
20200601,2020-06-01,1,Monday,23,6,June,2,2020,False,2026-08-15T12:00:00+00:00,GEN-20260815T120000Z-bcb100dcba34,GENERATED
20200602,2020-06-02,2,Tuesday,23,6,June,2,2020,False,2026-08-15T12:00:00+00:00,GEN-20260815T120000Z-bcb100dcba34,GENERATED
20200603,2020-06-03,3,Wednesday,23,6,June,2,2020,False,2026-08-15T12:00:00+00:00,GEN-20260815T120000Z-bcb100dcba34,GENERATED
20200604,2020-06-04,4,Thursday,23,6,June,2,2020,False,2026-08-15T12:00:00+00:00,GEN-20260815T120000Z-bcb100dcba34,GENERATED
20200605,2020-06-05,5,Friday,23,6,June,2,2020,False,2026-08-15T12:00:00+00:00,GEN-20260815T120000Z-bcb100dcba34,GENERATED
20200606,2020-06-06,6,Saturday,23,6,June,2,2020,True,2026-08-15T12:00:00+00:00,GEN-20260815T120000Z-bcb100dcba34,GENERATED
20200607,2020-06-07,7,Sunday,23,6,June,2,2020,True,2026-08-15T12:00:00+00:00,GEN-20260815T120000Z-bcb100dcba34,GENERATED
20200608,2020-06-08,8,Monday,24,6,June,2,2020,False,2026-08-15T12:00:00+00:00,GEN-20260815T120000Z-bcb100dcba34,GENERATED
20200609,2020-06-09,9,Tuesday,24,6,June,2,2020,False,2026-08-15T12:00:00+00:00,GEN-20260815T120000Z-bcb100dcba34,GENERATED
20200610,2020-06-10,10,Wednesday,24,6,June,2,2020,False,2026-08-15T12:00:00+00:00,GEN-20260815T120000Z-bcb100dcba34,GENERATED
20200611,2020-06-11,11,Thursday,24,6,June,2,2020,False,2026-08-15T12:00:00+00:00,GEN-20260815T120000Z-bcb100dcba34,GENERATED
20200612,2020-06-12,12,Friday,24,6,June,2,2020,False,2026-08-15T12:00:00+00:00,GEN-20260815T120000Z-bcb100dcba34,GENERATED
20200613,2020-06-13,13,Saturday,24,6,June,2,2020,True,2026-08-15T12:00:00+00:00,GEN-20260815T120000Z-bcb100dcba34,GENERATED
20200614,2020-06-14,14,Sunday,24,6,June,2,2020,True,2026-08-15T12:00:00+00:00,GEN-20260815T120000Z-bcb100dcba34,GENERATED
20200615,2020-06-15,15,Monday,25,6,June,2,2020,False,2026-08-15T12:00:00+00:00,GEN-20260815T120000Z-bcb100dcba34,GENERATED
20200616,2020-06-16,16,Tuesday,25,6,June,2,2020,False,2026-08-15T12:00:00+00:00,GEN-20260815T120000Z-bcb100dcba34,GENERATED
20200617,2020-06-17,17,Wednesday,25,6,June,2,2020,False,2026-08-15T12:00:00+00:00,GEN-20260815T120000Z-bcb100dcba34,GENERATED
20200618,2020-06-18,18,Thursday,25,6,June,2,2020,False,2026-08-15T12:00:00+00:00,GEN-20260815T120000Z-bcb100dcba34,GENERATED
20200619,2020-06-19,19,Friday,25,6,June,2,2020,False,2026-08-15T12:00:00+00:00,GEN-20260815T120000Z-bcb100dcba34,GENERATED
20200620,2020-06-20,20,Saturday,25,6,June,2,2020,True,2026-08-15T12:00:00+00:00,GEN-20260815T120000Z-bcb100dcba34,GENERATED
20200621,2020-06-21,21,Sunday,25,6,June,2,2020,True,2026-08-15T12:00:00+00:00,GEN-20260815T120000Z-bcb100dcba34,GENERATED
20200622,2020-06-22,22,Monday,26,6,June,2,2020,False,2026-08-15T12:00:00+00:00,GEN-20260815T120000Z-bcb100dcba34,GENERATED
20200623,2020-06-23,23,Tuesday,26,6,June,2,2020,False,2026-08-15T12:00:00+00:00,GEN-20260815T120000Z-bcb100dcba34,GENERATED
20200624,2020-06-24,24,Wednesday,26,6,June,2,2020,False,2026-08-15T12:00:00+00:00,GEN-20260815T120000Z-bcb100dcba34,GENERATED
20200625,2020-06-25,25,Thursday,26,6,June,2,2020,False,2026-08-15T12:00:00+00:00,GEN-20260815T120000Z-bcb100dcba34,GENERATED
20200626,2020-06-26,26,Friday,26,6,June,2,2020,False,2026-08-15T12:00:00+00:00,GEN-20260815T120000Z-bcb100dcba34,GENERATED
20200627,2020-06-27,27,Saturday,26,6,June,2,2020,True,2026-08-15T12:00:00+00:00,GEN-20260815T120000Z-bcb100dcba34,GENERATED
20200628,2020-06-28,28,Sunday,26,6,June,2,2020,True,2026-08-15T12:00:00+00:00,GEN-20260815T120000Z-bcb100dcba34,GENERATED
20200629,2020-06-29,29,Monday,27,6,June,2,2020,False,2026-08-15T12:00:00+00:00,GEN-20260815T120000Z-bcb100dcba34,GENERATED
20200630,2020-06-30,30,Tuesday,27,6,June,2,2020,False,2026-08-15T12:00:00+00:00,GEN-20260815T120000Z-bcb100dcba34,GENERATED
20200701,2020-07-01,1,Wednesday,27,7,July,3,2020,False,2026-08-15T12:00:00+00:00,GEN-20260815T120000Z-bcb100dcba34,GENERATED
20200702,2020-07-02,2,Thursday,27,7,July,3,2020,False,2026-08-15T12:00:00+00:00,GEN-20260815T120000Z-bcb100dcba34,GENERATED
20200703,2020-07-03,3,Friday,27,7,July,3,2020,False,2026-08-15T12:00:00+00:00,GEN-20260815T120000Z-bcb100dcba34,GENERATED
20200704,2020-07-04,4,Saturday,27,7,July,3,2020,True,2026-08-15T12:00:00+00:00,GEN-20260815T120000Z-bcb100dcba34,GENERATED
20200705,2020-07-05,5,Sunday,27,7,July,3,2020,True,2026-08-15T12:00:00+00:00,GEN-20260815T120000Z-bcb100dcba34,GENERATED
20200706,2020-07-06,6,Monday,28,7,July,3,2020,False,2026-08-15T12:00:00+00:00,GEN-20260815T120000Z-bcb100dcba34,GENERATED
20200707,2020-07-07,7,Tuesday,28,7,July,3,2020,False,2026-08-15T12:00:00+00:00,GEN-20260815T120000Z-bcb100dcba34,GENERATED
20200708,2020-07-08,8,Wednesday,28,7,July,3,2020,False,2026-08-15T12:00:00+00:00,GEN-20260815T120000Z-bcb100dcba34,GENERATED
20200709,2020-07-09,9,Thursday,28,7,July,3,2020,False,2026-08-15T12:00:00+00:00,GEN-20260815T120000Z-bcb100dcba34,GENERATED
20200710,2020-07-10,10,Friday,28,7,July,3,2020,False,2026-08-15T12:00:00+00:00,GEN-20260815T120000Z-bcb100dcba34,GENERATED
20200711,2020-07-11,11,Saturday,28,7,July,3,2020,True,2026-08-15T12:00:00+00:00,GEN-20260815T120000Z-bcb100dcba34,GENERATED
20200712,2020-07-12,12,Sunday,28,7,July,3,2020,True,2026-08-15T12:00:00+00:00,GEN-20260815T120000Z-bcb100dcba34,GENERATED
20200713,2020-07-13,13,Monday,29,7,July,3,2020,False,2026-08-15T12:00:00+00:00,GEN-20260815T120000Z-bcb100dcba34,GENERATED
20200714,2020-07-14,14,Tuesday,29,7,July,3,2020,False,2026-08-15T12:00:00+00:00,GEN-20260815T120000Z-bcb100dcba34,GENERATED
20200715,2020-07-15,15,Wednesday,29,7,July,3,2020,False,2026-08-15T12:00:00+00:00,GEN-20260815T120000Z-bcb100dcba34,GENERATED
20200716,2020-07-16,16,Thursday,29,7,July,3,2020,False,2026-08-15T12:00:00+00:00,GEN-20260815T120000Z-bcb100dcba34,GENERATED
20200717,2020-07-17,17,Friday,29,7,July,3,2020,False,2026-08-15T12:00:00+00:00,GEN-20260815T120000Z-bcb100dcba34,GENERATED
20200718,2020-07-18,18,Saturday,29,7,July,3,2020,True,2026-08-15T12:00:00+00:00,GEN-20260815T120000Z-bcb100dcba34,GENERATED
20200719,2020-07-19,19,Sunday,29,7,July,3,2020,True,2026-08-15T12:00:00+00:00,GEN-20260815T120000Z-bcb100dcba34,GENERATED
20200720,2020-07-20,20,Monday,30,7,July,3,2020,False,2026-08-15T12:00:00+00:00,GEN-20260815T120000Z-bcb100dcba34,GENERATED
20200721,2020-07-21,21,Tuesday,30,7,July,3,2020,False,2026-08-15T12:00:00+00:00,GEN-20260815T120000Z-bcb100dcba34,GENERATED
20200722,2020-07-22,22,Wednesday,30,7,July,3,2020,False,2026-08-15T12:00:00+00:00,GEN-20260815T120000Z-bcb100dcba34,GENERATED
20200723,2020-07-23,23,Thursday,30,7,July,3,2020,False,2026-08-15T12:00:00+00:00,GEN-20260815T120000Z-bcb100dcba34,GENERATED
20200724,2020-07-24,24,Friday,30,7,July,3,2020,False,2026-08-15T12:00:00+00:00,GEN-20260815T120000Z-bcb100dcba34,GENERATED
20200725,2020-07-25,25,Saturday,30,7,July,3,2020,True,2026-08-15T12:00:00+00:00,GEN-20260815T120000Z-bcb100dcba34,GENERATED
20200726,2020-07-26,26,Sunday,30,7,July,3,2020,True,2026-08-15T12:00:00+00:00,GEN-20260815T120000Z-bcb100dcba34,GENERATED
20200727,2020-07-27,27,Monday,31,7,July,3,2020,False,2026-08-15T12:00:00+00:00,GEN-20260815T120000Z-bcb100dcba34,GENERATED
20200728,2020-07-28,28,Tuesday,31,7,July,3,2020,False,2026-08-15T12:00:00+00:00,GEN-20260815T120000Z-bcb100dcba34,GENERATED
20200729,2020-07-29,29,Wednesday,31,7,July,3,2020,False,2026-08-15T12:00:00+00:00,GEN-20260815T120000Z-bcb100dcba34,GENERATED
20200730,2020-07-30,30,Thursday,31,7,July,3,2020,False,2026-08-15T12:00:00+00:00,GEN-20260815T120000Z-bcb100dcba34,GENERATED
20200731,2020-07-31,31,Friday,31,7,July,3,2020,False,2026-08-15T12:00:00+00:00,GEN-20260815T120000Z-bcb100dcba34,GENERATED
20200801,2020-08-01,1,Saturday,31,8,August,3,2020,True,2026-08-15T12:00:00+00:00,GEN-20260815T120000Z-bcb100dcba34,GENERATED
20200802,2020-08-02,2,Sunday,31,8,August,3,2020,True,2026-08-15T12:00:00+00:00,GEN-20260815T120000Z-bcb100dcba34,GENERATED
20200803,2020-08-03,3,Monday,32,8,August,3,2020,False,2026-08-15T12:00:00+00:00,GEN-20260815T120000Z-bcb100dcba34,GENERATED
20200804,2020-08-04,4,Tuesday,32,8,August,3,2020,False,2026-08-15T12:00:00+00:00,GEN-20260815T120000Z-bcb100dcba34,GENERATED
20200805,2020-08-05,5,Wednesday,32,8,August,3,2020,False,2026-08-15T12:00:00+00:00,GEN-20260815T120000Z-bcb100dcba34,GENERATED
20200806,2020-08-06,6,Thursday,32,8,August,3,2020,False,2026-08-15T12:00:00+00:00,GEN-20260815T120000Z-bcb100dcba34,GENERATED
20200807,2020-08-07,7,Friday,32,8,August,3,2020,False,2026-08-15T12:00:00+00:00,GEN-20260815T120000Z-bcb100dcba34,GENERATED
20200808,2020-08-08,8,Saturday,32,8,August,3,2020,True,2026-08-15T12:00:00+00:00,GEN-20260815T120000Z-bcb100dcba34,GENERATED
20200809,2020-08-09,9,Sunday,32,8,August,3,2020,True,2026-08-15T12:00:00+00:00,GEN-20260815T120000Z-bcb100dcba34,GENERATED
20200810,2020-08-10,10,Monday,33,8,August,3,2020,False,2026-08-15T12:00:00+00:00,GEN-20260815T120000Z-bcb100dcba34,GENERATED
20200811,2020-08-11,11,Tuesday,33,8,August,3,2020,False,2026-08-15T12:00:00+00:00,GEN-20260815T120000Z-bcb100dcba34,GENERATED
20200812,2020-08-12,12,Wednesday,33,8,August,3,2020,False,2026-08-15T12:00:00+00:00,GEN-20260815T120000Z-bcb100dcba34,GENERATED
20200813,2020-08-13,13,Thursday,33,8,August,3,2020,False,2026-08-15T12:00:00+00:00,GEN-20260815T120000Z-bcb100dcba34,GENERATED
20200814,2020-08-14,14,Friday,33,8,August,3,2020,False,2026-08-15T12:00:00+00:00,GEN-20260815T120000Z-bcb100dcba34,GENERATED
20200815,2020-08-15,15,Saturday,33,8,August,3,2020,True,2026-08-15T12:00:00+00:00,GEN-20260815T120000Z-bcb100dcba34,GENERATED
20200816,2020-08-16,16,Sunday,33,8,August,3,2020,True,2026-08-15T12:00:00+00:00,GEN-20260815T120000Z-bcb100dcba34,GENERATED
20200817,2020-08-17,17,Monday,34,8,August,3,2020,False,2026-08-15T12:00:00+00:00,GEN-20260815T120000Z-bcb100dcba34,GENERATED
20200818,2020-08-18,18,Tuesday,34,8,August,3,2020,False,2026-08-15T12:00:00+00:00,GEN-20260815T120000Z-bcb100dcba34,GENERATED
20200819,2020-08-19,19,Wednesday,34,8,August,3,2020,False,2026-08-15T12:00:00+00:00,GEN-20260815T120000Z-bcb100dcba34,GENERATED
20200820,2020-08-20,20,Thursday,34,8,August,3,2020,False,2026-08-15T12:00:00+00:00,GEN-20260815T120000Z-bcb100dcba34,GENERATED
20200821,2020-08-21,21,Friday,34,8,August,3,2020,False,2026-08-15T12:00:00+00:00,GEN-20260815T120000Z-bcb100dcba34,GENERATED
20200822,2020-08-22,22,Saturday,34,8,August,3,2020,True,2026-08-15T12:00:00+00:00,GEN-20260815T120000Z-bcb100dcba34,GENERATED
20200823,2020-08-23,23,Sunday,34,8,August,3,2020,True,2026-08-15T12:00:00+00:00,GEN-20260815T120000Z-bcb100dcba34,GENERATED
20200824,2020-08-24,24,Monday,35,8,August,3,2020,False,2026-08-15T12:00:00+00:00,GEN-20260815T120000Z-bcb100dcba34,GENERATED
20200825,2020-08-25,25,Tuesday,35,8,August,3,2020,False,2026-08-15T12:00:00+00:00,GEN-20260815T120000Z-bcb100dcba34,GENERATED
20200826,2020-08-26,26,Wednesday,35,8,August,3,2020,False,2026-08-15T12:00:00+00:00,GEN-20260815T120000Z-bcb100dcba34,GENERATED
20200827,2020-08-27,27,Thursday,35,8,August,3,2020,False,2026-08-15T12:00:00+00:00,GEN-20260815T120000Z-bcb100dcba34,GENERATED
20200828,2020-08-28,28,Friday,35,8,August,3,2020,False,2026-08-15T12:00:00+00:00,GEN-20260815T120000Z-bcb100dcba34,GENERATED
20200829,2020-08-29,29,Saturday,35,8,August,3,2020,True,2026-08-15T12:00:00+00:00,GEN-20260815T120000Z-bcb100dcba34,GENERATED
20200830,2020-08-30,30,Sunday,35,8,August,3,2020,True,2026-08-15T12:00:00+00:00,GEN-20260815T120000Z-bcb100dcba34,GENERATED
20200831,2020-08-31,31,Monday,36,8,August,3,2020,False,2026-08-15T12:00:00+00:00,GEN-20260815T120000Z-bcb100dcba34,GENERATED
20200901,2020-09-01,1,Tuesday,36,9,September,3,2020,False,2026-08-15T12:00:00+00:00,GEN-20260815T120000Z-bcb100dcba34,GENERATED
20200902,2020-09-02,2,Wednesday,36,9,September,3,2020,False,2026-08-15T12:00:00+00:00,GEN-20260815T120000Z-bcb100dcba34,GENERATED
20200903,2020-09-03,3,Thursday,36,9,September,3,2020,False,2026-08-15T12:00:00+00:00,GEN-20260815T120000Z-bcb100dcba34,GENERATED
20200904,2020-09-04,4,Friday,36,9,September,3,2020,False,2026-08-15T12:00:00+00:00,GEN-20260815T120000Z-bcb100dcba34,GENERATED
20200905,2020-09-05,5,Saturday,36,9,September,3,2020,True,2026-08-15T12:00:00+00:00,GEN-20260815T120000Z-bcb100dcba34,GENERATED
20200906,2020-09-06,6,Sunday,36,9,September,3,2020,True,2026-08-15T12:00:00+00:00,GEN-20260815T120000Z-bcb100dcba34,GENERATED
20200907,2020-09-07,7,Monday,37,9,September,3,2020,False,2026-08-15T12:00:00+00:00,GEN-20260815T120000Z-bcb100dcba34,GENERATED
20200908,2020-09-08,8,Tuesday,37,9,September,3,2020,False,2026-08-15T12:00:00+00:00,GEN-20260815T120000Z-bcb100dcba34,GENERATED
20200909,2020-09-09,9,Wednesday,37,9,September,3,2020,False,2026-08-15T12:00:00+00:00,GEN-20260815T120000Z-bcb100dcba34,GENERATED
20200910,2020-09-10,10,Thursday,37,9,September,3,2020,False,2026-08-15T12:00:00+00:00,GEN-20260815T120000Z-bcb100dcba34,GENERATED
20200911,2020-09-11,11,Friday,37,9,September,3,2020,False,2026-08-15T12:00:00+00:00,GEN-20260815T120000Z-bcb100dcba34,GENERATED
20200912,2020-09-12,12,Saturday,37,9,September,3,2020,True,2026-08-15T12:00:00+00:00,GEN-20260815T120000Z-bcb100dcba34,GENERATED
20200913,2020-09-13,13,Sunday,37,9,September,3,2020,True,2026-08-15T12:00:00+00:00,GEN-20260815T120000Z-bcb100dcba34,GENERATED
20200914,2020-09-14,14,Monday,38,9,September,3,2020,False,2026-08-15T12:00:00+00:00,GEN-20260815T120000Z-bcb100dcba34,GENERATED
20200915,2020-09-15,15,Tuesday,38,9,September,3,2020,False,2026-08-15T12:00:00+00:00,GEN-20260815T120000Z-bcb100dcba34,GENERATED
20200916,2020-09-16,16,Wednesday,38,9,September,3,2020,False,2026-08-15T12:00:00+00:00,GEN-20260815T120000Z-bcb100dcba34,GENERATED
20200917,2020-09-17,17,Thursday,38,9,September,3,2020,False,2026-08-15T12:00:00+00:00,GEN-20260815T120000Z-bcb100dcba34,GENERATED
20200918,2020-09-18,18,Friday,38,9,September,3,2020,False,2026-08-15T12:00:00+00:00,GEN-20260815T120000Z-bcb100dcba34,GENERATED
20200919,2020-09-19,19,Saturday,38,9,September,3,2020,True,2026-08-15T12:00:00+00:00,GEN-20260815T120000Z-bcb100dcba34,GENERATED
20200920,2020-09-20,20,Sunday,38,9,September,3,2020,True,2026-08-15T12:00:00+00:00,GEN-20260815T120000Z-bcb100dcba34,GENERATED
20200921,2020-09-21,21,Monday,39,9,September,3,2020,False,2026-08-15T12:00:00+00:00,GEN-20260815T120000Z-bcb100dcba34,GENERATED
20200922,2020-09-22,22,Tuesday,39,9,September,3,2020,False,2026-08-15T12:00:00+00:00,GEN-20260815T120000Z-bcb100dcba34,GENERATED
20200923,2020-09-23,23,Wednesday,39,9,September,3,2020,False,2026-08-15T12:00:00+00:00,GEN-20260815T120000Z-bcb100dcba34,GENERATED
20200924,2020-09-24,24,Thursday,39,9,September,3,2020,False,2026-08-15T12:00:00+00:00,GEN-20260815T120000Z-bcb100dcba34,GENERATED
20200925,2020-09-25,25,Friday,39,9,September,3,2020,False,2026-08-15T12:00:00+00:00,GEN-20260815T120000Z-bcb100dcba34,GENERATED
20200926,2020-09-26,26,Saturday,39,9,September,3,2020,True,2026-08-15T12:00:00+00:00,GEN-20260815T120000Z-bcb100dcba34,GENERATED
20200927,2020-09-27,27,Sunday,39,9,September,3,2020,True,2026-08-15T12:00:00+00:00,GEN-20260815T120000Z-bcb100dcba34,GENERATED
20200928,2020-09-28,28,Monday,40,9,September,3,2020,False,2026-08-15T12:00:00+00:00,GEN-20260815T120000Z-bcb100dcba34,GENERATED
20200929,2020-09-29,29,Tuesday,40,9,September,3,2020,False,2026-08-15T12:00:00+00:00,GEN-20260815T120000Z-bcb100dcba34,GENERATED
20200930,2020-09-30,30,Wednesday,40,9,September,3,2020,False,2026-08-15T12:00:00+00:00,GEN-20260815T120000Z-bcb100dcba34,GENERATED
20201001,2020-10-01,1,Thursday,40,10,October,4,2020,False,2026-08-15T12:00:00+00:00,GEN-20260815T120000Z-bcb100dcba34,GENERATED
20201002,2020-10-02,2,Friday,40,10,October,4,2020,False,2026-08-15T12:00:00+00:00,GEN-20260815T120000Z-bcb100dcba34,GENERATED
20201003,2020-10-03,3,Saturday,40,10,October,4,2020,True,2026-08-15T12:00:00+00:00,GEN-20260815T120000Z-bcb100dcba34,GENERATED
20201004,2020-10-04,4,Sunday,40,10,October,4,2020,True,2026-08-15T12:00:00+00:00,GEN-20260815T120000Z-bcb100dcba34,GENERATED
20201005,2020-10-05,5,Monday,41,10,October,4,2020,False,2026-08-15T12:00:00+00:00,GEN-20260815T120000Z-bcb100dcba34,GENERATED
20201006,2020-10-06,6,Tuesday,41,10,October,4,2020,False,2026-08-15T12:00:00+00:00,GEN-20260815T120000Z-bcb100dcba34,GENERATED
20201007,2020-10-07,7,Wednesday,41,10,October,4,2020,False,2026-08-15T12:00:00+00:00,GEN-20260815T120000Z-bcb100dcba34,GENERATED
20201008,2020-10-08,8,Thursday,41,10,October,4,2020,False,2026-08-15T12:00:00+00:00,GEN-20260815T120000Z-bcb100dcba34,GENERATED
20201009,2020-10-09,9,Friday,41,10,October,4,2020,False,2026-08-15T12:00:00+00:00,GEN-20260815T120000Z-bcb100dcba34,GENERATED
20201010,2020-10-10,10,Saturday,41,10,October,4,2020,True,2026-08-15T12:00:00+00:00,GEN-20260815T120000Z-bcb100dcba34,GENERATED
20201011,2020-10-11,11,Sunday,41,10,October,4,2020,True,2026-08-15T12:00:00+00:00,GEN-20260815T120000Z-bcb100dcba34,GENERATED
20201012,2020-10-12,12,Monday,42,10,October,4,2020,False,2026-08-15T12:00:00+00:00,GEN-20260815T120000Z-bcb100dcba34,GENERATED
20201013,2020-10-13,13,Tuesday,42,10,October,4,2020,False,2026-08-15T12:00:00+00:00,GEN-20260815T120000Z-bcb100dcba34,GENERATED
20201014,2020-10-14,14,Wednesday,42,10,October,4,2020,False,2026-08-15T12:00:00+00:00,GEN-20260815T120000Z-bcb100dcba34,GENERATED
20201015,2020-10-15,15,Thursday,42,10,October,4,2020,False,2026-08-15T12:00:00+00:00,GEN-20260815T120000Z-bcb100dcba34,GENERATED
20201016,2020-10-16,16,Friday,42,10,October,4,2020,False,2026-08-15T12:00:00+00:00,GEN-20260815T120000Z-bcb100dcba34,GENERATED
20201017,2020-10-17,17,Saturday,42,10,October,4,2020,True,2026-08-15T12:00:00+00:00,GEN-20260815T120000Z-bcb100dcba34,GENERATED
20201018,2020-10-18,18,Sunday,42,10,October,4,2020,True,2026-08-15T12:00:00+00:00,GEN-20260815T120000Z-bcb100dcba34,GENERATED
20201019,2020-10-19,19,Monday,43,10,October,4,2020,False,2026-08-15T12:00:00+00:00,GEN-20260815T120000Z-bcb100dcba34,GENERATED
20201020,2020-10-20,20,Tuesday,43,10,October,4,2020,False,2026-08-15T12:00:00+00:00,GEN-20260815T120000Z-bcb100dcba34,GENERATED
20201021,2020-10-21,21,Wednesday,43,10,October,4,2020,False,2026-08-15T12:00:00+00:00,GEN-20260815T120000Z-bcb100dcba34,GENERATED
20201022,2020-10-22,22,Thursday,43,10,October,4,2020,False,2026-08-15T12:00:00+00:00,GEN-20260815T120000Z-bcb100dcba34,GENERATED
20201023,2020-10-23,23,Friday,43,10,October,4,2020,False,2026-08-15T12:00:00+00:00,GEN-20260815T120000Z-bcb100dcba34,GENERATED
20201024,2020-10-24,24,Saturday,43,10,October,4,2020,True,2026-08-15T12:00:00+00:00,GEN-20260815T120000Z-bcb100dcba34,GENERATED
20201025,2020-10-25,25,Sunday,43,10,October,4,2020,True,2026-08-15T12:00:00+00:00,GEN-20260815T120000Z-bcb100dcba34,GENERATED
20201026,2020-10-26,26,Monday,44,10,October,4,2020,False,2026-08-15T12:00:00+00:00,GEN-20260815T120000Z-bcb100dcba34,GENERATED
20201027,2020-10-27,27,Tuesday,44,10,October,4,2020,False,2026-08-15T12:00:00+00:00,GEN-20260815T120000Z-bcb100dcba34,GENERATED
20201028,2020-10-28,28,Wednesday,44,10,October,4,2020,False,2026-08-15T12:00:00+00:00,GEN-20260815T120000Z-bcb100dcba34,GENERATED
20201029,2020-10-29,29,Thursday,44,10,October,4,2020,False,2026-08-15T12:00:00+00:00,GEN-20260815T120000Z-bcb100dcba34,GENERATED
20201030,2020-10-30,30,Friday,44,10,October,4,2020,False,2026-08-15T12:00:00+00:00,GEN-20260815T120000Z-bcb100dcba34,GENERATED
20201031,2020-10-31,31,Saturday,44,10,October,4,2020,True,2026-08-15T12:00:00+00:00,GEN-20260815T120000Z-bcb100dcba34,GENERATED
20201101,2020-11-01,1,Sunday,44,11,November,4,2020,True,2026-08-15T12:00:00+00:00,GEN-20260815T120000Z-bcb100dcba34,GENERATED
20201102,2020-11-02,2,Monday,45,11,November,4,2020,False,2026-08-15T12:00:00+00:00,GEN-20260815T120000Z-bcb100dcba34,GENERATED
20201103,2020-11-03,3,Tuesday,45,11,November,4,2020,False,2026-08-15T12:00:00+00:00,GEN-20260815T120000Z-bcb100dcba34,GENERATED
20201104,2020-11-04,4,Wednesday,45,11,November,4,2020,False,2026-08-15T12:00:00+00:00,GEN-20260815T120000Z-bcb100dcba34,GENERATED
20201105,2020-11-05,5,Thursday,45,11,November,4,2020,False,2026-08-15T12:00:00+00:00,GEN-20260815T120000Z-bcb100dcba34,GENERATED
20201106,2020-11-06,6,Friday,45,11,November,4,2020,False,2026-08-15T12:00:00+00:00,GEN-20260815T120000Z-bcb100dcba34,GENERATED
20201107,2020-11-07,7,Saturday,45,11,November,4,2020,True,2026-08-15T12:00:00+00:00,GEN-20260815T120000Z-bcb100dcba34,GENERATED
20201108,2020-11-08,8,Sunday,45,11,November,4,2020,True,2026-08-15T12:00:00+00:00,GEN-20260815T120000Z-bcb100dcba34,GENERATED
20201109,2020-11-09,9,Monday,46,11,November,4,2020,False,2026-08-15T12:00:00+00:00,GEN-20260815T120000Z-bcb100dcba34,GENERATED
20201110,2020-11-10,10,Tuesday,46,11,November,4,2020,False,2026-08-15T12:00:00+00:00,GEN-20260815T120000Z-bcb100dcba34,GENERATED
20201111,2020-11-11,11,Wednesday,46,11,November,4,2020,False,2026-08-15T12:00:00+00:00,GEN-20260815T120000Z-bcb100dcba34,GENERATED
20201112,2020-11-12,12,Thursday,46,11,November,4,2020,False,2026-08-15T12:00:00+00:00,GEN-20260815T120000Z-bcb100dcba34,GENERATED
20201113,2020-11-13,13,Friday,46,11,November,4,2020,False,2026-08-15T12:00:00+00:00,GEN-20260815T120000Z-bcb100dcba34,GENERATED
20201114,2020-11-14,14,Saturday,46,11,November,4,2020,True,2026-08-15T12:00:00+00:00,GEN-20260815T120000Z-bcb100dcba34,GENERATED
20201115,2020-11-15,15,Sunday,46,11,November,4,2020,True,2026-08-15T12:00:00+00:00,GEN-20260815T120000Z-bcb100dcba34,GENERATED
20201116,2020-11-16,16,Monday,47,11,November,4,2020,False,2026-08-15T12:00:00+00:00,GEN-20260815T120000Z-bcb100dcba34,GENERATED
20201117,2020-11-17,17,Tuesday,47,11,November,4,2020,False,2026-08-15T12:00:00+00:00,GEN-20260815T120000Z-bcb100dcba34,GENERATED
20201118,2020-11-18,18,Wednesday,47,11,November,4,2020,False,2026-08-15T12:00:00+00:00,GEN-20260815T120000Z-bcb100dcba34,GENERATED
20201119,2020-11-19,19,Thursday,47,11,November,4,2020,False,2026-08-15T12:00:00+00:00,GEN-20260815T120000Z-bcb100dcba34,GENERATED
20201120,2020-11-20,20,Friday,47,11,November,4,2020,False,2026-08-15T12:00:00+00:00,GEN-20260815T120000Z-bcb100dcba34,GENERATED
20201121,2020-11-21,21,Saturday,47,11,November,4,2020,True,2026-08-15T12:00:00+00:00,GEN-20260815T120000Z-bcb100dcba34,GENERATED
20201122,2020-11-22,22,Sunday,47,11,November,4,2020,True,2026-08-15T12:00:00+00:00,GEN-20260815T120000Z-bcb100dcba34,GENERATED
20201123,2020-11-23,23,Monday,48,11,November,4,2020,False,2026-08-15T12:00:00+00:00,GEN-20260815T120000Z-bcb100dcba34,GENERATED
20201124,2020-11-24,24,Tuesday,48,11,November,4,2020,False,2026-08-15T12:00:00+00:00,GEN-20260815T120000Z-bcb100dcba34,GENERATED
20201125,2020-11-25,25,Wednesday,48,11,November,4,2020,False,2026-08-15T12:00:00+00:00,GEN-20260815T120000Z-bcb100dcba34,GENERATED
20201126,2020-11-26,26,Thursday,48,11,November,4,2020,False,2026-08-15T12:00:00+00:00,GEN-20260815T120000Z-bcb100dcba34,GENERATED
20201127,2020-11-27,27,Friday,48,11,November,4,2020,False,2026-08-15T12:00:00+00:00,GEN-20260815T120000Z-bcb100dcba34,GENERATED
20201128,2020-11-28,28,Saturday,48,11,November,4,2020,True,2026-08-15T12:00:00+00:00,GEN-20260815T120000Z-bcb100dcba34,GENERATED
20201129,2020-11-29,29,Sunday,48,11,November,4,2020,True,2026-08-15T12:00:00+00:00,GEN-20260815T120000Z-bcb100dcba34,GENERATED
20201130,2020-11-30,30,Monday,49,11,November,4,2020,False,2026-08-15T12:00:00+00:00,GEN-20260815T120000Z-bcb100dcba34,GENERATED
20201201,2020-12-01,1,Tuesday,49,12,December,4,2020,False,2026-08-15T12:00:00+00:00,GEN-20260815T120000Z-bcb100dcba34,GENERATED
20201202,2020-12-02,2,Wednesday,49,12,December,4,2020,False,2026-08-15T12:00:00+00:00,GEN-20260815T120000Z-bcb100dcba34,GENERATED
20201203,2020-12-03,3,Thursday,49,12,December,4,2020,False,2026-08-15T12:00:00+00:00,GEN-20260815T120000Z-bcb100dcba34,GENERATED
20201204,2020-12-04,4,Friday,49,12,December,4,2020,False,2026-08-15T12:00:00+00:00,GEN-20260815T120000Z-bcb100dcba34,GENERATED
20201205,2020-12-05,5,Saturday,49,12,December,4,2020,True,2026-08-15T12:00:00+00:00,GEN-20260815T120000Z-bcb100dcba34,GENERATED
20201206,2020-12-06,6,Sunday,49,12,December,4,2020,True,2026-08-15T12:00:00+00:00,GEN-20260815T120000Z-bcb100dcba34,GENERATED
20201207,2020-12-07,7,Monday,50,12,December,4,2020,False,2026-08-15T12:00:00+00:00,GEN-20260815T120000Z-bcb100dcba34,GENERATED
20201208,2020-12-08,8,Tuesday,50,12,December,4,2020,False,2026-08-15T12:00:00+00:00,GEN-20260815T120000Z-bcb100dcba34,GENERATED
20201209,2020-12-09,9,Wednesday,50,12,December,4,2020,False,2026-08-15T12:00:00+00:00,GEN-20260815T120000Z-bcb100dcba34,GENERATED
20201210,2020-12-10,10,Thursday,50,12,December,4,2020,False,2026-08-15T12:00:00+00:00,GEN-20260815T120000Z-bcb100dcba34,GENERATED
20201211,2020-12-11,11,Friday,50,12,December,4,2020,False,2026-08-15T12:00:00+00:00,GEN-20260815T120000Z-bcb100dcba34,GENERATED
20201212,2020-12-12,12,Saturday,50,12,December,4,2020,True,2026-08-15T12:00:00+00:00,GEN-20260815T120000Z-bcb100dcba34,GENERATED
20201213,2020-12-13,13,Sunday,50,12,December,4,2020,True,2026-08-15T12:00:00+00:00,GEN-20260815T120000Z-bcb100dcba34,GENERATED
20201214,2020-12-14,14,Monday,51,12,December,4,2020,False,2026-08-15T12:00:00+00:00,GEN-20260815T120000Z-bcb100dcba34,GENERATED
20201215,2020-12-15,15,Tuesday,51,12,December,4,2020,False,2026-08-15T12:00:00+00:00,GEN-20260815T120000Z-bcb100dcba34,GENERATED
20201216,2020-12-16,16,Wednesday,51,12,December,4,2020,False,2026-08-15T12:00:00+00:00,GEN-20260815T120000Z-bcb100dcba34,GENERATED
20201217,2020-12-17,17,Thursday,51,12,December,4,2020,False,2026-08-15T12:00:00+00:00,GEN-20260815T120000Z-bcb100dcba34,GENERATED
20201218,2020-12-18,18,Friday,51,12,December,4,2020,False,2026-08-15T12:00:00+00:00,GEN-20260815T120000Z-bcb100dcba34,GENERATED
20201219,2020-12-19,19,Saturday,51,12,December,4,2020,True,2026-08-15T12:00:00+00:00,GEN-20260815T120000Z-bcb100dcba34,GENERATED
20201220,2020-12-20,20,Sunday,51,12,December,4,2020,True,2026-08-15T12:00:00+00:00,GEN-20260815T120000Z-bcb100dcba34,GENERATED
20201221,2020-12-21,21,Monday,52,12,December,4,2020,False,2026-08-15T12:00:00+00:00,GEN-20260815T120000Z-bcb100dcba34,GENERATED
20201222,2020-12-22,22,Tuesday,52,12,December,4,2020,False,2026-08-15T12:00:00+00:00,GEN-20260815T120000Z-bcb100dcba34,GENERATED
20201223,2020-12-23,23,Wednesday,52,12,December,4,2020,False,2026-08-15T12:00:00+00:00,GEN-20260815T120000Z-bcb100dcba34,GENERATED
20201224,2020-12-24,24,Thursday,52,12,December,4,2020,False,2026-08-15T12:00:00+00:00,GEN-20260815T120000Z-bcb100dcba34,GENERATED
20201225,2020-12-25,25,Friday,52,12,December,4,2020,False,2026-08-15T12:00:00+00:00,GEN-20260815T120000Z-bcb100dcba34,GENERATED
20201226,2020-12-26,26,Saturday,52,12,December,4,2020,True,2026-08-15T12:00:00+00:00,GEN-20260815T120000Z-bcb100dcba34,GENERATED
20201227,2020-12-27,27,Sunday,52,12,December,4,2020,True,2026-08-15T12:00:00+00:00,GEN-20260815T120000Z-bcb100dcba34,GENERATED
20201228,2020-12-28,28,Monday,53,12,December,4,2020,False,2026-08-15T12:00:00+00:00,GEN-20260815T120000Z-bcb100dcba34,GENERATED
20201229,2020-12-29,29,Tuesday,53,12,December,4,2020,False,2026-08-15T12:00:00+00:00,GEN-20260815T120000Z-bcb100dcba34,GENERATED
20201230,2020-12-30,30,Wednesday,53,12,December,4,2020,False,2026-08-15T12:00:00+00:00,GEN-20260815T120000Z-bcb100dcba34,GENERATED
20201231,2020-12-31,31,Thursday,53,12,December,4,2020,False,2026-08-15T12:00:00+00:00,GEN-20260815T120000Z-bcb100dcba34,GENERATED
20210101,2021-01-01,1,Friday,53,1,January,1,2021,False,2026-08-15T12:00:00+00:00,GEN-20260815T120000Z-bcb100dcba34,GENERATED
20210102,2021-01-02,2,Saturday,53,1,January,1,2021,True,2026-08-15T12:00:00+00:00,GEN-20260815T120000Z-bcb100dcba34,GENERATED
20210103,2021-01-03,3,Sunday,53,1,January,1,2021,True,2026-08-15T12:00:00+00:00,GEN-20260815T120000Z-bcb100dcba34,GENERATED
20210104,2021-01-04,4,Monday,1,1,January,1,2021,False,2026-08-15T12:00:00+00:00,GEN-20260815T120000Z-bcb100dcba34,GENERATED
20210105,2021-01-05,5,Tuesday,1,1,January,1,2021,False,2026-08-15T12:00:00+00:00,GEN-20260815T120000Z-bcb100dcba34,GENERATED
20210106,2021-01-06,6,Wednesday,1,1,January,1,2021,False,2026-08-15T12:00:00+00:00,GEN-20260815T120000Z-bcb100dcba34,GENERATED
20210107,2021-01-07,7,Thursday,1,1,January,1,2021,False,2026-08-15T12:00:00+00:00,GEN-20260815T120000Z-bcb100dcba34,GENERATED
20210108,2021-01-08,8,Friday,1,1,January,1,2021,False,2026-08-15T12:00:00+00:00,GEN-20260815T120000Z-bcb100dcba34,GENERATED
20210109,2021-01-09,9,Saturday,1,1,January,1,2021,True,2026-08-15T12:00:00+00:00,GEN-20260815T120000Z-bcb100dcba34,GENERATED
20210110,2021-01-10,10,Sunday,1,1,January,1,2021,True,2026-08-15T12:00:00+00:00,GEN-20260815T120000Z-bcb100dcba34,GENERATED
20210111,2021-01-11,11,Monday,2,1,January,1,2021,False,2026-08-15T12:00:00+00:00,GEN-20260815T120000Z-bcb100dcba34,GENERATED
20210112,2021-01-12,12,Tuesday,2,1,January,1,2021,False,2026-08-15T12:00:00+00:00,GEN-20260815T120000Z-bcb100dcba34,GENERATED
20210113,2021-01-13,13,Wednesday,2,1,January,1,2021,False,2026-08-15T12:00:00+00:00,GEN-20260815T120000Z-bcb100dcba34,GENERATED
20210114,2021-01-14,14,Thursday,2,1,January,1,2021,False,2026-08-15T12:00:00+00:00,GEN-20260815T120000Z-bcb100dcba34,GENERATED
20210115,2021-01-15,15,Friday,2,1,January,1,2021,False,2026-08-15T12:00:00+00:00,GEN-20260815T120000Z-bcb100dcba34,GENERATED
20210116,2021-01-16,16,Saturday,2,1,January,1,2021,True,2026-08-15T12:00:00+00:00,GEN-20260815T120000Z-bcb100dcba34,GENERATED
20210117,2021-01-17,17,Sunday,2,1,January,1,2021,True,2026-08-15T12:00:00+00:00,GEN-20260815T120000Z-bcb100dcba34,GENERATED
20210118,2021-01-18,18,Monday,3,1,January,1,2021,False,2026-08-15T12:00:00+00:00,GEN-20260815T120000Z-bcb100dcba34,GENERATED
20210119,2021-01-19,19,Tuesday,3,1,January,1,2021,False,2026-08-15T12:00:00+00:00,GEN-20260815T120000Z-bcb100dcba34,GENERATED
20210120,2021-01-20,20,Wednesday,3,1,January,1,2021,False,2026-08-15T12:00:00+00:00,GEN-20260815T120000Z-bcb100dcba34,GENERATED
20210121,2021-01-21,21,Thursday,3,1,January,1,2021,False,2026-08-15T12:00:00+00:00,GEN-20260815T120000Z-bcb100dcba34,GENERATED
20210122,2021-01-22,22,Friday,3,1,January,1,2021,False,2026-08-15T12:00:00+00:00,GEN-20260815T120000Z-bcb100dcba34,GENERATED
20210123,2021-01-23,23,Saturday,3,1,January,1,2021,True,2026-08-15T12:00:00+00:00,GEN-20260815T120000Z-bcb100dcba34,GENERATED
20210124,2021-01-24,24,Sunday,3,1,January,1,2021,True,2026-08-15T12:00:00+00:00,GEN-20260815T120000Z-bcb100dcba34,GENERATED
20210125,2021-01-25,25,Monday,4,1,January,1,2021,False,2026-08-15T12:00:00+00:00,GEN-20260815T120000Z-bcb100dcba34,GENERATED
20210126,2021-01-26,26,Tuesday,4,1,January,1,2021,False,2026-08-15T12:00:00+00:00,GEN-20260815T120000Z-bcb100dcba34,GENERATED
20210127,2021-01-27,27,Wednesday,4,1,January,1,2021,False,2026-08-15T12:00:00+00:00,GEN-20260815T120000Z-bcb100dcba34,GENERATED
20210128,2021-01-28,28,Thursday,4,1,January,1,2021,False,2026-08-15T12:00:00+00:00,GEN-20260815T120000Z-bcb100dcba34,GENERATED
20210129,2021-01-29,29,Friday,4,1,January,1,2021,False,2026-08-15T12:00:00+00:00,GEN-20260815T120000Z-bcb100dcba34,GENERATED
20210130,2021-01-30,30,Saturday,4,1,January,1,2021,True,2026-08-15T12:00:00+00:00,GEN-20260815T120000Z-bcb100dcba34,GENERATED
20210131,2021-01-31,31,Sunday,4,1,January,1,2021,True,2026-08-15T12:00:00+00:00,GEN-20260815T120000Z-bcb100dcba34,GENERATED
20210201,2021-02-01,1,Monday,5,2,February,1,2021,False,2026-08-15T12:00:00+00:00,GEN-20260815T120000Z-bcb100dcba34,GENERATED
20210202,2021-02-02,2,Tuesday,5,2,February,1,2021,False,2026-08-15T12:00:00+00:00,GEN-20260815T120000Z-bcb100dcba34,GENERATED
20210203,2021-02-03,3,Wednesday,5,2,February,1,2021,False,2026-08-15T12:00:00+00:00,GEN-20260815T120000Z-bcb100dcba34,GENERATED
20210204,2021-02-04,4,Thursday,5,2,February,1,2021,False,2026-08-15T12:00:00+00:00,GEN-20260815T120000Z-bcb100dcba34,GENERATED
20210205,2021-02-05,5,Friday,5,2,February,1,2021,False,2026-08-15T12:00:00+00:00,GEN-20260815T120000Z-bcb100dcba34,GENERATED
20210206,2021-02-06,6,Saturday,5,2,February,1,2021,True,2026-08-15T12:00:00+00:00,GEN-20260815T120000Z-bcb100dcba34,GENERATED
20210207,2021-02-07,7,Sunday,5,2,February,1,2021,True,2026-08-15T12:00:00+00:00,GEN-20260815T120000Z-bcb100dcba34,GENERATED
20210208,2021-02-08,8,Monday,6,2,February,1,2021,False,2026-08-15T12:00:00+00:00,GEN-20260815T120000Z-bcb100dcba34,GENERATED
20210209,2021-02-09,9,Tuesday,6,2,February,1,2021,False,2026-08-15T12:00:00+00:00,GEN-20260815T120000Z-bcb100dcba34,GENERATED
20210210,2021-02-10,10,Wednesday,6,2,February,1,2021,False,2026-08-15T12:00:00+00:00,GEN-20260815T120000Z-bcb100dcba34,GENERATED
20210211,2021-02-11,11,Thursday,6,2,February,1,2021,False,2026-08-15T12:00:00+00:00,GEN-20260815T120000Z-bcb100dcba34,GENERATED
20210212,2021-02-12,12,Friday,6,2,February,1,2021,False,2026-08-15T12:00:00+00:00,GEN-20260815T120000Z-bcb100dcba34,GENERATED
20210213,2021-02-13,13,Saturday,6,2,February,1,2021,True,2026-08-15T12:00:00+00:00,GEN-20260815T120000Z-bcb100dcba34,GENERATED
20210214,2021-02-14,14,Sunday,6,2,February,1,2021,True,2026-08-15T12:00:00+00:00,GEN-20260815T120000Z-bcb100dcba34,GENERATED
20210215,2021-02-15,15,Monday,7,2,February,1,2021,False,2026-08-15T12:00:00+00:00,GEN-20260815T120000Z-bcb100dcba34,GENERATED
20210216,2021-02-16,16,Tuesday,7,2,February,1,2021,False,2026-08-15T12:00:00+00:00,GEN-20260815T120000Z-bcb100dcba34,GENERATED
20210217,2021-02-17,17,Wednesday,7,2,February,1,2021,False,2026-08-15T12:00:00+00:00,GEN-20260815T120000Z-bcb100dcba34,GENERATED
20210218,2021-02-18,18,Thursday,7,2,February,1,2021,False,2026-08-15T12:00:00+00:00,GEN-20260815T120000Z-bcb100dcba34,GENERATED
20210219,2021-02-19,19,Friday,7,2,February,1,2021,False,2026-08-15T12:00:00+00:00,GEN-20260815T120000Z-bcb100dcba34,GENERATED
20210220,2021-02-20,20,Saturday,7,2,February,1,2021,True,2026-08-15T12:00:00+00:00,GEN-20260815T120000Z-bcb100dcba34,GENERATED
20210221,2021-02-21,21,Sunday,7,2,February,1,2021,True,2026-08-15T12:00:00+00:00,GEN-20260815T120000Z-bcb100dcba34,GENERATED
20210222,2021-02-22,22,Monday,8,2,February,1,2021,False,2026-08-15T12:00:00+00:00,GEN-20260815T120000Z-bcb100dcba34,GENERATED
20210223,2021-02-23,23,Tuesday,8,2,February,1,2021,False,2026-08-15T12:00:00+00:00,GEN-20260815T120000Z-bcb100dcba34,GENERATED
20210224,2021-02-24,24,Wednesday,8,2,February,1,2021,False,2026-08-15T12:00:00+00:00,GEN-20260815T120000Z-bcb100dcba34,GENERATED
20210225,2021-02-25,25,Thursday,8,2,February,1,2021,False,2026-08-15T12:00:00+00:00,GEN-20260815T120000Z-bcb100dcba34,GENERATED
20210226,2021-02-26,26,Friday,8,2,February,1,2021,False,2026-08-15T12:00:00+00:00,GEN-20260815T120000Z-bcb100dcba34,GENERATED
20210227,2021-02-27,27,Saturday,8,2,February,1,2021,True,2026-08-15T12:00:00+00:00,GEN-20260815T120000Z-bcb100dcba34,GENERATED
20210228,2021-02-28,28,Sunday,8,2,February,1,2021,True,2026-08-15T12:00:00+00:00,GEN-20260815T120000Z-bcb100dcba34,GENERATED
20210301,2021-03-01,1,Monday,9,3,March,1,2021,False,2026-08-15T12:00:00+00:00,GEN-20260815T120000Z-bcb100dcba34,GENERATED
20210302,2021-03-02,2,Tuesday,9,3,March,1,2021,False,2026-08-15T12:00:00+00:00,GEN-20260815T120000Z-bcb100dcba34,GENERATED
20210303,2021-03-03,3,Wednesday,9,3,March,1,2021,False,2026-08-15T12:00:00+00:00,GEN-20260815T120000Z-bcb100dcba34,GENERATED
20210304,2021-03-04,4,Thursday,9,3,March,1,2021,False,2026-08-15T12:00:00+00:00,GEN-20260815T120000Z-bcb100dcba34,GENERATED
20210305,2021-03-05,5,Friday,9,3,March,1,2021,False,2026-08-15T12:00:00+00:00,GEN-20260815T120000Z-bcb100dcba34,GENERATED
20210306,2021-03-06,6,Saturday,9,3,March,1,2021,True,2026-08-15T12:00:00+00:00,GEN-20260815T120000Z-bcb100dcba34,GENERATED
20210307,2021-03-07,7,Sunday,9,3,March,1,2021,True,2026-08-15T12:00:00+00:00,GEN-20260815T120000Z-bcb100dcba34,GENERATED
20210308,2021-03-08,8,Monday,10,3,March,1,2021,False,2026-08-15T12:00:00+00:00,GEN-20260815T120000Z-bcb100dcba34,GENERATED
20210309,2021-03-09,9,Tuesday,10,3,March,1,2021,False,2026-08-15T12:00:00+00:00,GEN-20260815T120000Z-bcb100dcba34,GENERATED
20210310,2021-03-10,10,Wednesday,10,3,March,1,2021,False,2026-08-15T12:00:00+00:00,GEN-20260815T120000Z-bcb100dcba34,GENERATED
20210311,2021-03-11,11,Thursday,10,3,March,1,2021,False,2026-08-15T12:00:00+00:00,GEN-20260815T120000Z-bcb100dcba34,GENERATED
20210312,2021-03-12,12,Friday,10,3,March,1,2021,False,2026-08-15T12:00:00+00:00,GEN-20260815T120000Z-bcb100dcba34,GENERATED
20210313,2021-03-13,13,Saturday,10,3,March,1,2021,True,2026-08-15T12:00:00+00:00,GEN-20260815T120000Z-bcb100dcba34,GENERATED
20210314,2021-03-14,14,Sunday,10,3,March,1,2021,True,2026-08-15T12:00:00+00:00,GEN-20260815T120000Z-bcb100dcba34,GENERATED
20210315,2021-03-15,15,Monday,11,3,March,1,2021,False,2026-08-15T12:00:00+00:00,GEN-20260815T120000Z-bcb100dcba34,GENERATED
20210316,2021-03-16,16,Tuesday,11,3,March,1,2021,False,2026-08-15T12:00:00+00:00,GEN-20260815T120000Z-bcb100dcba34,GENERATED
20210317,2021-03-17,17,Wednesday,11,3,March,1,2021,False,2026-08-15T12:00:00+00:00,GEN-20260815T120000Z-bcb100dcba34,GENERATED
20210318,2021-03-18,18,Thursday,11,3,March,1,2021,False,2026-08-15T12:00:00+00:00,GEN-20260815T120000Z-bcb100dcba34,GENERATED
20210319,2021-03-19,19,Friday,11,3,March,1,2021,False,2026-08-15T12:00:00+00:00,GEN-20260815T120000Z-bcb100dcba34,GENERATED
20210320,2021-03-20,20,Saturday,11,3,March,1,2021,True,2026-08-15T12:00:00+00:00,GEN-20260815T120000Z-bcb100dcba34,GENERATED
20210321,2021-03-21,21,Sunday,11,3,March,1,2021,True,2026-08-15T12:00:00+00:00,GEN-20260815T120000Z-bcb100dcba34,GENERATED
20210322,2021-03-22,22,Monday,12,3,March,1,2021,False,2026-08-15T12:00:00+00:00,GEN-20260815T120000Z-bcb100dcba34,GENERATED
20210323,2021-03-23,23,Tuesday,12,3,March,1,2021,False,2026-08-15T12:00:00+00:00,GEN-20260815T120000Z-bcb100dcba34,GENERATED
20210324,2021-03-24,24,Wednesday,12,3,March,1,2021,False,2026-08-15T12:00:00+00:00,GEN-20260815T120000Z-bcb100dcba34,GENERATED
20210325,2021-03-25,25,Thursday,12,3,March,1,2021,False,2026-08-15T12:00:00+00:00,GEN-20260815T120000Z-bcb100dcba34,GENERATED
20210326,2021-03-26,26,Friday,12,3,March,1,2021,False,2026-08-15T12:00:00+00:00,GEN-20260815T120000Z-bcb100dcba34,GENERATED
20210327,2021-03-27,27,Saturday,12,3,March,1,2021,True,2026-08-15T12:00:00+00:00,GEN-20260815T120000Z-bcb100dcba34,GENERATED
20210328,2021-03-28,28,Sunday,12,3,March,1,2021,True,2026-08-15T12:00:00+00:00,GEN-20260815T120000Z-bcb100dcba34,GENERATED
20210329,2021-03-29,29,Monday,13,3,March,1,2021,False,2026-08-15T12:00:00+00:00,GEN-20260815T120000Z-bcb100dcba34,GENERATED
20210330,2021-03-30,30,Tuesday,13,3,March,1,2021,False,2026-08-15T12:00:00+00:00,GEN-20260815T120000Z-bcb100dcba34,GENERATED
20210331,2021-03-31,31,Wednesday,13,3,March,1,2021,False,2026-08-15T12:00:00+00:00,GEN-20260815T120000Z-bcb100dcba34,GENERATED
20210401,2021-04-01,1,Thursday,13,4,April,2,2021,False,2026-08-15T12:00:00+00:00,GEN-20260815T120000Z-bcb100dcba34,GENERATED
20210402,2021-04-02,2,Friday,13,4,April,2,2021,False,2026-08-15T12:00:00+00:00,GEN-20260815T120000Z-bcb100dcba34,GENERATED
20210403,2021-04-03,3,Saturday,13,4,April,2,2021,True,2026-08-15T12:00:00+00:00,GEN-20260815T120000Z-bcb100dcba34,GENERATED
20210404,2021-04-04,4,Sunday,13,4,April,2,2021,True,2026-08-15T12:00:00+00:00,GEN-20260815T120000Z-bcb100dcba34,GENERATED
20210405,2021-04-05,5,Monday,14,4,April,2,2021,False,2026-08-15T12:00:00+00:00,GEN-20260815T120000Z-bcb100dcba34,GENERATED
20210406,2021-04-06,6,Tuesday,14,4,April,2,2021,False,2026-08-15T12:00:00+00:00,GEN-20260815T120000Z-bcb100dcba34,GENERATED
20210407,2021-04-07,7,Wednesday,14,4,April,2,2021,False,2026-08-15T12:00:00+00:00,GEN-20260815T120000Z-bcb100dcba34,GENERATED
20210408,2021-04-08,8,Thursday,14,4,April,2,2021,False,2026-08-15T12:00:00+00:00,GEN-20260815T120000Z-bcb100dcba34,GENERATED
20210409,2021-04-09,9,Friday,14,4,April,2,2021,False,2026-08-15T12:00:00+00:00,GEN-20260815T120000Z-bcb100dcba34,GENERATED
20210410,2021-04-10,10,Saturday,14,4,April,2,2021,True,2026-08-15T12:00:00+00:00,GEN-20260815T120000Z-bcb100dcba34,GENERATED
20210411,2021-04-11,11,Sunday,14,4,April,2,2021,True,2026-08-15T12:00:00+00:00,GEN-20260815T120000Z-bcb100dcba34,GENERATED
20210412,2021-04-12,12,Monday,15,4,April,2,2021,False,2026-08-15T12:00:00+00:00,GEN-20260815T120000Z-bcb100dcba34,GENERATED
20210413,2021-04-13,13,Tuesday,15,4,April,2,2021,False,2026-08-15T12:00:00+00:00,GEN-20260815T120000Z-bcb100dcba34,GENERATED
20210414,2021-04-14,14,Wednesday,15,4,April,2,2021,False,2026-08-15T12:00:00+00:00,GEN-20260815T120000Z-bcb100dcba34,GENERATED
20210415,2021-04-15,15,Thursday,15,4,April,2,2021,False,2026-08-15T12:00:00+00:00,GEN-20260815T120000Z-bcb100dcba34,GENERATED
20210416,2021-04-16,16,Friday,15,4,April,2,2021,False,2026-08-15T12:00:00+00:00,GEN-20260815T120000Z-bcb100dcba34,GENERATED
20210417,2021-04-17,17,Saturday,15,4,April,2,2021,True,2026-08-15T12:00:00+00:00,GEN-20260815T120000Z-bcb100dcba34,GENERATED
20210418,2021-04-18,18,Sunday,15,4,April,2,2021,True,2026-08-15T12:00:00+00:00,GEN-20260815T120000Z-bcb100dcba34,GENERATED
20210419,2021-04-19,19,Monday,16,4,April,2,2021,False,2026-08-15T12:00:00+00:00,GEN-20260815T120000Z-bcb100dcba34,GENERATED
20210420,2021-04-20,20,Tuesday,16,4,April,2,2021,False,2026-08-15T12:00:00+00:00,GEN-20260815T120000Z-bcb100dcba34,GENERATED
20210421,2021-04-21,21,Wednesday,16,4,April,2,2021,False,2026-08-15T12:00:00+00:00,GEN-20260815T120000Z-bcb100dcba34,GENERATED
20210422,2021-04-22,22,Thursday,16,4,April,2,2021,False,2026-08-15T12:00:00+00:00,GEN-20260815T120000Z-bcb100dcba34,GENERATED
20210423,2021-04-23,23,Friday,16,4,April,2,2021,False,2026-08-15T12:00:00+00:00,GEN-20260815T120000Z-bcb100dcba34,GENERATED
20210424,2021-04-24,24,Saturday,16,4,April,2,2021,True,2026-08-15T12:00:00+00:00,GEN-20260815T120000Z-bcb100dcba34,GENERATED
20210425,2021-04-25,25,Sunday,16,4,April,2,2021,True,2026-08-15T12:00:00+00:00,GEN-20260815T120000Z-bcb100dcba34,GENERATED
20210426,2021-04-26,26,Monday,17,4,April,2,2021,False,2026-08-15T12:00:00+00:00,GEN-20260815T120000Z-bcb100dcba34,GENERATED
20210427,2021-04-27,27,Tuesday,17,4,April,2,2021,False,2026-08-15T12:00:00+00:00,GEN-20260815T120000Z-bcb100dcba34,GENERATED
20210428,2021-04-28,28,Wednesday,17,4,April,2,2021,False,2026-08-15T12:00:00+00:00,GEN-20260815T120000Z-bcb100dcba34,GENERATED
20210429,2021-04-29,29,Thursday,17,4,April,2,2021,False,2026-08-15T12:00:00+00:00,GEN-20260815T120000Z-bcb100dcba34,GENERATED
20210430,2021-04-30,30,Friday,17,4,April,2,2021,False,2026-08-15T12:00:00+00:00,GEN-20260815T120000Z-bcb100dcba34,GENERATED
20210501,2021-05-01,1,Saturday,17,5,May,2,2021,True,2026-08-15T12:00:00+00:00,GEN-20260815T120000Z-bcb100dcba34,GENERATED
20210502,2021-05-02,2,Sunday,17,5,May,2,2021,True,2026-08-15T12:00:00+00:00,GEN-20260815T120000Z-bcb100dcba34,GENERATED
20210503,2021-05-03,3,Monday,18,5,May,2,2021,False,2026-08-15T12:00:00+00:00,GEN-20260815T120000Z-bcb100dcba34,GENERATED
20210504,2021-05-04,4,Tuesday,18,5,May,2,2021,False,2026-08-15T12:00:00+00:00,GEN-20260815T120000Z-bcb100dcba34,GENERATED
20210505,2021-05-05,5,Wednesday,18,5,May,2,2021,False,2026-08-15T12:00:00+00:00,GEN-20260815T120000Z-bcb100dcba34,GENERATED
20210506,2021-05-06,6,Thursday,18,5,May,2,2021,False,2026-08-15T12:00:00+00:00,GEN-20260815T120000Z-bcb100dcba34,GENERATED
20210507,2021-05-07,7,Friday,18,5,May,2,2021,False,2026-08-15T12:00:00+00:00,GEN-20260815T120000Z-bcb100dcba34,GENERATED
20210508,2021-05-08,8,Saturday,18,5,May,2,2021,True,2026-08-15T12:00:00+00:00,GEN-20260815T120000Z-bcb100dcba34,GENERATED
20210509,2021-05-09,9,Sunday,18,5,May,2,2021,True,2026-08-15T12:00:00+00:00,GEN-20260815T120000Z-bcb100dcba34,GENERATED
20210510,2021-05-10,10,Monday,19,5,May,2,2021,False,2026-08-15T12:00:00+00:00,GEN-20260815T120000Z-bcb100dcba34,GENERATED
20210511,2021-05-11,11,Tuesday,19,5,May,2,2021,False,2026-08-15T12:00:00+00:00,GEN-20260815T120000Z-bcb100dcba34,GENERATED
20210512,2021-05-12,12,Wednesday,19,5,May,2,2021,False,2026-08-15T12:00:00+00:00,GEN-20260815T120000Z-bcb100dcba34,GENERATED
20210513,2021-05-13,13,Thursday,19,5,May,2,2021,False,2026-08-15T12:00:00+00:00,GEN-20260815T120000Z-bcb100dcba34,GENERATED
20210514,2021-05-14,14,Friday,19,5,May,2,2021,False,2026-08-15T12:00:00+00:00,GEN-20260815T120000Z-bcb100dcba34,GENERATED
20210515,2021-05-15,15,Saturday,19,5,May,2,2021,True,2026-08-15T12:00:00+00:00,GEN-20260815T120000Z-bcb100dcba34,GENERATED
20210516,2021-05-16,16,Sunday,19,5,May,2,2021,True,2026-08-15T12:00:00+00:00,GEN-20260815T120000Z-bcb100dcba34,GENERATED
20210517,2021-05-17,17,Monday,20,5,May,2,2021,False,2026-08-15T12:00:00+00:00,GEN-20260815T120000Z-bcb100dcba34,GENERATED
20210518,2021-05-18,18,Tuesday,20,5,May,2,2021,False,2026-08-15T12:00:00+00:00,GEN-20260815T120000Z-bcb100dcba34,GENERATED
20210519,2021-05-19,19,Wednesday,20,5,May,2,2021,False,2026-08-15T12:00:00+00:00,GEN-20260815T120000Z-bcb100dcba34,GENERATED
20210520,2021-05-20,20,Thursday,20,5,May,2,2021,False,2026-08-15T12:00:00+00:00,GEN-20260815T120000Z-bcb100dcba34,GENERATED
20210521,2021-05-21,21,Friday,20,5,May,2,2021,False,2026-08-15T12:00:00+00:00,GEN-20260815T120000Z-bcb100dcba34,GENERATED
20210522,2021-05-22,22,Saturday,20,5,May,2,2021,True,2026-08-15T12:00:00+00:00,GEN-20260815T120000Z-bcb100dcba34,GENERATED
20210523,2021-05-23,23,Sunday,20,5,May,2,2021,True,2026-08-15T12:00:00+00:00,GEN-20260815T120000Z-bcb100dcba34,GENERATED
20210524,2021-05-24,24,Monday,21,5,May,2,2021,False,2026-08-15T12:00:00+00:00,GEN-20260815T120000Z-bcb100dcba34,GENERATED
20210525,2021-05-25,25,Tuesday,21,5,May,2,2021,False,2026-08-15T12:00:00+00:00,GEN-20260815T120000Z-bcb100dcba34,GENERATED
20210526,2021-05-26,26,Wednesday,21,5,May,2,2021,False,2026-08-15T12:00:00+00:00,GEN-20260815T120000Z-bcb100dcba34,GENERATED
20210527,2021-05-27,27,Thursday,21,5,May,2,2021,False,2026-08-15T12:00:00+00:00,GEN-20260815T120000Z-bcb100dcba34,GENERATED
20210528,2021-05-28,28,Friday,21,5,May,2,2021,False,2026-08-15T12:00:00+00:00,GEN-20260815T120000Z-bcb100dcba34,GENERATED
20210529,2021-05-29,29,Saturday,21,5,May,2,2021,True,2026-08-15T12:00:00+00:00,GEN-20260815T120000Z-bcb100dcba34,GENERATED
20210530,2021-05-30,30,Sunday,21,5,May,2,2021,True,2026-08-15T12:00:00+00:00,GEN-20260815T120000Z-bcb100dcba34,GENERATED
20210531,2021-05-31,31,Monday,22,5,May,2,2021,False,2026-08-15T12:00:00+00:00,GEN-20260815T120000Z-bcb100dcba34,GENERATED
20210601,2021-06-01,1,Tuesday,22,6,June,2,2021,False,2026-08-15T12:00:00+00:00,GEN-20260815T120000Z-bcb100dcba34,GENERATED
20210602,2021-06-02,2,Wednesday,22,6,June,2,2021,False,2026-08-15T12:00:00+00:00,GEN-20260815T120000Z-bcb100dcba34,GENERATED
20210603,2021-06-03,3,Thursday,22,6,June,2,2021,False,2026-08-15T12:00:00+00:00,GEN-20260815T120000Z-bcb100dcba34,GENERATED
20210604,2021-06-04,4,Friday,22,6,June,2,2021,False,2026-08-15T12:00:00+00:00,GEN-20260815T120000Z-bcb100dcba34,GENERATED
20210605,2021-06-05,5,Saturday,22,6,June,2,2021,True,2026-08-15T12:00:00+00:00,GEN-20260815T120000Z-bcb100dcba34,GENERATED
20210606,2021-06-06,6,Sunday,22,6,June,2,2021,True,2026-08-15T12:00:00+00:00,GEN-20260815T120000Z-bcb100dcba34,GENERATED
20210607,2021-06-07,7,Monday,23,6,June,2,2021,False,2026-08-15T12:00:00+00:00,GEN-20260815T120000Z-bcb100dcba34,GENERATED
20210608,2021-06-08,8,Tuesday,23,6,June,2,2021,False,2026-08-15T12:00:00+00:00,GEN-20260815T120000Z-bcb100dcba34,GENERATED
20210609,2021-06-09,9,Wednesday,23,6,June,2,2021,False,2026-08-15T12:00:00+00:00,GEN-20260815T120000Z-bcb100dcba34,GENERATED
20210610,2021-06-10,10,Thursday,23,6,June,2,2021,False,2026-08-15T12:00:00+00:00,GEN-20260815T120000Z-bcb100dcba34,GENERATED
20210611,2021-06-11,11,Friday,23,6,June,2,2021,False,2026-08-15T12:00:00+00:00,GEN-20260815T120000Z-bcb100dcba34,GENERATED
20210612,2021-06-12,12,Saturday,23,6,June,2,2021,True,2026-08-15T12:00:00+00:00,GEN-20260815T120000Z-bcb100dcba34,GENERATED
20210613,2021-06-13,13,Sunday,23,6,June,2,2021,True,2026-08-15T12:00:00+00:00,GEN-20260815T120000Z-bcb100dcba34,GENERATED
20210614,2021-06-14,14,Monday,24,6,June,2,2021,False,2026-08-15T12:00:00+00:00,GEN-20260815T120000Z-bcb100dcba34,GENERATED
20210615,2021-06-15,15,Tuesday,24,6,June,2,2021,False,2026-08-15T12:00:00+00:00,GEN-20260815T120000Z-bcb100dcba34,GENERATED
20210616,2021-06-16,16,Wednesday,24,6,June,2,2021,False,2026-08-15T12:00:00+00:00,GEN-20260815T120000Z-bcb100dcba34,GENERATED
20210617,2021-06-17,17,Thursday,24,6,June,2,2021,False,2026-08-15T12:00:00+00:00,GEN-20260815T120000Z-bcb100dcba34,GENERATED
20210618,2021-06-18,18,Friday,24,6,June,2,2021,False,2026-08-15T12:00:00+00:00,GEN-20260815T120000Z-bcb100dcba34,GENERATED
20210619,2021-06-19,19,Saturday,24,6,June,2,2021,True,2026-08-15T12:00:00+00:00,GEN-20260815T120000Z-bcb100dcba34,GENERATED
20210620,2021-06-20,20,Sunday,24,6,June,2,2021,True,2026-08-15T12:00:00+00:00,GEN-20260815T120000Z-bcb100dcba34,GENERATED
20210621,2021-06-21,21,Monday,25,6,June,2,2021,False,2026-08-15T12:00:00+00:00,GEN-20260815T120000Z-bcb100dcba34,GENERATED
20210622,2021-06-22,22,Tuesday,25,6,June,2,2021,False,2026-08-15T12:00:00+00:00,GEN-20260815T120000Z-bcb100dcba34,GENERATED
20210623,2021-06-23,23,Wednesday,25,6,June,2,2021,False,2026-08-15T12:00:00+00:00,GEN-20260815T120000Z-bcb100dcba34,GENERATED
20210624,2021-06-24,24,Thursday,25,6,June,2,2021,False,2026-08-15T12:00:00+00:00,GEN-20260815T120000Z-bcb100dcba34,GENERATED
20210625,2021-06-25,25,Friday,25,6,June,2,2021,False,2026-08-15T12:00:00+00:00,GEN-20260815T120000Z-bcb100dcba34,GENERATED
20210626,2021-06-26,26,Saturday,25,6,June,2,2021,True,2026-08-15T12:00:00+00:00,GEN-20260815T120000Z-bcb100dcba34,GENERATED
20210627,2021-06-27,27,Sunday,25,6,June,2,2021,True,2026-08-15T12:00:00+00:00,GEN-20260815T120000Z-bcb100dcba34,GENERATED
20210628,2021-06-28,28,Monday,26,6,June,2,2021,False,2026-08-15T12:00:00+00:00,GEN-20260815T120000Z-bcb100dcba34,GENERATED
20210629,2021-06-29,29,Tuesday,26,6,June,2,2021,False,2026-08-15T12:00:00+00:00,GEN-20260815T120000Z-bcb100dcba34,GENERATED
20210630,2021-06-30,30,Wednesday,26,6,June,2,2021,False,2026-08-15T12:00:00+00:00,GEN-20260815T120000Z-bcb100dcba34,GENERATED
20210701,2021-07-01,1,Thursday,26,7,July,3,2021,False,2026-08-15T12:00:00+00:00,GEN-20260815T120000Z-bcb100dcba34,GENERATED
20210702,2021-07-02,2,Friday,26,7,July,3,2021,False,2026-08-15T12:00:00+00:00,GEN-20260815T120000Z-bcb100dcba34,GENERATED
20210703,2021-07-03,3,Saturday,26,7,July,3,2021,True,2026-08-15T12:00:00+00:00,GEN-20260815T120000Z-bcb100dcba34,GENERATED
20210704,2021-07-04,4,Sunday,26,7,July,3,2021,True,2026-08-15T12:00:00+00:00,GEN-20260815T120000Z-bcb100dcba34,GENERATED
20210705,2021-07-05,5,Monday,27,7,July,3,2021,False,2026-08-15T12:00:00+00:00,GEN-20260815T120000Z-bcb100dcba34,GENERATED
20210706,2021-07-06,6,Tuesday,27,7,July,3,2021,False,2026-08-15T12:00:00+00:00,GEN-20260815T120000Z-bcb100dcba34,GENERATED
20210707,2021-07-07,7,Wednesday,27,7,July,3,2021,False,2026-08-15T12:00:00+00:00,GEN-20260815T120000Z-bcb100dcba34,GENERATED
20210708,2021-07-08,8,Thursday,27,7,July,3,2021,False,2026-08-15T12:00:00+00:00,GEN-20260815T120000Z-bcb100dcba34,GENERATED
20210709,2021-07-09,9,Friday,27,7,July,3,2021,False,2026-08-15T12:00:00+00:00,GEN-20260815T120000Z-bcb100dcba34,GENERATED
20210710,2021-07-10,10,Saturday,27,7,July,3,2021,True,2026-08-15T12:00:00+00:00,GEN-20260815T120000Z-bcb100dcba34,GENERATED
20210711,2021-07-11,11,Sunday,27,7,July,3,2021,True,2026-08-15T12:00:00+00:00,GEN-20260815T120000Z-bcb100dcba34,GENERATED
20210712,2021-07-12,12,Monday,28,7,July,3,2021,False,2026-08-15T12:00:00+00:00,GEN-20260815T120000Z-bcb100dcba34,GENERATED
20210713,2021-07-13,13,Tuesday,28,7,July,3,2021,False,2026-08-15T12:00:00+00:00,GEN-20260815T120000Z-bcb100dcba34,GENERATED
20210714,2021-07-14,14,Wednesday,28,7,July,3,2021,False,2026-08-15T12:00:00+00:00,GEN-20260815T120000Z-bcb100dcba34,GENERATED
20210715,2021-07-15,15,Thursday,28,7,July,3,2021,False,2026-08-15T12:00:00+00:00,GEN-20260815T120000Z-bcb100dcba34,GENERATED
20210716,2021-07-16,16,Friday,28,7,July,3,2021,False,2026-08-15T12:00:00+00:00,GEN-20260815T120000Z-bcb100dcba34,GENERATED
20210717,2021-07-17,17,Saturday,28,7,July,3,2021,True,2026-08-15T12:00:00+00:00,GEN-20260815T120000Z-bcb100dcba34,GENERATED
20210718,2021-07-18,18,Sunday,28,7,July,3,2021,True,2026-08-15T12:00:00+00:00,GEN-20260815T120000Z-bcb100dcba34,GENERATED
20210719,2021-07-19,19,Monday,29,7,July,3,2021,False,2026-08-15T12:00:00+00:00,GEN-20260815T120000Z-bcb100dcba34,GENERATED
20210720,2021-07-20,20,Tuesday,29,7,July,3,2021,False,2026-08-15T12:00:00+00:00,GEN-20260815T120000Z-bcb100dcba34,GENERATED
20210721,2021-07-21,21,Wednesday,29,7,July,3,2021,False,2026-08-15T12:00:00+00:00,GEN-20260815T120000Z-bcb100dcba34,GENERATED
20210722,2021-07-22,22,Thursday,29,7,July,3,2021,False,2026-08-15T12:00:00+00:00,GEN-20260815T120000Z-bcb100dcba34,GENERATED
20210723,2021-07-23,23,Friday,29,7,July,3,2021,False,2026-08-15T12:00:00+00:00,GEN-20260815T120000Z-bcb100dcba34,GENERATED
20210724,2021-07-24,24,Saturday,29,7,July,3,2021,True,2026-08-15T12:00:00+00:00,GEN-20260815T120000Z-bcb100dcba34,GENERATED
20210725,2021-07-25,25,Sunday,29,7,July,3,2021,True,2026-08-15T12:00:00+00:00,GEN-20260815T120000Z-bcb100dcba34,GENERATED
20210726,2021-07-26,26,Monday,30,7,July,3,2021,False,2026-08-15T12:00:00+00:00,GEN-20260815T120000Z-bcb100dcba34,GENERATED
20210727,2021-07-27,27,Tuesday,30,7,July,3,2021,False,2026-08-15T12:00:00+00:00,GEN-20260815T120000Z-bcb100dcba34,GENERATED
20210728,2021-07-28,28,Wednesday,30,7,July,3,2021,False,2026-08-15T12:00:00+00:00,GEN-20260815T120000Z-bcb100dcba34,GENERATED
20210729,2021-07-29,29,Thursday,30,7,July,3,2021,False,2026-08-15T12:00:00+00:00,GEN-20260815T120000Z-bcb100dcba34,GENERATED
20210730,2021-07-30,30,Friday,30,7,July,3,2021,False,2026-08-15T12:00:00+00:00,GEN-20260815T120000Z-bcb100dcba34,GENERATED
20210731,2021-07-31,31,Saturday,30,7,July,3,2021,True,2026-08-15T12:00:00+00:00,GEN-20260815T120000Z-bcb100dcba34,GENERATED
20210801,2021-08-01,1,Sunday,30,8,August,3,2021,True,2026-08-15T12:00:00+00:00,GEN-20260815T120000Z-bcb100dcba34,GENERATED
20210802,2021-08-02,2,Monday,31,8,August,3,2021,False,2026-08-15T12:00:00+00:00,GEN-20260815T120000Z-bcb100dcba34,GENERATED
20210803,2021-08-03,3,Tuesday,31,8,August,3,2021,False,2026-08-15T12:00:00+00:00,GEN-20260815T120000Z-bcb100dcba34,GENERATED
20210804,2021-08-04,4,Wednesday,31,8,August,3,2021,False,2026-08-15T12:00:00+00:00,GEN-20260815T120000Z-bcb100dcba34,GENERATED
20210805,2021-08-05,5,Thursday,31,8,August,3,2021,False,2026-08-15T12:00:00+00:00,GEN-20260815T120000Z-bcb100dcba34,GENERATED
20210806,2021-08-06,6,Friday,31,8,August,3,2021,False,2026-08-15T12:00:00+00:00,GEN-20260815T120000Z-bcb100dcba34,GENERATED
20210807,2021-08-07,7,Saturday,31,8,August,3,2021,True,2026-08-15T12:00:00+00:00,GEN-20260815T120000Z-bcb100dcba34,GENERATED
20210808,2021-08-08,8,Sunday,31,8,August,3,2021,True,2026-08-15T12:00:00+00:00,GEN-20260815T120000Z-bcb100dcba34,GENERATED
20210809,2021-08-09,9,Monday,32,8,August,3,2021,False,2026-08-15T12:00:00+00:00,GEN-20260815T120000Z-bcb100dcba34,GENERATED
20210810,2021-08-10,10,Tuesday,32,8,August,3,2021,False,2026-08-15T12:00:00+00:00,GEN-20260815T120000Z-bcb100dcba34,GENERATED
20210811,2021-08-11,11,Wednesday,32,8,August,3,2021,False,2026-08-15T12:00:00+00:00,GEN-20260815T120000Z-bcb100dcba34,GENERATED
20210812,2021-08-12,12,Thursday,32,8,August,3,2021,False,2026-08-15T12:00:00+00:00,GEN-20260815T120000Z-bcb100dcba34,GENERATED
20210813,2021-08-13,13,Friday,32,8,August,3,2021,False,2026-08-15T12:00:00+00:00,GEN-20260815T120000Z-bcb100dcba34,GENERATED
20210814,2021-08-14,14,Saturday,32,8,August,3,2021,True,2026-08-15T12:00:00+00:00,GEN-20260815T120000Z-bcb100dcba34,GENERATED
20210815,2021-08-15,15,Sunday,32,8,August,3,2021,True,2026-08-15T12:00:00+00:00,GEN-20260815T120000Z-bcb100dcba34,GENERATED
20210816,2021-08-16,16,Monday,33,8,August,3,2021,False,2026-08-15T12:00:00+00:00,GEN-20260815T120000Z-bcb100dcba34,GENERATED
20210817,2021-08-17,17,Tuesday,33,8,August,3,2021,False,2026-08-15T12:00:00+00:00,GEN-20260815T120000Z-bcb100dcba34,GENERATED
20210818,2021-08-18,18,Wednesday,33,8,August,3,2021,False,2026-08-15T12:00:00+00:00,GEN-20260815T120000Z-bcb100dcba34,GENERATED
20210819,2021-08-19,19,Thursday,33,8,August,3,2021,False,2026-08-15T12:00:00+00:00,GEN-20260815T120000Z-bcb100dcba34,GENERATED
20210820,2021-08-20,20,Friday,33,8,August,3,2021,False,2026-08-15T12:00:00+00:00,GEN-20260815T120000Z-bcb100dcba34,GENERATED
20210821,2021-08-21,21,Saturday,33,8,August,3,2021,True,2026-08-15T12:00:00+00:00,GEN-20260815T120000Z-bcb100dcba34,GENERATED
20210822,2021-08-22,22,Sunday,33,8,August,3,2021,True,2026-08-15T12:00:00+00:00,GEN-20260815T120000Z-bcb100dcba34,GENERATED
20210823,2021-08-23,23,Monday,34,8,August,3,2021,False,2026-08-15T12:00:00+00:00,GEN-20260815T120000Z-bcb100dcba34,GENERATED
20210824,2021-08-24,24,Tuesday,34,8,August,3,2021,False,2026-08-15T12:00:00+00:00,GEN-20260815T120000Z-bcb100dcba34,GENERATED
20210825,2021-08-25,25,Wednesday,34,8,August,3,2021,False,2026-08-15T12:00:00+00:00,GEN-20260815T120000Z-bcb100dcba34,GENERATED
20210826,2021-08-26,26,Thursday,34,8,August,3,2021,False,2026-08-15T12:00:00+00:00,GEN-20260815T120000Z-bcb100dcba34,GENERATED
20210827,2021-08-27,27,Friday,34,8,August,3,2021,False,2026-08-15T12:00:00+00:00,GEN-20260815T120000Z-bcb100dcba34,GENERATED
20210828,2021-08-28,28,Saturday,34,8,August,3,2021,True,2026-08-15T12:00:00+00:00,GEN-20260815T120000Z-bcb100dcba34,GENERATED
20210829,2021-08-29,29,Sunday,34,8,August,3,2021,True,2026-08-15T12:00:00+00:00,GEN-20260815T120000Z-bcb100dcba34,GENERATED
20210830,2021-08-30,30,Monday,35,8,August,3,2021,False,2026-08-15T12:00:00+00:00,GEN-20260815T120000Z-bcb100dcba34,GENERATED
20210831,2021-08-31,31,Tuesday,35,8,August,3,2021,False,2026-08-15T12:00:00+00:00,GEN-20260815T120000Z-bcb100dcba34,GENERATED
20210901,2021-09-01,1,Wednesday,35,9,September,3,2021,False,2026-08-15T12:00:00+00:00,GEN-20260815T120000Z-bcb100dcba34,GENERATED
20210902,2021-09-02,2,Thursday,35,9,September,3,2021,False,2026-08-15T12:00:00+00:00,GEN-20260815T120000Z-bcb100dcba34,GENERATED
20210903,2021-09-03,3,Friday,35,9,September,3,2021,False,2026-08-15T12:00:00+00:00,GEN-20260815T120000Z-bcb100dcba34,GENERATED
20210904,2021-09-04,4,Saturday,35,9,September,3,2021,True,2026-08-15T12:00:00+00:00,GEN-20260815T120000Z-bcb100dcba34,GENERATED
20210905,2021-09-05,5,Sunday,35,9,September,3,2021,True,2026-08-15T12:00:00+00:00,GEN-20260815T120000Z-bcb100dcba34,GENERATED
20210906,2021-09-06,6,Monday,36,9,September,3,2021,False,2026-08-15T12:00:00+00:00,GEN-20260815T120000Z-bcb100dcba34,GENERATED
20210907,2021-09-07,7,Tuesday,36,9,September,3,2021,False,2026-08-15T12:00:00+00:00,GEN-20260815T120000Z-bcb100dcba34,GENERATED
20210908,2021-09-08,8,Wednesday,36,9,September,3,2021,False,2026-08-15T12:00:00+00:00,GEN-20260815T120000Z-bcb100dcba34,GENERATED
20210909,2021-09-09,9,Thursday,36,9,September,3,2021,False,2026-08-15T12:00:00+00:00,GEN-20260815T120000Z-bcb100dcba34,GENERATED
20210910,2021-09-10,10,Friday,36,9,September,3,2021,False,2026-08-15T12:00:00+00:00,GEN-20260815T120000Z-bcb100dcba34,GENERATED
20210911,2021-09-11,11,Saturday,36,9,September,3,2021,True,2026-08-15T12:00:00+00:00,GEN-20260815T120000Z-bcb100dcba34,GENERATED
20210912,2021-09-12,12,Sunday,36,9,September,3,2021,True,2026-08-15T12:00:00+00:00,GEN-20260815T120000Z-bcb100dcba34,GENERATED
20210913,2021-09-13,13,Monday,37,9,September,3,2021,False,2026-08-15T12:00:00+00:00,GEN-20260815T120000Z-bcb100dcba34,GENERATED
20210914,2021-09-14,14,Tuesday,37,9,September,3,2021,False,2026-08-15T12:00:00+00:00,GEN-20260815T120000Z-bcb100dcba34,GENERATED
20210915,2021-09-15,15,Wednesday,37,9,September,3,2021,False,2026-08-15T12:00:00+00:00,GEN-20260815T120000Z-bcb100dcba34,GENERATED
20210916,2021-09-16,16,Thursday,37,9,September,3,2021,False,2026-08-15T12:00:00+00:00,GEN-20260815T120000Z-bcb100dcba34,GENERATED
20210917,2021-09-17,17,Friday,37,9,September,3,2021,False,2026-08-15T12:00:00+00:00,GEN-20260815T120000Z-bcb100dcba34,GENERATED
20210918,2021-09-18,18,Saturday,37,9,September,3,2021,True,2026-08-15T12:00:00+00:00,GEN-20260815T120000Z-bcb100dcba34,GENERATED
20210919,2021-09-19,19,Sunday,37,9,September,3,2021,True,2026-08-15T12:00:00+00:00,GEN-20260815T120000Z-bcb100dcba34,GENERATED
20210920,2021-09-20,20,Monday,38,9,September,3,2021,False,2026-08-15T12:00:00+00:00,GEN-20260815T120000Z-bcb100dcba34,GENERATED
20210921,2021-09-21,21,Tuesday,38,9,September,3,2021,False,2026-08-15T12:00:00+00:00,GEN-20260815T120000Z-bcb100dcba34,GENERATED
20210922,2021-09-22,22,Wednesday,38,9,September,3,2021,False,2026-08-15T12:00:00+00:00,GEN-20260815T120000Z-bcb100dcba34,GENERATED
20210923,2021-09-23,23,Thursday,38,9,September,3,2021,False,2026-08-15T12:00:00+00:00,GEN-20260815T120000Z-bcb100dcba34,GENERATED
20210924,2021-09-24,24,Friday,38,9,September,3,2021,False,2026-08-15T12:00:00+00:00,GEN-20260815T120000Z-bcb100dcba34,GENERATED
20210925,2021-09-25,25,Saturday,38,9,September,3,2021,True,2026-08-15T12:00:00+00:00,GEN-20260815T120000Z-bcb100dcba34,GENERATED
20210926,2021-09-26,26,Sunday,38,9,September,3,2021,True,2026-08-15T12:00:00+00:00,GEN-20260815T120000Z-bcb100dcba34,GENERATED
20210927,2021-09-27,27,Monday,39,9,September,3,2021,False,2026-08-15T12:00:00+00:00,GEN-20260815T120000Z-bcb100dcba34,GENERATED
20210928,2021-09-28,28,Tuesday,39,9,September,3,2021,False,2026-08-15T12:00:00+00:00,GEN-20260815T120000Z-bcb100dcba34,GENERATED
20210929,2021-09-29,29,Wednesday,39,9,September,3,2021,False,2026-08-15T12:00:00+00:00,GEN-20260815T120000Z-bcb100dcba34,GENERATED
20210930,2021-09-30,30,Thursday,39,9,September,3,2021,False,2026-08-15T12:00:00+00:00,GEN-20260815T120000Z-bcb100dcba34,GENERATED
20211001,2021-10-01,1,Friday,39,10,October,4,2021,False,2026-08-15T12:00:00+00:00,GEN-20260815T120000Z-bcb100dcba34,GENERATED
20211002,2021-10-02,2,Saturday,39,10,October,4,2021,True,2026-08-15T12:00:00+00:00,GEN-20260815T120000Z-bcb100dcba34,GENERATED
20211003,2021-10-03,3,Sunday,39,10,October,4,2021,True,2026-08-15T12:00:00+00:00,GEN-20260815T120000Z-bcb100dcba34,GENERATED
20211004,2021-10-04,4,Monday,40,10,October,4,2021,False,2026-08-15T12:00:00+00:00,GEN-20260815T120000Z-bcb100dcba34,GENERATED
20211005,2021-10-05,5,Tuesday,40,10,October,4,2021,False,2026-08-15T12:00:00+00:00,GEN-20260815T120000Z-bcb100dcba34,GENERATED
20211006,2021-10-06,6,Wednesday,40,10,October,4,2021,False,2026-08-15T12:00:00+00:00,GEN-20260815T120000Z-bcb100dcba34,GENERATED
20211007,2021-10-07,7,Thursday,40,10,October,4,2021,False,2026-08-15T12:00:00+00:00,GEN-20260815T120000Z-bcb100dcba34,GENERATED
20211008,2021-10-08,8,Friday,40,10,October,4,2021,False,2026-08-15T12:00:00+00:00,GEN-20260815T120000Z-bcb100dcba34,GENERATED
20211009,2021-10-09,9,Saturday,40,10,October,4,2021,True,2026-08-15T12:00:00+00:00,GEN-20260815T120000Z-bcb100dcba34,GENERATED
20211010,2021-10-10,10,Sunday,40,10,October,4,2021,True,2026-08-15T12:00:00+00:00,GEN-20260815T120000Z-bcb100dcba34,GENERATED
20211011,2021-10-11,11,Monday,41,10,October,4,2021,False,2026-08-15T12:00:00+00:00,GEN-20260815T120000Z-bcb100dcba34,GENERATED
20211012,2021-10-12,12,Tuesday,41,10,October,4,2021,False,2026-08-15T12:00:00+00:00,GEN-20260815T120000Z-bcb100dcba34,GENERATED
20211013,2021-10-13,13,Wednesday,41,10,October,4,2021,False,2026-08-15T12:00:00+00:00,GEN-20260815T120000Z-bcb100dcba34,GENERATED
20211014,2021-10-14,14,Thursday,41,10,October,4,2021,False,2026-08-15T12:00:00+00:00,GEN-20260815T120000Z-bcb100dcba34,GENERATED
20211015,2021-10-15,15,Friday,41,10,October,4,2021,False,2026-08-15T12:00:00+00:00,GEN-20260815T120000Z-bcb100dcba34,GENERATED
20211016,2021-10-16,16,Saturday,41,10,October,4,2021,True,2026-08-15T12:00:00+00:00,GEN-20260815T120000Z-bcb100dcba34,GENERATED
20211017,2021-10-17,17,Sunday,41,10,October,4,2021,True,2026-08-15T12:00:00+00:00,GEN-20260815T120000Z-bcb100dcba34,GENERATED
20211018,2021-10-18,18,Monday,42,10,October,4,2021,False,2026-08-15T12:00:00+00:00,GEN-20260815T120000Z-bcb100dcba34,GENERATED
20211019,2021-10-19,19,Tuesday,42,10,October,4,2021,False,2026-08-15T12:00:00+00:00,GEN-20260815T120000Z-bcb100dcba34,GENERATED
20211020,2021-10-20,20,Wednesday,42,10,October,4,2021,False,2026-08-15T12:00:00+00:00,GEN-20260815T120000Z-bcb100dcba34,GENERATED
20211021,2021-10-21,21,Thursday,42,10,October,4,2021,False,2026-08-15T12:00:00+00:00,GEN-20260815T120000Z-bcb100dcba34,GENERATED
20211022,2021-10-22,22,Friday,42,10,October,4,2021,False,2026-08-15T12:00:00+00:00,GEN-20260815T120000Z-bcb100dcba34,GENERATED
20211023,2021-10-23,23,Saturday,42,10,October,4,2021,True,2026-08-15T12:00:00+00:00,GEN-20260815T120000Z-bcb100dcba34,GENERATED
20211024,2021-10-24,24,Sunday,42,10,October,4,2021,True,2026-08-15T12:00:00+00:00,GEN-20260815T120000Z-bcb100dcba34,GENERATED
20211025,2021-10-25,25,Monday,43,10,October,4,2021,False,2026-08-15T12:00:00+00:00,GEN-20260815T120000Z-bcb100dcba34,GENERATED
20211026,2021-10-26,26,Tuesday,43,10,October,4,2021,False,2026-08-15T12:00:00+00:00,GEN-20260815T120000Z-bcb100dcba34,GENERATED
20211027,2021-10-27,27,Wednesday,43,10,October,4,2021,False,2026-08-15T12:00:00+00:00,GEN-20260815T120000Z-bcb100dcba34,GENERATED
20211028,2021-10-28,28,Thursday,43,10,October,4,2021,False,2026-08-15T12:00:00+00:00,GEN-20260815T120000Z-bcb100dcba34,GENERATED
20211029,2021-10-29,29,Friday,43,10,October,4,2021,False,2026-08-15T12:00:00+00:00,GEN-20260815T120000Z-bcb100dcba34,GENERATED
20211030,2021-10-30,30,Saturday,43,10,October,4,2021,True,2026-08-15T12:00:00+00:00,GEN-20260815T120000Z-bcb100dcba34,GENERATED
20211031,2021-10-31,31,Sunday,43,10,October,4,2021,True,2026-08-15T12:00:00+00:00,GEN-20260815T120000Z-bcb100dcba34,GENERATED
20211101,2021-11-01,1,Monday,44,11,November,4,2021,False,2026-08-15T12:00:00+00:00,GEN-20260815T120000Z-bcb100dcba34,GENERATED
20211102,2021-11-02,2,Tuesday,44,11,November,4,2021,False,2026-08-15T12:00:00+00:00,GEN-20260815T120000Z-bcb100dcba34,GENERATED
20211103,2021-11-03,3,Wednesday,44,11,November,4,2021,False,2026-08-15T12:00:00+00:00,GEN-20260815T120000Z-bcb100dcba34,GENERATED
20211104,2021-11-04,4,Thursday,44,11,November,4,2021,False,2026-08-15T12:00:00+00:00,GEN-20260815T120000Z-bcb100dcba34,GENERATED
20211105,2021-11-05,5,Friday,44,11,November,4,2021,False,2026-08-15T12:00:00+00:00,GEN-20260815T120000Z-bcb100dcba34,GENERATED
20211106,2021-11-06,6,Saturday,44,11,November,4,2021,True,2026-08-15T12:00:00+00:00,GEN-20260815T120000Z-bcb100dcba34,GENERATED
20211107,2021-11-07,7,Sunday,44,11,November,4,2021,True,2026-08-15T12:00:00+00:00,GEN-20260815T120000Z-bcb100dcba34,GENERATED
20211108,2021-11-08,8,Monday,45,11,November,4,2021,False,2026-08-15T12:00:00+00:00,GEN-20260815T120000Z-bcb100dcba34,GENERATED
20211109,2021-11-09,9,Tuesday,45,11,November,4,2021,False,2026-08-15T12:00:00+00:00,GEN-20260815T120000Z-bcb100dcba34,GENERATED
20211110,2021-11-10,10,Wednesday,45,11,November,4,2021,False,2026-08-15T12:00:00+00:00,GEN-20260815T120000Z-bcb100dcba34,GENERATED
20211111,2021-11-11,11,Thursday,45,11,November,4,2021,False,2026-08-15T12:00:00+00:00,GEN-20260815T120000Z-bcb100dcba34,GENERATED
20211112,2021-11-12,12,Friday,45,11,November,4,2021,False,2026-08-15T12:00:00+00:00,GEN-20260815T120000Z-bcb100dcba34,GENERATED
20211113,2021-11-13,13,Saturday,45,11,November,4,2021,True,2026-08-15T12:00:00+00:00,GEN-20260815T120000Z-bcb100dcba34,GENERATED
20211114,2021-11-14,14,Sunday,45,11,November,4,2021,True,2026-08-15T12:00:00+00:00,GEN-20260815T120000Z-bcb100dcba34,GENERATED
20211115,2021-11-15,15,Monday,46,11,November,4,2021,False,2026-08-15T12:00:00+00:00,GEN-20260815T120000Z-bcb100dcba34,GENERATED
20211116,2021-11-16,16,Tuesday,46,11,November,4,2021,False,2026-08-15T12:00:00+00:00,GEN-20260815T120000Z-bcb100dcba34,GENERATED
20211117,2021-11-17,17,Wednesday,46,11,November,4,2021,False,2026-08-15T12:00:00+00:00,GEN-20260815T120000Z-bcb100dcba34,GENERATED
20211118,2021-11-18,18,Thursday,46,11,November,4,2021,False,2026-08-15T12:00:00+00:00,GEN-20260815T120000Z-bcb100dcba34,GENERATED
20211119,2021-11-19,19,Friday,46,11,November,4,2021,False,2026-08-15T12:00:00+00:00,GEN-20260815T120000Z-bcb100dcba34,GENERATED
20211120,2021-11-20,20,Saturday,46,11,November,4,2021,True,2026-08-15T12:00:00+00:00,GEN-20260815T120000Z-bcb100dcba34,GENERATED
20211121,2021-11-21,21,Sunday,46,11,November,4,2021,True,2026-08-15T12:00:00+00:00,GEN-20260815T120000Z-bcb100dcba34,GENERATED
20211122,2021-11-22,22,Monday,47,11,November,4,2021,False,2026-08-15T12:00:00+00:00,GEN-20260815T120000Z-bcb100dcba34,GENERATED
20211123,2021-11-23,23,Tuesday,47,11,November,4,2021,False,2026-08-15T12:00:00+00:00,GEN-20260815T120000Z-bcb100dcba34,GENERATED
20211124,2021-11-24,24,Wednesday,47,11,November,4,2021,False,2026-08-15T12:00:00+00:00,GEN-20260815T120000Z-bcb100dcba34,GENERATED
20211125,2021-11-25,25,Thursday,47,11,November,4,2021,False,2026-08-15T12:00:00+00:00,GEN-20260815T120000Z-bcb100dcba34,GENERATED
20211126,2021-11-26,26,Friday,47,11,November,4,2021,False,2026-08-15T12:00:00+00:00,GEN-20260815T120000Z-bcb100dcba34,GENERATED
20211127,2021-11-27,27,Saturday,47,11,November,4,2021,True,2026-08-15T12:00:00+00:00,GEN-20260815T120000Z-bcb100dcba34,GENERATED
20211128,2021-11-28,28,Sunday,47,11,November,4,2021,True,2026-08-15T12:00:00+00:00,GEN-20260815T120000Z-bcb100dcba34,GENERATED
20211129,2021-11-29,29,Monday,48,11,November,4,2021,False,2026-08-15T12:00:00+00:00,GEN-20260815T120000Z-bcb100dcba34,GENERATED
20211130,2021-11-30,30,Tuesday,48,11,November,4,2021,False,2026-08-15T12:00:00+00:00,GEN-20260815T120000Z-bcb100dcba34,GENERATED
20211201,2021-12-01,1,Wednesday,48,12,December,4,2021,False,2026-08-15T12:00:00+00:00,GEN-20260815T120000Z-bcb100dcba34,GENERATED
20211202,2021-12-02,2,Thursday,48,12,December,4,2021,False,2026-08-15T12:00:00+00:00,GEN-20260815T120000Z-bcb100dcba34,GENERATED
20211203,2021-12-03,3,Friday,48,12,December,4,2021,False,2026-08-15T12:00:00+00:00,GEN-20260815T120000Z-bcb100dcba34,GENERATED
20211204,2021-12-04,4,Saturday,48,12,December,4,2021,True,2026-08-15T12:00:00+00:00,GEN-20260815T120000Z-bcb100dcba34,GENERATED
20211205,2021-12-05,5,Sunday,48,12,December,4,2021,True,2026-08-15T12:00:00+00:00,GEN-20260815T120000Z-bcb100dcba34,GENERATED
20211206,2021-12-06,6,Monday,49,12,December,4,2021,False,2026-08-15T12:00:00+00:00,GEN-20260815T120000Z-bcb100dcba34,GENERATED
20211207,2021-12-07,7,Tuesday,49,12,December,4,2021,False,2026-08-15T12:00:00+00:00,GEN-20260815T120000Z-bcb100dcba34,GENERATED
20211208,2021-12-08,8,Wednesday,49,12,December,4,2021,False,2026-08-15T12:00:00+00:00,GEN-20260815T120000Z-bcb100dcba34,GENERATED
20211209,2021-12-09,9,Thursday,49,12,December,4,2021,False,2026-08-15T12:00:00+00:00,GEN-20260815T120000Z-bcb100dcba34,GENERATED
20211210,2021-12-10,10,Friday,49,12,December,4,2021,False,2026-08-15T12:00:00+00:00,GEN-20260815T120000Z-bcb100dcba34,GENERATED
20211211,2021-12-11,11,Saturday,49,12,December,4,2021,True,2026-08-15T12:00:00+00:00,GEN-20260815T120000Z-bcb100dcba34,GENERATED
20211212,2021-12-12,12,Sunday,49,12,December,4,2021,True,2026-08-15T12:00:00+00:00,GEN-20260815T120000Z-bcb100dcba34,GENERATED
20211213,2021-12-13,13,Monday,50,12,December,4,2021,False,2026-08-15T12:00:00+00:00,GEN-20260815T120000Z-bcb100dcba34,GENERATED
20211214,2021-12-14,14,Tuesday,50,12,December,4,2021,False,2026-08-15T12:00:00+00:00,GEN-20260815T120000Z-bcb100dcba34,GENERATED
20211215,2021-12-15,15,Wednesday,50,12,December,4,2021,False,2026-08-15T12:00:00+00:00,GEN-20260815T120000Z-bcb100dcba34,GENERATED
20211216,2021-12-16,16,Thursday,50,12,December,4,2021,False,2026-08-15T12:00:00+00:00,GEN-20260815T120000Z-bcb100dcba34,GENERATED
20211217,2021-12-17,17,Friday,50,12,December,4,2021,False,2026-08-15T12:00:00+00:00,GEN-20260815T120000Z-bcb100dcba34,GENERATED
20211218,2021-12-18,18,Saturday,50,12,December,4,2021,True,2026-08-15T12:00:00+00:00,GEN-20260815T120000Z-bcb100dcba34,GENERATED
20211219,2021-12-19,19,Sunday,50,12,December,4,2021,True,2026-08-15T12:00:00+00:00,GEN-20260815T120000Z-bcb100dcba34,GENERATED
20211220,2021-12-20,20,Monday,51,12,December,4,2021,False,2026-08-15T12:00:00+00:00,GEN-20260815T120000Z-bcb100dcba34,GENERATED
20211221,2021-12-21,21,Tuesday,51,12,December,4,2021,False,2026-08-15T12:00:00+00:00,GEN-20260815T120000Z-bcb100dcba34,GENERATED
20211222,2021-12-22,22,Wednesday,51,12,December,4,2021,False,2026-08-15T12:00:00+00:00,GEN-20260815T120000Z-bcb100dcba34,GENERATED
20211223,2021-12-23,23,Thursday,51,12,December,4,2021,False,2026-08-15T12:00:00+00:00,GEN-20260815T120000Z-bcb100dcba34,GENERATED
20211224,2021-12-24,24,Friday,51,12,December,4,2021,False,2026-08-15T12:00:00+00:00,GEN-20260815T120000Z-bcb100dcba34,GENERATED
20211225,2021-12-25,25,Saturday,51,12,December,4,2021,True,2026-08-15T12:00:00+00:00,GEN-20260815T120000Z-bcb100dcba34,GENERATED
20211226,2021-12-26,26,Sunday,51,12,December,4,2021,True,2026-08-15T12:00:00+00:00,GEN-20260815T120000Z-bcb100dcba34,GENERATED
20211227,2021-12-27,27,Monday,52,12,December,4,2021,False,2026-08-15T12:00:00+00:00,GEN-20260815T120000Z-bcb100dcba34,GENERATED
20211228,2021-12-28,28,Tuesday,52,12,December,4,2021,False,2026-08-15T12:00:00+00:00,GEN-20260815T120000Z-bcb100dcba34,GENERATED
20211229,2021-12-29,29,Wednesday,52,12,December,4,2021,False,2026-08-15T12:00:00+00:00,GEN-20260815T120000Z-bcb100dcba34,GENERATED
20211230,2021-12-30,30,Thursday,52,12,December,4,2021,False,2026-08-15T12:00:00+00:00,GEN-20260815T120000Z-bcb100dcba34,GENERATED
20211231,2021-12-31,31,Friday,52,12,December,4,2021,False,2026-08-15T12:00:00+00:00,GEN-20260815T120000Z-bcb100dcba34,GENERATED
20220101,2022-01-01,1,Saturday,52,1,January,1,2022,True,2026-08-15T12:00:00+00:00,GEN-20260815T120000Z-bcb100dcba34,GENERATED
20220102,2022-01-02,2,Sunday,52,1,January,1,2022,True,2026-08-15T12:00:00+00:00,GEN-20260815T120000Z-bcb100dcba34,GENERATED
20220103,2022-01-03,3,Monday,1,1,January,1,2022,False,2026-08-15T12:00:00+00:00,GEN-20260815T120000Z-bcb100dcba34,GENERATED
20220104,2022-01-04,4,Tuesday,1,1,January,1,2022,False,2026-08-15T12:00:00+00:00,GEN-20260815T120000Z-bcb100dcba34,GENERATED
20220105,2022-01-05,5,Wednesday,1,1,January,1,2022,False,2026-08-15T12:00:00+00:00,GEN-20260815T120000Z-bcb100dcba34,GENERATED
20220106,2022-01-06,6,Thursday,1,1,January,1,2022,False,2026-08-15T12:00:00+00:00,GEN-20260815T120000Z-bcb100dcba34,GENERATED
20220107,2022-01-07,7,Friday,1,1,January,1,2022,False,2026-08-15T12:00:00+00:00,GEN-20260815T120000Z-bcb100dcba34,GENERATED
20220108,2022-01-08,8,Saturday,1,1,January,1,2022,True,2026-08-15T12:00:00+00:00,GEN-20260815T120000Z-bcb100dcba34,GENERATED
20220109,2022-01-09,9,Sunday,1,1,January,1,2022,True,2026-08-15T12:00:00+00:00,GEN-20260815T120000Z-bcb100dcba34,GENERATED
20220110,2022-01-10,10,Monday,2,1,January,1,2022,False,2026-08-15T12:00:00+00:00,GEN-20260815T120000Z-bcb100dcba34,GENERATED
20220111,2022-01-11,11,Tuesday,2,1,January,1,2022,False,2026-08-15T12:00:00+00:00,GEN-20260815T120000Z-bcb100dcba34,GENERATED
20220112,2022-01-12,12,Wednesday,2,1,January,1,2022,False,2026-08-15T12:00:00+00:00,GEN-20260815T120000Z-bcb100dcba34,GENERATED
20220113,2022-01-13,13,Thursday,2,1,January,1,2022,False,2026-08-15T12:00:00+00:00,GEN-20260815T120000Z-bcb100dcba34,GENERATED
20220114,2022-01-14,14,Friday,2,1,January,1,2022,False,2026-08-15T12:00:00+00:00,GEN-20260815T120000Z-bcb100dcba34,GENERATED
20220115,2022-01-15,15,Saturday,2,1,January,1,2022,True,2026-08-15T12:00:00+00:00,GEN-20260815T120000Z-bcb100dcba34,GENERATED
20220116,2022-01-16,16,Sunday,2,1,January,1,2022,True,2026-08-15T12:00:00+00:00,GEN-20260815T120000Z-bcb100dcba34,GENERATED
20220117,2022-01-17,17,Monday,3,1,January,1,2022,False,2026-08-15T12:00:00+00:00,GEN-20260815T120000Z-bcb100dcba34,GENERATED
20220118,2022-01-18,18,Tuesday,3,1,January,1,2022,False,2026-08-15T12:00:00+00:00,GEN-20260815T120000Z-bcb100dcba34,GENERATED
20220119,2022-01-19,19,Wednesday,3,1,January,1,2022,False,2026-08-15T12:00:00+00:00,GEN-20260815T120000Z-bcb100dcba34,GENERATED
20220120,2022-01-20,20,Thursday,3,1,January,1,2022,False,2026-08-15T12:00:00+00:00,GEN-20260815T120000Z-bcb100dcba34,GENERATED
20220121,2022-01-21,21,Friday,3,1,January,1,2022,False,2026-08-15T12:00:00+00:00,GEN-20260815T120000Z-bcb100dcba34,GENERATED
20220122,2022-01-22,22,Saturday,3,1,January,1,2022,True,2026-08-15T12:00:00+00:00,GEN-20260815T120000Z-bcb100dcba34,GENERATED
20220123,2022-01-23,23,Sunday,3,1,January,1,2022,True,2026-08-15T12:00:00+00:00,GEN-20260815T120000Z-bcb100dcba34,GENERATED
20220124,2022-01-24,24,Monday,4,1,January,1,2022,False,2026-08-15T12:00:00+00:00,GEN-20260815T120000Z-bcb100dcba34,GENERATED
20220125,2022-01-25,25,Tuesday,4,1,January,1,2022,False,2026-08-15T12:00:00+00:00,GEN-20260815T120000Z-bcb100dcba34,GENERATED
20220126,2022-01-26,26,Wednesday,4,1,January,1,2022,False,2026-08-15T12:00:00+00:00,GEN-20260815T120000Z-bcb100dcba34,GENERATED
20220127,2022-01-27,27,Thursday,4,1,January,1,2022,False,2026-08-15T12:00:00+00:00,GEN-20260815T120000Z-bcb100dcba34,GENERATED
20220128,2022-01-28,28,Friday,4,1,January,1,2022,False,2026-08-15T12:00:00+00:00,GEN-20260815T120000Z-bcb100dcba34,GENERATED
20220129,2022-01-29,29,Saturday,4,1,January,1,2022,True,2026-08-15T12:00:00+00:00,GEN-20260815T120000Z-bcb100dcba34,GENERATED
20220130,2022-01-30,30,Sunday,4,1,January,1,2022,True,2026-08-15T12:00:00+00:00,GEN-20260815T120000Z-bcb100dcba34,GENERATED
20220131,2022-01-31,31,Monday,5,1,January,1,2022,False,2026-08-15T12:00:00+00:00,GEN-20260815T120000Z-bcb100dcba34,GENERATED
20220201,2022-02-01,1,Tuesday,5,2,February,1,2022,False,2026-08-15T12:00:00+00:00,GEN-20260815T120000Z-bcb100dcba34,GENERATED
20220202,2022-02-02,2,Wednesday,5,2,February,1,2022,False,2026-08-15T12:00:00+00:00,GEN-20260815T120000Z-bcb100dcba34,GENERATED
20220203,2022-02-03,3,Thursday,5,2,February,1,2022,False,2026-08-15T12:00:00+00:00,GEN-20260815T120000Z-bcb100dcba34,GENERATED
20220204,2022-02-04,4,Friday,5,2,February,1,2022,False,2026-08-15T12:00:00+00:00,GEN-20260815T120000Z-bcb100dcba34,GENERATED
20220205,2022-02-05,5,Saturday,5,2,February,1,2022,True,2026-08-15T12:00:00+00:00,GEN-20260815T120000Z-bcb100dcba34,GENERATED
20220206,2022-02-06,6,Sunday,5,2,February,1,2022,True,2026-08-15T12:00:00+00:00,GEN-20260815T120000Z-bcb100dcba34,GENERATED
20220207,2022-02-07,7,Monday,6,2,February,1,2022,False,2026-08-15T12:00:00+00:00,GEN-20260815T120000Z-bcb100dcba34,GENERATED
20220208,2022-02-08,8,Tuesday,6,2,February,1,2022,False,2026-08-15T12:00:00+00:00,GEN-20260815T120000Z-bcb100dcba34,GENERATED
20220209,2022-02-09,9,Wednesday,6,2,February,1,2022,False,2026-08-15T12:00:00+00:00,GEN-20260815T120000Z-bcb100dcba34,GENERATED
20220210,2022-02-10,10,Thursday,6,2,February,1,2022,False,2026-08-15T12:00:00+00:00,GEN-20260815T120000Z-bcb100dcba34,GENERATED
20220211,2022-02-11,11,Friday,6,2,February,1,2022,False,2026-08-15T12:00:00+00:00,GEN-20260815T120000Z-bcb100dcba34,GENERATED
20220212,2022-02-12,12,Saturday,6,2,February,1,2022,True,2026-08-15T12:00:00+00:00,GEN-20260815T120000Z-bcb100dcba34,GENERATED
20220213,2022-02-13,13,Sunday,6,2,February,1,2022,True,2026-08-15T12:00:00+00:00,GEN-20260815T120000Z-bcb100dcba34,GENERATED
20220214,2022-02-14,14,Monday,7,2,February,1,2022,False,2026-08-15T12:00:00+00:00,GEN-20260815T120000Z-bcb100dcba34,GENERATED
20220215,2022-02-15,15,Tuesday,7,2,February,1,2022,False,2026-08-15T12:00:00+00:00,GEN-20260815T120000Z-bcb100dcba34,GENERATED
20220216,2022-02-16,16,Wednesday,7,2,February,1,2022,False,2026-08-15T12:00:00+00:00,GEN-20260815T120000Z-bcb100dcba34,GENERATED
20220217,2022-02-17,17,Thursday,7,2,February,1,2022,False,2026-08-15T12:00:00+00:00,GEN-20260815T120000Z-bcb100dcba34,GENERATED
20220218,2022-02-18,18,Friday,7,2,February,1,2022,False,2026-08-15T12:00:00+00:00,GEN-20260815T120000Z-bcb100dcba34,GENERATED
20220219,2022-02-19,19,Saturday,7,2,February,1,2022,True,2026-08-15T12:00:00+00:00,GEN-20260815T120000Z-bcb100dcba34,GENERATED
20220220,2022-02-20,20,Sunday,7,2,February,1,2022,True,2026-08-15T12:00:00+00:00,GEN-20260815T120000Z-bcb100dcba34,GENERATED
20220221,2022-02-21,21,Monday,8,2,February,1,2022,False,2026-08-15T12:00:00+00:00,GEN-20260815T120000Z-bcb100dcba34,GENERATED
20220222,2022-02-22,22,Tuesday,8,2,February,1,2022,False,2026-08-15T12:00:00+00:00,GEN-20260815T120000Z-bcb100dcba34,GENERATED
20220223,2022-02-23,23,Wednesday,8,2,February,1,2022,False,2026-08-15T12:00:00+00:00,GEN-20260815T120000Z-bcb100dcba34,GENERATED
20220224,2022-02-24,24,Thursday,8,2,February,1,2022,False,2026-08-15T12:00:00+00:00,GEN-20260815T120000Z-bcb100dcba34,GENERATED
20220225,2022-02-25,25,Friday,8,2,February,1,2022,False,2026-08-15T12:00:00+00:00,GEN-20260815T120000Z-bcb100dcba34,GENERATED
20220226,2022-02-26,26,Saturday,8,2,February,1,2022,True,2026-08-15T12:00:00+00:00,GEN-20260815T120000Z-bcb100dcba34,GENERATED
20220227,2022-02-27,27,Sunday,8,2,February,1,2022,True,2026-08-15T12:00:00+00:00,GEN-20260815T120000Z-bcb100dcba34,GENERATED
20220228,2022-02-28,28,Monday,9,2,February,1,2022,False,2026-08-15T12:00:00+00:00,GEN-20260815T120000Z-bcb100dcba34,GENERATED
20220301,2022-03-01,1,Tuesday,9,3,March,1,2022,False,2026-08-15T12:00:00+00:00,GEN-20260815T120000Z-bcb100dcba34,GENERATED
20220302,2022-03-02,2,Wednesday,9,3,March,1,2022,False,2026-08-15T12:00:00+00:00,GEN-20260815T120000Z-bcb100dcba34,GENERATED
20220303,2022-03-03,3,Thursday,9,3,March,1,2022,False,2026-08-15T12:00:00+00:00,GEN-20260815T120000Z-bcb100dcba34,GENERATED
20220304,2022-03-04,4,Friday,9,3,March,1,2022,False,2026-08-15T12:00:00+00:00,GEN-20260815T120000Z-bcb100dcba34,GENERATED
20220305,2022-03-05,5,Saturday,9,3,March,1,2022,True,2026-08-15T12:00:00+00:00,GEN-20260815T120000Z-bcb100dcba34,GENERATED
20220306,2022-03-06,6,Sunday,9,3,March,1,2022,True,2026-08-15T12:00:00+00:00,GEN-20260815T120000Z-bcb100dcba34,GENERATED
20220307,2022-03-07,7,Monday,10,3,March,1,2022,False,2026-08-15T12:00:00+00:00,GEN-20260815T120000Z-bcb100dcba34,GENERATED
20220308,2022-03-08,8,Tuesday,10,3,March,1,2022,False,2026-08-15T12:00:00+00:00,GEN-20260815T120000Z-bcb100dcba34,GENERATED
20220309,2022-03-09,9,Wednesday,10,3,March,1,2022,False,2026-08-15T12:00:00+00:00,GEN-20260815T120000Z-bcb100dcba34,GENERATED
20220310,2022-03-10,10,Thursday,10,3,March,1,2022,False,2026-08-15T12:00:00+00:00,GEN-20260815T120000Z-bcb100dcba34,GENERATED
20220311,2022-03-11,11,Friday,10,3,March,1,2022,False,2026-08-15T12:00:00+00:00,GEN-20260815T120000Z-bcb100dcba34,GENERATED
20220312,2022-03-12,12,Saturday,10,3,March,1,2022,True,2026-08-15T12:00:00+00:00,GEN-20260815T120000Z-bcb100dcba34,GENERATED
20220313,2022-03-13,13,Sunday,10,3,March,1,2022,True,2026-08-15T12:00:00+00:00,GEN-20260815T120000Z-bcb100dcba34,GENERATED
20220314,2022-03-14,14,Monday,11,3,March,1,2022,False,2026-08-15T12:00:00+00:00,GEN-20260815T120000Z-bcb100dcba34,GENERATED
20220315,2022-03-15,15,Tuesday,11,3,March,1,2022,False,2026-08-15T12:00:00+00:00,GEN-20260815T120000Z-bcb100dcba34,GENERATED
20220316,2022-03-16,16,Wednesday,11,3,March,1,2022,False,2026-08-15T12:00:00+00:00,GEN-20260815T120000Z-bcb100dcba34,GENERATED
20220317,2022-03-17,17,Thursday,11,3,March,1,2022,False,2026-08-15T12:00:00+00:00,GEN-20260815T120000Z-bcb100dcba34,GENERATED
20220318,2022-03-18,18,Friday,11,3,March,1,2022,False,2026-08-15T12:00:00+00:00,GEN-20260815T120000Z-bcb100dcba34,GENERATED
20220319,2022-03-19,19,Saturday,11,3,March,1,2022,True,2026-08-15T12:00:00+00:00,GEN-20260815T120000Z-bcb100dcba34,GENERATED
20220320,2022-03-20,20,Sunday,11,3,March,1,2022,True,2026-08-15T12:00:00+00:00,GEN-20260815T120000Z-bcb100dcba34,GENERATED
20220321,2022-03-21,21,Monday,12,3,March,1,2022,False,2026-08-15T12:00:00+00:00,GEN-20260815T120000Z-bcb100dcba34,GENERATED
20220322,2022-03-22,22,Tuesday,12,3,March,1,2022,False,2026-08-15T12:00:00+00:00,GEN-20260815T120000Z-bcb100dcba34,GENERATED
20220323,2022-03-23,23,Wednesday,12,3,March,1,2022,False,2026-08-15T12:00:00+00:00,GEN-20260815T120000Z-bcb100dcba34,GENERATED
20220324,2022-03-24,24,Thursday,12,3,March,1,2022,False,2026-08-15T12:00:00+00:00,GEN-20260815T120000Z-bcb100dcba34,GENERATED
20220325,2022-03-25,25,Friday,12,3,March,1,2022,False,2026-08-15T12:00:00+00:00,GEN-20260815T120000Z-bcb100dcba34,GENERATED
20220326,2022-03-26,26,Saturday,12,3,March,1,2022,True,2026-08-15T12:00:00+00:00,GEN-20260815T120000Z-bcb100dcba34,GENERATED
20220327,2022-03-27,27,Sunday,12,3,March,1,2022,True,2026-08-15T12:00:00+00:00,GEN-20260815T120000Z-bcb100dcba34,GENERATED
20220328,2022-03-28,28,Monday,13,3,March,1,2022,False,2026-08-15T12:00:00+00:00,GEN-20260815T120000Z-bcb100dcba34,GENERATED
20220329,2022-03-29,29,Tuesday,13,3,March,1,2022,False,2026-08-15T12:00:00+00:00,GEN-20260815T120000Z-bcb100dcba34,GENERATED
20220330,2022-03-30,30,Wednesday,13,3,March,1,2022,False,2026-08-15T12:00:00+00:00,GEN-20260815T120000Z-bcb100dcba34,GENERATED
20220331,2022-03-31,31,Thursday,13,3,March,1,2022,False,2026-08-15T12:00:00+00:00,GEN-20260815T120000Z-bcb100dcba34,GENERATED
20220401,2022-04-01,1,Friday,13,4,April,2,2022,False,2026-08-15T12:00:00+00:00,GEN-20260815T120000Z-bcb100dcba34,GENERATED
20220402,2022-04-02,2,Saturday,13,4,April,2,2022,True,2026-08-15T12:00:00+00:00,GEN-20260815T120000Z-bcb100dcba34,GENERATED
20220403,2022-04-03,3,Sunday,13,4,April,2,2022,True,2026-08-15T12:00:00+00:00,GEN-20260815T120000Z-bcb100dcba34,GENERATED
20220404,2022-04-04,4,Monday,14,4,April,2,2022,False,2026-08-15T12:00:00+00:00,GEN-20260815T120000Z-bcb100dcba34,GENERATED
20220405,2022-04-05,5,Tuesday,14,4,April,2,2022,False,2026-08-15T12:00:00+00:00,GEN-20260815T120000Z-bcb100dcba34,GENERATED
20220406,2022-04-06,6,Wednesday,14,4,April,2,2022,False,2026-08-15T12:00:00+00:00,GEN-20260815T120000Z-bcb100dcba34,GENERATED
20220407,2022-04-07,7,Thursday,14,4,April,2,2022,False,2026-08-15T12:00:00+00:00,GEN-20260815T120000Z-bcb100dcba34,GENERATED
20220408,2022-04-08,8,Friday,14,4,April,2,2022,False,2026-08-15T12:00:00+00:00,GEN-20260815T120000Z-bcb100dcba34,GENERATED
20220409,2022-04-09,9,Saturday,14,4,April,2,2022,True,2026-08-15T12:00:00+00:00,GEN-20260815T120000Z-bcb100dcba34,GENERATED
20220410,2022-04-10,10,Sunday,14,4,April,2,2022,True,2026-08-15T12:00:00+00:00,GEN-20260815T120000Z-bcb100dcba34,GENERATED
20220411,2022-04-11,11,Monday,15,4,April,2,2022,False,2026-08-15T12:00:00+00:00,GEN-20260815T120000Z-bcb100dcba34,GENERATED
20220412,2022-04-12,12,Tuesday,15,4,April,2,2022,False,2026-08-15T12:00:00+00:00,GEN-20260815T120000Z-bcb100dcba34,GENERATED
20220413,2022-04-13,13,Wednesday,15,4,April,2,2022,False,2026-08-15T12:00:00+00:00,GEN-20260815T120000Z-bcb100dcba34,GENERATED
20220414,2022-04-14,14,Thursday,15,4,April,2,2022,False,2026-08-15T12:00:00+00:00,GEN-20260815T120000Z-bcb100dcba34,GENERATED
20220415,2022-04-15,15,Friday,15,4,April,2,2022,False,2026-08-15T12:00:00+00:00,GEN-20260815T120000Z-bcb100dcba34,GENERATED
20220416,2022-04-16,16,Saturday,15,4,April,2,2022,True,2026-08-15T12:00:00+00:00,GEN-20260815T120000Z-bcb100dcba34,GENERATED
20220417,2022-04-17,17,Sunday,15,4,April,2,2022,True,2026-08-15T12:00:00+00:00,GEN-20260815T120000Z-bcb100dcba34,GENERATED
20220418,2022-04-18,18,Monday,16,4,April,2,2022,False,2026-08-15T12:00:00+00:00,GEN-20260815T120000Z-bcb100dcba34,GENERATED
20220419,2022-04-19,19,Tuesday,16,4,April,2,2022,False,2026-08-15T12:00:00+00:00,GEN-20260815T120000Z-bcb100dcba34,GENERATED
20220420,2022-04-20,20,Wednesday,16,4,April,2,2022,False,2026-08-15T12:00:00+00:00,GEN-20260815T120000Z-bcb100dcba34,GENERATED
20220421,2022-04-21,21,Thursday,16,4,April,2,2022,False,2026-08-15T12:00:00+00:00,GEN-20260815T120000Z-bcb100dcba34,GENERATED
20220422,2022-04-22,22,Friday,16,4,April,2,2022,False,2026-08-15T12:00:00+00:00,GEN-20260815T120000Z-bcb100dcba34,GENERATED
20220423,2022-04-23,23,Saturday,16,4,April,2,2022,True,2026-08-15T12:00:00+00:00,GEN-20260815T120000Z-bcb100dcba34,GENERATED
20220424,2022-04-24,24,Sunday,16,4,April,2,2022,True,2026-08-15T12:00:00+00:00,GEN-20260815T120000Z-bcb100dcba34,GENERATED
20220425,2022-04-25,25,Monday,17,4,April,2,2022,False,2026-08-15T12:00:00+00:00,GEN-20260815T120000Z-bcb100dcba34,GENERATED
20220426,2022-04-26,26,Tuesday,17,4,April,2,2022,False,2026-08-15T12:00:00+00:00,GEN-20260815T120000Z-bcb100dcba34,GENERATED
20220427,2022-04-27,27,Wednesday,17,4,April,2,2022,False,2026-08-15T12:00:00+00:00,GEN-20260815T120000Z-bcb100dcba34,GENERATED
20220428,2022-04-28,28,Thursday,17,4,April,2,2022,False,2026-08-15T12:00:00+00:00,GEN-20260815T120000Z-bcb100dcba34,GENERATED
20220429,2022-04-29,29,Friday,17,4,April,2,2022,False,2026-08-15T12:00:00+00:00,GEN-20260815T120000Z-bcb100dcba34,GENERATED
20220430,2022-04-30,30,Saturday,17,4,April,2,2022,True,2026-08-15T12:00:00+00:00,GEN-20260815T120000Z-bcb100dcba34,GENERATED
20220501,2022-05-01,1,Sunday,17,5,May,2,2022,True,2026-08-15T12:00:00+00:00,GEN-20260815T120000Z-bcb100dcba34,GENERATED
20220502,2022-05-02,2,Monday,18,5,May,2,2022,False,2026-08-15T12:00:00+00:00,GEN-20260815T120000Z-bcb100dcba34,GENERATED
20220503,2022-05-03,3,Tuesday,18,5,May,2,2022,False,2026-08-15T12:00:00+00:00,GEN-20260815T120000Z-bcb100dcba34,GENERATED
20220504,2022-05-04,4,Wednesday,18,5,May,2,2022,False,2026-08-15T12:00:00+00:00,GEN-20260815T120000Z-bcb100dcba34,GENERATED
20220505,2022-05-05,5,Thursday,18,5,May,2,2022,False,2026-08-15T12:00:00+00:00,GEN-20260815T120000Z-bcb100dcba34,GENERATED
20220506,2022-05-06,6,Friday,18,5,May,2,2022,False,2026-08-15T12:00:00+00:00,GEN-20260815T120000Z-bcb100dcba34,GENERATED
20220507,2022-05-07,7,Saturday,18,5,May,2,2022,True,2026-08-15T12:00:00+00:00,GEN-20260815T120000Z-bcb100dcba34,GENERATED
20220508,2022-05-08,8,Sunday,18,5,May,2,2022,True,2026-08-15T12:00:00+00:00,GEN-20260815T120000Z-bcb100dcba34,GENERATED
20220509,2022-05-09,9,Monday,19,5,May,2,2022,False,2026-08-15T12:00:00+00:00,GEN-20260815T120000Z-bcb100dcba34,GENERATED
20220510,2022-05-10,10,Tuesday,19,5,May,2,2022,False,2026-08-15T12:00:00+00:00,GEN-20260815T120000Z-bcb100dcba34,GENERATED
20220511,2022-05-11,11,Wednesday,19,5,May,2,2022,False,2026-08-15T12:00:00+00:00,GEN-20260815T120000Z-bcb100dcba34,GENERATED
20220512,2022-05-12,12,Thursday,19,5,May,2,2022,False,2026-08-15T12:00:00+00:00,GEN-20260815T120000Z-bcb100dcba34,GENERATED
20220513,2022-05-13,13,Friday,19,5,May,2,2022,False,2026-08-15T12:00:00+00:00,GEN-20260815T120000Z-bcb100dcba34,GENERATED
20220514,2022-05-14,14,Saturday,19,5,May,2,2022,True,2026-08-15T12:00:00+00:00,GEN-20260815T120000Z-bcb100dcba34,GENERATED
20220515,2022-05-15,15,Sunday,19,5,May,2,2022,True,2026-08-15T12:00:00+00:00,GEN-20260815T120000Z-bcb100dcba34,GENERATED
20220516,2022-05-16,16,Monday,20,5,May,2,2022,False,2026-08-15T12:00:00+00:00,GEN-20260815T120000Z-bcb100dcba34,GENERATED
20220517,2022-05-17,17,Tuesday,20,5,May,2,2022,False,2026-08-15T12:00:00+00:00,GEN-20260815T120000Z-bcb100dcba34,GENERATED
20220518,2022-05-18,18,Wednesday,20,5,May,2,2022,False,2026-08-15T12:00:00+00:00,GEN-20260815T120000Z-bcb100dcba34,GENERATED
20220519,2022-05-19,19,Thursday,20,5,May,2,2022,False,2026-08-15T12:00:00+00:00,GEN-20260815T120000Z-bcb100dcba34,GENERATED
20220520,2022-05-20,20,Friday,20,5,May,2,2022,False,2026-08-15T12:00:00+00:00,GEN-20260815T120000Z-bcb100dcba34,GENERATED
20220521,2022-05-21,21,Saturday,20,5,May,2,2022,True,2026-08-15T12:00:00+00:00,GEN-20260815T120000Z-bcb100dcba34,GENERATED
20220522,2022-05-22,22,Sunday,20,5,May,2,2022,True,2026-08-15T12:00:00+00:00,GEN-20260815T120000Z-bcb100dcba34,GENERATED
20220523,2022-05-23,23,Monday,21,5,May,2,2022,False,2026-08-15T12:00:00+00:00,GEN-20260815T120000Z-bcb100dcba34,GENERATED
20220524,2022-05-24,24,Tuesday,21,5,May,2,2022,False,2026-08-15T12:00:00+00:00,GEN-20260815T120000Z-bcb100dcba34,GENERATED
20220525,2022-05-25,25,Wednesday,21,5,May,2,2022,False,2026-08-15T12:00:00+00:00,GEN-20260815T120000Z-bcb100dcba34,GENERATED
20220526,2022-05-26,26,Thursday,21,5,May,2,2022,False,2026-08-15T12:00:00+00:00,GEN-20260815T120000Z-bcb100dcba34,GENERATED
20220527,2022-05-27,27,Friday,21,5,May,2,2022,False,2026-08-15T12:00:00+00:00,GEN-20260815T120000Z-bcb100dcba34,GENERATED
20220528,2022-05-28,28,Saturday,21,5,May,2,2022,True,2026-08-15T12:00:00+00:00,GEN-20260815T120000Z-bcb100dcba34,GENERATED
20220529,2022-05-29,29,Sunday,21,5,May,2,2022,True,2026-08-15T12:00:00+00:00,GEN-20260815T120000Z-bcb100dcba34,GENERATED
20220530,2022-05-30,30,Monday,22,5,May,2,2022,False,2026-08-15T12:00:00+00:00,GEN-20260815T120000Z-bcb100dcba34,GENERATED
20220531,2022-05-31,31,Tuesday,22,5,May,2,2022,False,2026-08-15T12:00:00+00:00,GEN-20260815T120000Z-bcb100dcba34,GENERATED
20220601,2022-06-01,1,Wednesday,22,6,June,2,2022,False,2026-08-15T12:00:00+00:00,GEN-20260815T120000Z-bcb100dcba34,GENERATED
20220602,2022-06-02,2,Thursday,22,6,June,2,2022,False,2026-08-15T12:00:00+00:00,GEN-20260815T120000Z-bcb100dcba34,GENERATED
20220603,2022-06-03,3,Friday,22,6,June,2,2022,False,2026-08-15T12:00:00+00:00,GEN-20260815T120000Z-bcb100dcba34,GENERATED
20220604,2022-06-04,4,Saturday,22,6,June,2,2022,True,2026-08-15T12:00:00+00:00,GEN-20260815T120000Z-bcb100dcba34,GENERATED
20220605,2022-06-05,5,Sunday,22,6,June,2,2022,True,2026-08-15T12:00:00+00:00,GEN-20260815T120000Z-bcb100dcba34,GENERATED
20220606,2022-06-06,6,Monday,23,6,June,2,2022,False,2026-08-15T12:00:00+00:00,GEN-20260815T120000Z-bcb100dcba34,GENERATED
20220607,2022-06-07,7,Tuesday,23,6,June,2,2022,False,2026-08-15T12:00:00+00:00,GEN-20260815T120000Z-bcb100dcba34,GENERATED
20220608,2022-06-08,8,Wednesday,23,6,June,2,2022,False,2026-08-15T12:00:00+00:00,GEN-20260815T120000Z-bcb100dcba34,GENERATED
20220609,2022-06-09,9,Thursday,23,6,June,2,2022,False,2026-08-15T12:00:00+00:00,GEN-20260815T120000Z-bcb100dcba34,GENERATED
20220610,2022-06-10,10,Friday,23,6,June,2,2022,False,2026-08-15T12:00:00+00:00,GEN-20260815T120000Z-bcb100dcba34,GENERATED
20220611,2022-06-11,11,Saturday,23,6,June,2,2022,True,2026-08-15T12:00:00+00:00,GEN-20260815T120000Z-bcb100dcba34,GENERATED
20220612,2022-06-12,12,Sunday,23,6,June,2,2022,True,2026-08-15T12:00:00+00:00,GEN-20260815T120000Z-bcb100dcba34,GENERATED
20220613,2022-06-13,13,Monday,24,6,June,2,2022,False,2026-08-15T12:00:00+00:00,GEN-20260815T120000Z-bcb100dcba34,GENERATED
20220614,2022-06-14,14,Tuesday,24,6,June,2,2022,False,2026-08-15T12:00:00+00:00,GEN-20260815T120000Z-bcb100dcba34,GENERATED
20220615,2022-06-15,15,Wednesday,24,6,June,2,2022,False,2026-08-15T12:00:00+00:00,GEN-20260815T120000Z-bcb100dcba34,GENERATED
20220616,2022-06-16,16,Thursday,24,6,June,2,2022,False,2026-08-15T12:00:00+00:00,GEN-20260815T120000Z-bcb100dcba34,GENERATED
20220617,2022-06-17,17,Friday,24,6,June,2,2022,False,2026-08-15T12:00:00+00:00,GEN-20260815T120000Z-bcb100dcba34,GENERATED
20220618,2022-06-18,18,Saturday,24,6,June,2,2022,True,2026-08-15T12:00:00+00:00,GEN-20260815T120000Z-bcb100dcba34,GENERATED
20220619,2022-06-19,19,Sunday,24,6,June,2,2022,True,2026-08-15T12:00:00+00:00,GEN-20260815T120000Z-bcb100dcba34,GENERATED
20220620,2022-06-20,20,Monday,25,6,June,2,2022,False,2026-08-15T12:00:00+00:00,GEN-20260815T120000Z-bcb100dcba34,GENERATED
20220621,2022-06-21,21,Tuesday,25,6,June,2,2022,False,2026-08-15T12:00:00+00:00,GEN-20260815T120000Z-bcb100dcba34,GENERATED
20220622,2022-06-22,22,Wednesday,25,6,June,2,2022,False,2026-08-15T12:00:00+00:00,GEN-20260815T120000Z-bcb100dcba34,GENERATED
20220623,2022-06-23,23,Thursday,25,6,June,2,2022,False,2026-08-15T12:00:00+00:00,GEN-20260815T120000Z-bcb100dcba34,GENERATED
20220624,2022-06-24,24,Friday,25,6,June,2,2022,False,2026-08-15T12:00:00+00:00,GEN-20260815T120000Z-bcb100dcba34,GENERATED
20220625,2022-06-25,25,Saturday,25,6,June,2,2022,True,2026-08-15T12:00:00+00:00,GEN-20260815T120000Z-bcb100dcba34,GENERATED
20220626,2022-06-26,26,Sunday,25,6,June,2,2022,True,2026-08-15T12:00:00+00:00,GEN-20260815T120000Z-bcb100dcba34,GENERATED
20220627,2022-06-27,27,Monday,26,6,June,2,2022,False,2026-08-15T12:00:00+00:00,GEN-20260815T120000Z-bcb100dcba34,GENERATED
20220628,2022-06-28,28,Tuesday,26,6,June,2,2022,False,2026-08-15T12:00:00+00:00,GEN-20260815T120000Z-bcb100dcba34,GENERATED
20220629,2022-06-29,29,Wednesday,26,6,June,2,2022,False,2026-08-15T12:00:00+00:00,GEN-20260815T120000Z-bcb100dcba34,GENERATED
20220630,2022-06-30,30,Thursday,26,6,June,2,2022,False,2026-08-15T12:00:00+00:00,GEN-20260815T120000Z-bcb100dcba34,GENERATED
20220701,2022-07-01,1,Friday,26,7,July,3,2022,False,2026-08-15T12:00:00+00:00,GEN-20260815T120000Z-bcb100dcba34,GENERATED
20220702,2022-07-02,2,Saturday,26,7,July,3,2022,True,2026-08-15T12:00:00+00:00,GEN-20260815T120000Z-bcb100dcba34,GENERATED
20220703,2022-07-03,3,Sunday,26,7,July,3,2022,True,2026-08-15T12:00:00+00:00,GEN-20260815T120000Z-bcb100dcba34,GENERATED
20220704,2022-07-04,4,Monday,27,7,July,3,2022,False,2026-08-15T12:00:00+00:00,GEN-20260815T120000Z-bcb100dcba34,GENERATED
20220705,2022-07-05,5,Tuesday,27,7,July,3,2022,False,2026-08-15T12:00:00+00:00,GEN-20260815T120000Z-bcb100dcba34,GENERATED
20220706,2022-07-06,6,Wednesday,27,7,July,3,2022,False,2026-08-15T12:00:00+00:00,GEN-20260815T120000Z-bcb100dcba34,GENERATED
20220707,2022-07-07,7,Thursday,27,7,July,3,2022,False,2026-08-15T12:00:00+00:00,GEN-20260815T120000Z-bcb100dcba34,GENERATED
20220708,2022-07-08,8,Friday,27,7,July,3,2022,False,2026-08-15T12:00:00+00:00,GEN-20260815T120000Z-bcb100dcba34,GENERATED
20220709,2022-07-09,9,Saturday,27,7,July,3,2022,True,2026-08-15T12:00:00+00:00,GEN-20260815T120000Z-bcb100dcba34,GENERATED
20220710,2022-07-10,10,Sunday,27,7,July,3,2022,True,2026-08-15T12:00:00+00:00,GEN-20260815T120000Z-bcb100dcba34,GENERATED
20220711,2022-07-11,11,Monday,28,7,July,3,2022,False,2026-08-15T12:00:00+00:00,GEN-20260815T120000Z-bcb100dcba34,GENERATED
20220712,2022-07-12,12,Tuesday,28,7,July,3,2022,False,2026-08-15T12:00:00+00:00,GEN-20260815T120000Z-bcb100dcba34,GENERATED
20220713,2022-07-13,13,Wednesday,28,7,July,3,2022,False,2026-08-15T12:00:00+00:00,GEN-20260815T120000Z-bcb100dcba34,GENERATED
20220714,2022-07-14,14,Thursday,28,7,July,3,2022,False,2026-08-15T12:00:00+00:00,GEN-20260815T120000Z-bcb100dcba34,GENERATED
20220715,2022-07-15,15,Friday,28,7,July,3,2022,False,2026-08-15T12:00:00+00:00,GEN-20260815T120000Z-bcb100dcba34,GENERATED
20220716,2022-07-16,16,Saturday,28,7,July,3,2022,True,2026-08-15T12:00:00+00:00,GEN-20260815T120000Z-bcb100dcba34,GENERATED
20220717,2022-07-17,17,Sunday,28,7,July,3,2022,True,2026-08-15T12:00:00+00:00,GEN-20260815T120000Z-bcb100dcba34,GENERATED
20220718,2022-07-18,18,Monday,29,7,July,3,2022,False,2026-08-15T12:00:00+00:00,GEN-20260815T120000Z-bcb100dcba34,GENERATED
20220719,2022-07-19,19,Tuesday,29,7,July,3,2022,False,2026-08-15T12:00:00+00:00,GEN-20260815T120000Z-bcb100dcba34,GENERATED
20220720,2022-07-20,20,Wednesday,29,7,July,3,2022,False,2026-08-15T12:00:00+00:00,GEN-20260815T120000Z-bcb100dcba34,GENERATED
20220721,2022-07-21,21,Thursday,29,7,July,3,2022,False,2026-08-15T12:00:00+00:00,GEN-20260815T120000Z-bcb100dcba34,GENERATED
20220722,2022-07-22,22,Friday,29,7,July,3,2022,False,2026-08-15T12:00:00+00:00,GEN-20260815T120000Z-bcb100dcba34,GENERATED
20220723,2022-07-23,23,Saturday,29,7,July,3,2022,True,2026-08-15T12:00:00+00:00,GEN-20260815T120000Z-bcb100dcba34,GENERATED
20220724,2022-07-24,24,Sunday,29,7,July,3,2022,True,2026-08-15T12:00:00+00:00,GEN-20260815T120000Z-bcb100dcba34,GENERATED
20220725,2022-07-25,25,Monday,30,7,July,3,2022,False,2026-08-15T12:00:00+00:00,GEN-20260815T120000Z-bcb100dcba34,GENERATED
20220726,2022-07-26,26,Tuesday,30,7,July,3,2022,False,2026-08-15T12:00:00+00:00,GEN-20260815T120000Z-bcb100dcba34,GENERATED
20220727,2022-07-27,27,Wednesday,30,7,July,3,2022,False,2026-08-15T12:00:00+00:00,GEN-20260815T120000Z-bcb100dcba34,GENERATED
20220728,2022-07-28,28,Thursday,30,7,July,3,2022,False,2026-08-15T12:00:00+00:00,GEN-20260815T120000Z-bcb100dcba34,GENERATED
20220729,2022-07-29,29,Friday,30,7,July,3,2022,False,2026-08-15T12:00:00+00:00,GEN-20260815T120000Z-bcb100dcba34,GENERATED
20220730,2022-07-30,30,Saturday,30,7,July,3,2022,True,2026-08-15T12:00:00+00:00,GEN-20260815T120000Z-bcb100dcba34,GENERATED
20220731,2022-07-31,31,Sunday,30,7,July,3,2022,True,2026-08-15T12:00:00+00:00,GEN-20260815T120000Z-bcb100dcba34,GENERATED
20220801,2022-08-01,1,Monday,31,8,August,3,2022,False,2026-08-15T12:00:00+00:00,GEN-20260815T120000Z-bcb100dcba34,GENERATED
20220802,2022-08-02,2,Tuesday,31,8,August,3,2022,False,2026-08-15T12:00:00+00:00,GEN-20260815T120000Z-bcb100dcba34,GENERATED
20220803,2022-08-03,3,Wednesday,31,8,August,3,2022,False,2026-08-15T12:00:00+00:00,GEN-20260815T120000Z-bcb100dcba34,GENERATED
20220804,2022-08-04,4,Thursday,31,8,August,3,2022,False,2026-08-15T12:00:00+00:00,GEN-20260815T120000Z-bcb100dcba34,GENERATED
20220805,2022-08-05,5,Friday,31,8,August,3,2022,False,2026-08-15T12:00:00+00:00,GEN-20260815T120000Z-bcb100dcba34,GENERATED
20220806,2022-08-06,6,Saturday,31,8,August,3,2022,True,2026-08-15T12:00:00+00:00,GEN-20260815T120000Z-bcb100dcba34,GENERATED
20220807,2022-08-07,7,Sunday,31,8,August,3,2022,True,2026-08-15T12:00:00+00:00,GEN-20260815T120000Z-bcb100dcba34,GENERATED
20220808,2022-08-08,8,Monday,32,8,August,3,2022,False,2026-08-15T12:00:00+00:00,GEN-20260815T120000Z-bcb100dcba34,GENERATED
20220809,2022-08-09,9,Tuesday,32,8,August,3,2022,False,2026-08-15T12:00:00+00:00,GEN-20260815T120000Z-bcb100dcba34,GENERATED
20220810,2022-08-10,10,Wednesday,32,8,August,3,2022,False,2026-08-15T12:00:00+00:00,GEN-20260815T120000Z-bcb100dcba34,GENERATED
20220811,2022-08-11,11,Thursday,32,8,August,3,2022,False,2026-08-15T12:00:00+00:00,GEN-20260815T120000Z-bcb100dcba34,GENERATED
20220812,2022-08-12,12,Friday,32,8,August,3,2022,False,2026-08-15T12:00:00+00:00,GEN-20260815T120000Z-bcb100dcba34,GENERATED
20220813,2022-08-13,13,Saturday,32,8,August,3,2022,True,2026-08-15T12:00:00+00:00,GEN-20260815T120000Z-bcb100dcba34,GENERATED
20220814,2022-08-14,14,Sunday,32,8,August,3,2022,True,2026-08-15T12:00:00+00:00,GEN-20260815T120000Z-bcb100dcba34,GENERATED
20220815,2022-08-15,15,Monday,33,8,August,3,2022,False,2026-08-15T12:00:00+00:00,GEN-20260815T120000Z-bcb100dcba34,GENERATED
20220816,2022-08-16,16,Tuesday,33,8,August,3,2022,False,2026-08-15T12:00:00+00:00,GEN-20260815T120000Z-bcb100dcba34,GENERATED
20220817,2022-08-17,17,Wednesday,33,8,August,3,2022,False,2026-08-15T12:00:00+00:00,GEN-20260815T120000Z-bcb100dcba34,GENERATED
20220818,2022-08-18,18,Thursday,33,8,August,3,2022,False,2026-08-15T12:00:00+00:00,GEN-20260815T120000Z-bcb100dcba34,GENERATED
20220819,2022-08-19,19,Friday,33,8,August,3,2022,False,2026-08-15T12:00:00+00:00,GEN-20260815T120000Z-bcb100dcba34,GENERATED
20220820,2022-08-20,20,Saturday,33,8,August,3,2022,True,2026-08-15T12:00:00+00:00,GEN-20260815T120000Z-bcb100dcba34,GENERATED
20220821,2022-08-21,21,Sunday,33,8,August,3,2022,True,2026-08-15T12:00:00+00:00,GEN-20260815T120000Z-bcb100dcba34,GENERATED
20220822,2022-08-22,22,Monday,34,8,August,3,2022,False,2026-08-15T12:00:00+00:00,GEN-20260815T120000Z-bcb100dcba34,GENERATED
20220823,2022-08-23,23,Tuesday,34,8,August,3,2022,False,2026-08-15T12:00:00+00:00,GEN-20260815T120000Z-bcb100dcba34,GENERATED
20220824,2022-08-24,24,Wednesday,34,8,August,3,2022,False,2026-08-15T12:00:00+00:00,GEN-20260815T120000Z-bcb100dcba34,GENERATED
20220825,2022-08-25,25,Thursday,34,8,August,3,2022,False,2026-08-15T12:00:00+00:00,GEN-20260815T120000Z-bcb100dcba34,GENERATED
20220826,2022-08-26,26,Friday,34,8,August,3,2022,False,2026-08-15T12:00:00+00:00,GEN-20260815T120000Z-bcb100dcba34,GENERATED
20220827,2022-08-27,27,Saturday,34,8,August,3,2022,True,2026-08-15T12:00:00+00:00,GEN-20260815T120000Z-bcb100dcba34,GENERATED
20220828,2022-08-28,28,Sunday,34,8,August,3,2022,True,2026-08-15T12:00:00+00:00,GEN-20260815T120000Z-bcb100dcba34,GENERATED
20220829,2022-08-29,29,Monday,35,8,August,3,2022,False,2026-08-15T12:00:00+00:00,GEN-20260815T120000Z-bcb100dcba34,GENERATED
20220830,2022-08-30,30,Tuesday,35,8,August,3,2022,False,2026-08-15T12:00:00+00:00,GEN-20260815T120000Z-bcb100dcba34,GENERATED
20220831,2022-08-31,31,Wednesday,35,8,August,3,2022,False,2026-08-15T12:00:00+00:00,GEN-20260815T120000Z-bcb100dcba34,GENERATED
20220901,2022-09-01,1,Thursday,35,9,September,3,2022,False,2026-08-15T12:00:00+00:00,GEN-20260815T120000Z-bcb100dcba34,GENERATED
20220902,2022-09-02,2,Friday,35,9,September,3,2022,False,2026-08-15T12:00:00+00:00,GEN-20260815T120000Z-bcb100dcba34,GENERATED
20220903,2022-09-03,3,Saturday,35,9,September,3,2022,True,2026-08-15T12:00:00+00:00,GEN-20260815T120000Z-bcb100dcba34,GENERATED
20220904,2022-09-04,4,Sunday,35,9,September,3,2022,True,2026-08-15T12:00:00+00:00,GEN-20260815T120000Z-bcb100dcba34,GENERATED
20220905,2022-09-05,5,Monday,36,9,September,3,2022,False,2026-08-15T12:00:00+00:00,GEN-20260815T120000Z-bcb100dcba34,GENERATED
20220906,2022-09-06,6,Tuesday,36,9,September,3,2022,False,2026-08-15T12:00:00+00:00,GEN-20260815T120000Z-bcb100dcba34,GENERATED
20220907,2022-09-07,7,Wednesday,36,9,September,3,2022,False,2026-08-15T12:00:00+00:00,GEN-20260815T120000Z-bcb100dcba34,GENERATED
20220908,2022-09-08,8,Thursday,36,9,September,3,2022,False,2026-08-15T12:00:00+00:00,GEN-20260815T120000Z-bcb100dcba34,GENERATED
20220909,2022-09-09,9,Friday,36,9,September,3,2022,False,2026-08-15T12:00:00+00:00,GEN-20260815T120000Z-bcb100dcba34,GENERATED
20220910,2022-09-10,10,Saturday,36,9,September,3,2022,True,2026-08-15T12:00:00+00:00,GEN-20260815T120000Z-bcb100dcba34,GENERATED
20220911,2022-09-11,11,Sunday,36,9,September,3,2022,True,2026-08-15T12:00:00+00:00,GEN-20260815T120000Z-bcb100dcba34,GENERATED
20220912,2022-09-12,12,Monday,37,9,September,3,2022,False,2026-08-15T12:00:00+00:00,GEN-20260815T120000Z-bcb100dcba34,GENERATED
20220913,2022-09-13,13,Tuesday,37,9,September,3,2022,False,2026-08-15T12:00:00+00:00,GEN-20260815T120000Z-bcb100dcba34,GENERATED
20220914,2022-09-14,14,Wednesday,37,9,September,3,2022,False,2026-08-15T12:00:00+00:00,GEN-20260815T120000Z-bcb100dcba34,GENERATED
20220915,2022-09-15,15,Thursday,37,9,September,3,2022,False,2026-08-15T12:00:00+00:00,GEN-20260815T120000Z-bcb100dcba34,GENERATED
20220916,2022-09-16,16,Friday,37,9,September,3,2022,False,2026-08-15T12:00:00+00:00,GEN-20260815T120000Z-bcb100dcba34,GENERATED
20220917,2022-09-17,17,Saturday,37,9,September,3,2022,True,2026-08-15T12:00:00+00:00,GEN-20260815T120000Z-bcb100dcba34,GENERATED
20220918,2022-09-18,18,Sunday,37,9,September,3,2022,True,2026-08-15T12:00:00+00:00,GEN-20260815T120000Z-bcb100dcba34,GENERATED
20220919,2022-09-19,19,Monday,38,9,September,3,2022,False,2026-08-15T12:00:00+00:00,GEN-20260815T120000Z-bcb100dcba34,GENERATED
20220920,2022-09-20,20,Tuesday,38,9,September,3,2022,False,2026-08-15T12:00:00+00:00,GEN-20260815T120000Z-bcb100dcba34,GENERATED
20220921,2022-09-21,21,Wednesday,38,9,September,3,2022,False,2026-08-15T12:00:00+00:00,GEN-20260815T120000Z-bcb100dcba34,GENERATED
20220922,2022-09-22,22,Thursday,38,9,September,3,2022,False,2026-08-15T12:00:00+00:00,GEN-20260815T120000Z-bcb100dcba34,GENERATED
20220923,2022-09-23,23,Friday,38,9,September,3,2022,False,2026-08-15T12:00:00+00:00,GEN-20260815T120000Z-bcb100dcba34,GENERATED
20220924,2022-09-24,24,Saturday,38,9,September,3,2022,True,2026-08-15T12:00:00+00:00,GEN-20260815T120000Z-bcb100dcba34,GENERATED
20220925,2022-09-25,25,Sunday,38,9,September,3,2022,True,2026-08-15T12:00:00+00:00,GEN-20260815T120000Z-bcb100dcba34,GENERATED
20220926,2022-09-26,26,Monday,39,9,September,3,2022,False,2026-08-15T12:00:00+00:00,GEN-20260815T120000Z-bcb100dcba34,GENERATED
20220927,2022-09-27,27,Tuesday,39,9,September,3,2022,False,2026-08-15T12:00:00+00:00,GEN-20260815T120000Z-bcb100dcba34,GENERATED
20220928,2022-09-28,28,Wednesday,39,9,September,3,2022,False,2026-08-15T12:00:00+00:00,GEN-20260815T120000Z-bcb100dcba34,GENERATED
20220929,2022-09-29,29,Thursday,39,9,September,3,2022,False,2026-08-15T12:00:00+00:00,GEN-20260815T120000Z-bcb100dcba34,GENERATED
20220930,2022-09-30,30,Friday,39,9,September,3,2022,False,2026-08-15T12:00:00+00:00,GEN-20260815T120000Z-bcb100dcba34,GENERATED
20221001,2022-10-01,1,Saturday,39,10,October,4,2022,True,2026-08-15T12:00:00+00:00,GEN-20260815T120000Z-bcb100dcba34,GENERATED
20221002,2022-10-02,2,Sunday,39,10,October,4,2022,True,2026-08-15T12:00:00+00:00,GEN-20260815T120000Z-bcb100dcba34,GENERATED
20221003,2022-10-03,3,Monday,40,10,October,4,2022,False,2026-08-15T12:00:00+00:00,GEN-20260815T120000Z-bcb100dcba34,GENERATED
20221004,2022-10-04,4,Tuesday,40,10,October,4,2022,False,2026-08-15T12:00:00+00:00,GEN-20260815T120000Z-bcb100dcba34,GENERATED
20221005,2022-10-05,5,Wednesday,40,10,October,4,2022,False,2026-08-15T12:00:00+00:00,GEN-20260815T120000Z-bcb100dcba34,GENERATED
20221006,2022-10-06,6,Thursday,40,10,October,4,2022,False,2026-08-15T12:00:00+00:00,GEN-20260815T120000Z-bcb100dcba34,GENERATED
20221007,2022-10-07,7,Friday,40,10,October,4,2022,False,2026-08-15T12:00:00+00:00,GEN-20260815T120000Z-bcb100dcba34,GENERATED
20221008,2022-10-08,8,Saturday,40,10,October,4,2022,True,2026-08-15T12:00:00+00:00,GEN-20260815T120000Z-bcb100dcba34,GENERATED
20221009,2022-10-09,9,Sunday,40,10,October,4,2022,True,2026-08-15T12:00:00+00:00,GEN-20260815T120000Z-bcb100dcba34,GENERATED
20221010,2022-10-10,10,Monday,41,10,October,4,2022,False,2026-08-15T12:00:00+00:00,GEN-20260815T120000Z-bcb100dcba34,GENERATED
20221011,2022-10-11,11,Tuesday,41,10,October,4,2022,False,2026-08-15T12:00:00+00:00,GEN-20260815T120000Z-bcb100dcba34,GENERATED
20221012,2022-10-12,12,Wednesday,41,10,October,4,2022,False,2026-08-15T12:00:00+00:00,GEN-20260815T120000Z-bcb100dcba34,GENERATED
20221013,2022-10-13,13,Thursday,41,10,October,4,2022,False,2026-08-15T12:00:00+00:00,GEN-20260815T120000Z-bcb100dcba34,GENERATED
20221014,2022-10-14,14,Friday,41,10,October,4,2022,False,2026-08-15T12:00:00+00:00,GEN-20260815T120000Z-bcb100dcba34,GENERATED
20221015,2022-10-15,15,Saturday,41,10,October,4,2022,True,2026-08-15T12:00:00+00:00,GEN-20260815T120000Z-bcb100dcba34,GENERATED
20221016,2022-10-16,16,Sunday,41,10,October,4,2022,True,2026-08-15T12:00:00+00:00,GEN-20260815T120000Z-bcb100dcba34,GENERATED
20221017,2022-10-17,17,Monday,42,10,October,4,2022,False,2026-08-15T12:00:00+00:00,GEN-20260815T120000Z-bcb100dcba34,GENERATED
20221018,2022-10-18,18,Tuesday,42,10,October,4,2022,False,2026-08-15T12:00:00+00:00,GEN-20260815T120000Z-bcb100dcba34,GENERATED
20221019,2022-10-19,19,Wednesday,42,10,October,4,2022,False,2026-08-15T12:00:00+00:00,GEN-20260815T120000Z-bcb100dcba34,GENERATED
20221020,2022-10-20,20,Thursday,42,10,October,4,2022,False,2026-08-15T12:00:00+00:00,GEN-20260815T120000Z-bcb100dcba34,GENERATED
20221021,2022-10-21,21,Friday,42,10,October,4,2022,False,2026-08-15T12:00:00+00:00,GEN-20260815T120000Z-bcb100dcba34,GENERATED
20221022,2022-10-22,22,Saturday,42,10,October,4,2022,True,2026-08-15T12:00:00+00:00,GEN-20260815T120000Z-bcb100dcba34,GENERATED
20221023,2022-10-23,23,Sunday,42,10,October,4,2022,True,2026-08-15T12:00:00+00:00,GEN-20260815T120000Z-bcb100dcba34,GENERATED
20221024,2022-10-24,24,Monday,43,10,October,4,2022,False,2026-08-15T12:00:00+00:00,GEN-20260815T120000Z-bcb100dcba34,GENERATED
20221025,2022-10-25,25,Tuesday,43,10,October,4,2022,False,2026-08-15T12:00:00+00:00,GEN-20260815T120000Z-bcb100dcba34,GENERATED
20221026,2022-10-26,26,Wednesday,43,10,October,4,2022,False,2026-08-15T12:00:00+00:00,GEN-20260815T120000Z-bcb100dcba34,GENERATED
20221027,2022-10-27,27,Thursday,43,10,October,4,2022,False,2026-08-15T12:00:00+00:00,GEN-20260815T120000Z-bcb100dcba34,GENERATED
20221028,2022-10-28,28,Friday,43,10,October,4,2022,False,2026-08-15T12:00:00+00:00,GEN-20260815T120000Z-bcb100dcba34,GENERATED
20221029,2022-10-29,29,Saturday,43,10,October,4,2022,True,2026-08-15T12:00:00+00:00,GEN-20260815T120000Z-bcb100dcba34,GENERATED
20221030,2022-10-30,30,Sunday,43,10,October,4,2022,True,2026-08-15T12:00:00+00:00,GEN-20260815T120000Z-bcb100dcba34,GENERATED
20221031,2022-10-31,31,Monday,44,10,October,4,2022,False,2026-08-15T12:00:00+00:00,GEN-20260815T120000Z-bcb100dcba34,GENERATED
20221101,2022-11-01,1,Tuesday,44,11,November,4,2022,False,2026-08-15T12:00:00+00:00,GEN-20260815T120000Z-bcb100dcba34,GENERATED
20221102,2022-11-02,2,Wednesday,44,11,November,4,2022,False,2026-08-15T12:00:00+00:00,GEN-20260815T120000Z-bcb100dcba34,GENERATED
20221103,2022-11-03,3,Thursday,44,11,November,4,2022,False,2026-08-15T12:00:00+00:00,GEN-20260815T120000Z-bcb100dcba34,GENERATED
20221104,2022-11-04,4,Friday,44,11,November,4,2022,False,2026-08-15T12:00:00+00:00,GEN-20260815T120000Z-bcb100dcba34,GENERATED
20221105,2022-11-05,5,Saturday,44,11,November,4,2022,True,2026-08-15T12:00:00+00:00,GEN-20260815T120000Z-bcb100dcba34,GENERATED
20221106,2022-11-06,6,Sunday,44,11,November,4,2022,True,2026-08-15T12:00:00+00:00,GEN-20260815T120000Z-bcb100dcba34,GENERATED
20221107,2022-11-07,7,Monday,45,11,November,4,2022,False,2026-08-15T12:00:00+00:00,GEN-20260815T120000Z-bcb100dcba34,GENERATED
20221108,2022-11-08,8,Tuesday,45,11,November,4,2022,False,2026-08-15T12:00:00+00:00,GEN-20260815T120000Z-bcb100dcba34,GENERATED
20221109,2022-11-09,9,Wednesday,45,11,November,4,2022,False,2026-08-15T12:00:00+00:00,GEN-20260815T120000Z-bcb100dcba34,GENERATED
20221110,2022-11-10,10,Thursday,45,11,November,4,2022,False,2026-08-15T12:00:00+00:00,GEN-20260815T120000Z-bcb100dcba34,GENERATED
20221111,2022-11-11,11,Friday,45,11,November,4,2022,False,2026-08-15T12:00:00+00:00,GEN-20260815T120000Z-bcb100dcba34,GENERATED
20221112,2022-11-12,12,Saturday,45,11,November,4,2022,True,2026-08-15T12:00:00+00:00,GEN-20260815T120000Z-bcb100dcba34,GENERATED
20221113,2022-11-13,13,Sunday,45,11,November,4,2022,True,2026-08-15T12:00:00+00:00,GEN-20260815T120000Z-bcb100dcba34,GENERATED
20221114,2022-11-14,14,Monday,46,11,November,4,2022,False,2026-08-15T12:00:00+00:00,GEN-20260815T120000Z-bcb100dcba34,GENERATED
20221115,2022-11-15,15,Tuesday,46,11,November,4,2022,False,2026-08-15T12:00:00+00:00,GEN-20260815T120000Z-bcb100dcba34,GENERATED
20221116,2022-11-16,16,Wednesday,46,11,November,4,2022,False,2026-08-15T12:00:00+00:00,GEN-20260815T120000Z-bcb100dcba34,GENERATED
20221117,2022-11-17,17,Thursday,46,11,November,4,2022,False,2026-08-15T12:00:00+00:00,GEN-20260815T120000Z-bcb100dcba34,GENERATED
20221118,2022-11-18,18,Friday,46,11,November,4,2022,False,2026-08-15T12:00:00+00:00,GEN-20260815T120000Z-bcb100dcba34,GENERATED
20221119,2022-11-19,19,Saturday,46,11,November,4,2022,True,2026-08-15T12:00:00+00:00,GEN-20260815T120000Z-bcb100dcba34,GENERATED
20221120,2022-11-20,20,Sunday,46,11,November,4,2022,True,2026-08-15T12:00:00+00:00,GEN-20260815T120000Z-bcb100dcba34,GENERATED
20221121,2022-11-21,21,Monday,47,11,November,4,2022,False,2026-08-15T12:00:00+00:00,GEN-20260815T120000Z-bcb100dcba34,GENERATED
20221122,2022-11-22,22,Tuesday,47,11,November,4,2022,False,2026-08-15T12:00:00+00:00,GEN-20260815T120000Z-bcb100dcba34,GENERATED
20221123,2022-11-23,23,Wednesday,47,11,November,4,2022,False,2026-08-15T12:00:00+00:00,GEN-20260815T120000Z-bcb100dcba34,GENERATED
20221124,2022-11-24,24,Thursday,47,11,November,4,2022,False,2026-08-15T12:00:00+00:00,GEN-20260815T120000Z-bcb100dcba34,GENERATED
20221125,2022-11-25,25,Friday,47,11,November,4,2022,False,2026-08-15T12:00:00+00:00,GEN-20260815T120000Z-bcb100dcba34,GENERATED
20221126,2022-11-26,26,Saturday,47,11,November,4,2022,True,2026-08-15T12:00:00+00:00,GEN-20260815T120000Z-bcb100dcba34,GENERATED
20221127,2022-11-27,27,Sunday,47,11,November,4,2022,True,2026-08-15T12:00:00+00:00,GEN-20260815T120000Z-bcb100dcba34,GENERATED
20221128,2022-11-28,28,Monday,48,11,November,4,2022,False,2026-08-15T12:00:00+00:00,GEN-20260815T120000Z-bcb100dcba34,GENERATED
20221129,2022-11-29,29,Tuesday,48,11,November,4,2022,False,2026-08-15T12:00:00+00:00,GEN-20260815T120000Z-bcb100dcba34,GENERATED
20221130,2022-11-30,30,Wednesday,48,11,November,4,2022,False,2026-08-15T12:00:00+00:00,GEN-20260815T120000Z-bcb100dcba34,GENERATED
20221201,2022-12-01,1,Thursday,48,12,December,4,2022,False,2026-08-15T12:00:00+00:00,GEN-20260815T120000Z-bcb100dcba34,GENERATED
20221202,2022-12-02,2,Friday,48,12,December,4,2022,False,2026-08-15T12:00:00+00:00,GEN-20260815T120000Z-bcb100dcba34,GENERATED
20221203,2022-12-03,3,Saturday,48,12,December,4,2022,True,2026-08-15T12:00:00+00:00,GEN-20260815T120000Z-bcb100dcba34,GENERATED
20221204,2022-12-04,4,Sunday,48,12,December,4,2022,True,2026-08-15T12:00:00+00:00,GEN-20260815T120000Z-bcb100dcba34,GENERATED
20221205,2022-12-05,5,Monday,49,12,December,4,2022,False,2026-08-15T12:00:00+00:00,GEN-20260815T120000Z-bcb100dcba34,GENERATED
20221206,2022-12-06,6,Tuesday,49,12,December,4,2022,False,2026-08-15T12:00:00+00:00,GEN-20260815T120000Z-bcb100dcba34,GENERATED
20221207,2022-12-07,7,Wednesday,49,12,December,4,2022,False,2026-08-15T12:00:00+00:00,GEN-20260815T120000Z-bcb100dcba34,GENERATED
20221208,2022-12-08,8,Thursday,49,12,December,4,2022,False,2026-08-15T12:00:00+00:00,GEN-20260815T120000Z-bcb100dcba34,GENERATED
20221209,2022-12-09,9,Friday,49,12,December,4,2022,False,2026-08-15T12:00:00+00:00,GEN-20260815T120000Z-bcb100dcba34,GENERATED
20221210,2022-12-10,10,Saturday,49,12,December,4,2022,True,2026-08-15T12:00:00+00:00,GEN-20260815T120000Z-bcb100dcba34,GENERATED
20221211,2022-12-11,11,Sunday,49,12,December,4,2022,True,2026-08-15T12:00:00+00:00,GEN-20260815T120000Z-bcb100dcba34,GENERATED
20221212,2022-12-12,12,Monday,50,12,December,4,2022,False,2026-08-15T12:00:00+00:00,GEN-20260815T120000Z-bcb100dcba34,GENERATED
20221213,2022-12-13,13,Tuesday,50,12,December,4,2022,False,2026-08-15T12:00:00+00:00,GEN-20260815T120000Z-bcb100dcba34,GENERATED
20221214,2022-12-14,14,Wednesday,50,12,December,4,2022,False,2026-08-15T12:00:00+00:00,GEN-20260815T120000Z-bcb100dcba34,GENERATED
20221215,2022-12-15,15,Thursday,50,12,December,4,2022,False,2026-08-15T12:00:00+00:00,GEN-20260815T120000Z-bcb100dcba34,GENERATED
20221216,2022-12-16,16,Friday,50,12,December,4,2022,False,2026-08-15T12:00:00+00:00,GEN-20260815T120000Z-bcb100dcba34,GENERATED
20221217,2022-12-17,17,Saturday,50,12,December,4,2022,True,2026-08-15T12:00:00+00:00,GEN-20260815T120000Z-bcb100dcba34,GENERATED
20221218,2022-12-18,18,Sunday,50,12,December,4,2022,True,2026-08-15T12:00:00+00:00,GEN-20260815T120000Z-bcb100dcba34,GENERATED
20221219,2022-12-19,19,Monday,51,12,December,4,2022,False,2026-08-15T12:00:00+00:00,GEN-20260815T120000Z-bcb100dcba34,GENERATED
20221220,2022-12-20,20,Tuesday,51,12,December,4,2022,False,2026-08-15T12:00:00+00:00,GEN-20260815T120000Z-bcb100dcba34,GENERATED
20221221,2022-12-21,21,Wednesday,51,12,December,4,2022,False,2026-08-15T12:00:00+00:00,GEN-20260815T120000Z-bcb100dcba34,GENERATED
20221222,2022-12-22,22,Thursday,51,12,December,4,2022,False,2026-08-15T12:00:00+00:00,GEN-20260815T120000Z-bcb100dcba34,GENERATED
20221223,2022-12-23,23,Friday,51,12,December,4,2022,False,2026-08-15T12:00:00+00:00,GEN-20260815T120000Z-bcb100dcba34,GENERATED
20221224,2022-12-24,24,Saturday,51,12,December,4,2022,True,2026-08-15T12:00:00+00:00,GEN-20260815T120000Z-bcb100dcba34,GENERATED
20221225,2022-12-25,25,Sunday,51,12,December,4,2022,True,2026-08-15T12:00:00+00:00,GEN-20260815T120000Z-bcb100dcba34,GENERATED
20221226,2022-12-26,26,Monday,52,12,December,4,2022,False,2026-08-15T12:00:00+00:00,GEN-20260815T120000Z-bcb100dcba34,GENERATED
20221227,2022-12-27,27,Tuesday,52,12,December,4,2022,False,2026-08-15T12:00:00+00:00,GEN-20260815T120000Z-bcb100dcba34,GENERATED
20221228,2022-12-28,28,Wednesday,52,12,December,4,2022,False,2026-08-15T12:00:00+00:00,GEN-20260815T120000Z-bcb100dcba34,GENERATED
20221229,2022-12-29,29,Thursday,52,12,December,4,2022,False,2026-08-15T12:00:00+00:00,GEN-20260815T120000Z-bcb100dcba34,GENERATED
20221230,2022-12-30,30,Friday,52,12,December,4,2022,False,2026-08-15T12:00:00+00:00,GEN-20260815T120000Z-bcb100dcba34,GENERATED
20221231,2022-12-31,31,Saturday,52,12,December,4,2022,True,2026-08-15T12:00:00+00:00,GEN-20260815T120000Z-bcb100dcba34,GENERATED
20230101,2023-01-01,1,Sunday,52,1,January,1,2023,True,2026-08-15T12:00:00+00:00,GEN-20260815T120000Z-bcb100dcba34,GENERATED
20230102,2023-01-02,2,Monday,1,1,January,1,2023,False,2026-08-15T12:00:00+00:00,GEN-20260815T120000Z-bcb100dcba34,GENERATED
20230103,2023-01-03,3,Tuesday,1,1,January,1,2023,False,2026-08-15T12:00:00+00:00,GEN-20260815T120000Z-bcb100dcba34,GENERATED
20230104,2023-01-04,4,Wednesday,1,1,January,1,2023,False,2026-08-15T12:00:00+00:00,GEN-20260815T120000Z-bcb100dcba34,GENERATED
20230105,2023-01-05,5,Thursday,1,1,January,1,2023,False,2026-08-15T12:00:00+00:00,GEN-20260815T120000Z-bcb100dcba34,GENERATED
20230106,2023-01-06,6,Friday,1,1,January,1,2023,False,2026-08-15T12:00:00+00:00,GEN-20260815T120000Z-bcb100dcba34,GENERATED
20230107,2023-01-07,7,Saturday,1,1,January,1,2023,True,2026-08-15T12:00:00+00:00,GEN-20260815T120000Z-bcb100dcba34,GENERATED
20230108,2023-01-08,8,Sunday,1,1,January,1,2023,True,2026-08-15T12:00:00+00:00,GEN-20260815T120000Z-bcb100dcba34,GENERATED
20230109,2023-01-09,9,Monday,2,1,January,1,2023,False,2026-08-15T12:00:00+00:00,GEN-20260815T120000Z-bcb100dcba34,GENERATED
20230110,2023-01-10,10,Tuesday,2,1,January,1,2023,False,2026-08-15T12:00:00+00:00,GEN-20260815T120000Z-bcb100dcba34,GENERATED
20230111,2023-01-11,11,Wednesday,2,1,January,1,2023,False,2026-08-15T12:00:00+00:00,GEN-20260815T120000Z-bcb100dcba34,GENERATED
20230112,2023-01-12,12,Thursday,2,1,January,1,2023,False,2026-08-15T12:00:00+00:00,GEN-20260815T120000Z-bcb100dcba34,GENERATED
20230113,2023-01-13,13,Friday,2,1,January,1,2023,False,2026-08-15T12:00:00+00:00,GEN-20260815T120000Z-bcb100dcba34,GENERATED
20230114,2023-01-14,14,Saturday,2,1,January,1,2023,True,2026-08-15T12:00:00+00:00,GEN-20260815T120000Z-bcb100dcba34,GENERATED
20230115,2023-01-15,15,Sunday,2,1,January,1,2023,True,2026-08-15T12:00:00+00:00,GEN-20260815T120000Z-bcb100dcba34,GENERATED
20230116,2023-01-16,16,Monday,3,1,January,1,2023,False,2026-08-15T12:00:00+00:00,GEN-20260815T120000Z-bcb100dcba34,GENERATED
20230117,2023-01-17,17,Tuesday,3,1,January,1,2023,False,2026-08-15T12:00:00+00:00,GEN-20260815T120000Z-bcb100dcba34,GENERATED
20230118,2023-01-18,18,Wednesday,3,1,January,1,2023,False,2026-08-15T12:00:00+00:00,GEN-20260815T120000Z-bcb100dcba34,GENERATED
20230119,2023-01-19,19,Thursday,3,1,January,1,2023,False,2026-08-15T12:00:00+00:00,GEN-20260815T120000Z-bcb100dcba34,GENERATED
20230120,2023-01-20,20,Friday,3,1,January,1,2023,False,2026-08-15T12:00:00+00:00,GEN-20260815T120000Z-bcb100dcba34,GENERATED
20230121,2023-01-21,21,Saturday,3,1,January,1,2023,True,2026-08-15T12:00:00+00:00,GEN-20260815T120000Z-bcb100dcba34,GENERATED
20230122,2023-01-22,22,Sunday,3,1,January,1,2023,True,2026-08-15T12:00:00+00:00,GEN-20260815T120000Z-bcb100dcba34,GENERATED
20230123,2023-01-23,23,Monday,4,1,January,1,2023,False,2026-08-15T12:00:00+00:00,GEN-20260815T120000Z-bcb100dcba34,GENERATED
20230124,2023-01-24,24,Tuesday,4,1,January,1,2023,False,2026-08-15T12:00:00+00:00,GEN-20260815T120000Z-bcb100dcba34,GENERATED
20230125,2023-01-25,25,Wednesday,4,1,January,1,2023,False,2026-08-15T12:00:00+00:00,GEN-20260815T120000Z-bcb100dcba34,GENERATED
20230126,2023-01-26,26,Thursday,4,1,January,1,2023,False,2026-08-15T12:00:00+00:00,GEN-20260815T120000Z-bcb100dcba34,GENERATED
20230127,2023-01-27,27,Friday,4,1,January,1,2023,False,2026-08-15T12:00:00+00:00,GEN-20260815T120000Z-bcb100dcba34,GENERATED
20230128,2023-01-28,28,Saturday,4,1,January,1,2023,True,2026-08-15T12:00:00+00:00,GEN-20260815T120000Z-bcb100dcba34,GENERATED
20230129,2023-01-29,29,Sunday,4,1,January,1,2023,True,2026-08-15T12:00:00+00:00,GEN-20260815T120000Z-bcb100dcba34,GENERATED
20230130,2023-01-30,30,Monday,5,1,January,1,2023,False,2026-08-15T12:00:00+00:00,GEN-20260815T120000Z-bcb100dcba34,GENERATED
20230131,2023-01-31,31,Tuesday,5,1,January,1,2023,False,2026-08-15T12:00:00+00:00,GEN-20260815T120000Z-bcb100dcba34,GENERATED
20230201,2023-02-01,1,Wednesday,5,2,February,1,2023,False,2026-08-15T12:00:00+00:00,GEN-20260815T120000Z-bcb100dcba34,GENERATED
20230202,2023-02-02,2,Thursday,5,2,February,1,2023,False,2026-08-15T12:00:00+00:00,GEN-20260815T120000Z-bcb100dcba34,GENERATED
20230203,2023-02-03,3,Friday,5,2,February,1,2023,False,2026-08-15T12:00:00+00:00,GEN-20260815T120000Z-bcb100dcba34,GENERATED
20230204,2023-02-04,4,Saturday,5,2,February,1,2023,True,2026-08-15T12:00:00+00:00,GEN-20260815T120000Z-bcb100dcba34,GENERATED
20230205,2023-02-05,5,Sunday,5,2,February,1,2023,True,2026-08-15T12:00:00+00:00,GEN-20260815T120000Z-bcb100dcba34,GENERATED
20230206,2023-02-06,6,Monday,6,2,February,1,2023,False,2026-08-15T12:00:00+00:00,GEN-20260815T120000Z-bcb100dcba34,GENERATED
20230207,2023-02-07,7,Tuesday,6,2,February,1,2023,False,2026-08-15T12:00:00+00:00,GEN-20260815T120000Z-bcb100dcba34,GENERATED
20230208,2023-02-08,8,Wednesday,6,2,February,1,2023,False,2026-08-15T12:00:00+00:00,GEN-20260815T120000Z-bcb100dcba34,GENERATED
20230209,2023-02-09,9,Thursday,6,2,February,1,2023,False,2026-08-15T12:00:00+00:00,GEN-20260815T120000Z-bcb100dcba34,GENERATED
20230210,2023-02-10,10,Friday,6,2,February,1,2023,False,2026-08-15T12:00:00+00:00,GEN-20260815T120000Z-bcb100dcba34,GENERATED
20230211,2023-02-11,11,Saturday,6,2,February,1,2023,True,2026-08-15T12:00:00+00:00,GEN-20260815T120000Z-bcb100dcba34,GENERATED
20230212,2023-02-12,12,Sunday,6,2,February,1,2023,True,2026-08-15T12:00:00+00:00,GEN-20260815T120000Z-bcb100dcba34,GENERATED
20230213,2023-02-13,13,Monday,7,2,February,1,2023,False,2026-08-15T12:00:00+00:00,GEN-20260815T120000Z-bcb100dcba34,GENERATED
20230214,2023-02-14,14,Tuesday,7,2,February,1,2023,False,2026-08-15T12:00:00+00:00,GEN-20260815T120000Z-bcb100dcba34,GENERATED
20230215,2023-02-15,15,Wednesday,7,2,February,1,2023,False,2026-08-15T12:00:00+00:00,GEN-20260815T120000Z-bcb100dcba34,GENERATED
20230216,2023-02-16,16,Thursday,7,2,February,1,2023,False,2026-08-15T12:00:00+00:00,GEN-20260815T120000Z-bcb100dcba34,GENERATED
20230217,2023-02-17,17,Friday,7,2,February,1,2023,False,2026-08-15T12:00:00+00:00,GEN-20260815T120000Z-bcb100dcba34,GENERATED
20230218,2023-02-18,18,Saturday,7,2,February,1,2023,True,2026-08-15T12:00:00+00:00,GEN-20260815T120000Z-bcb100dcba34,GENERATED
20230219,2023-02-19,19,Sunday,7,2,February,1,2023,True,2026-08-15T12:00:00+00:00,GEN-20260815T120000Z-bcb100dcba34,GENERATED
20230220,2023-02-20,20,Monday,8,2,February,1,2023,False,2026-08-15T12:00:00+00:00,GEN-20260815T120000Z-bcb100dcba34,GENERATED
20230221,2023-02-21,21,Tuesday,8,2,February,1,2023,False,2026-08-15T12:00:00+00:00,GEN-20260815T120000Z-bcb100dcba34,GENERATED
20230222,2023-02-22,22,Wednesday,8,2,February,1,2023,False,2026-08-15T12:00:00+00:00,GEN-20260815T120000Z-bcb100dcba34,GENERATED
20230223,2023-02-23,23,Thursday,8,2,February,1,2023,False,2026-08-15T12:00:00+00:00,GEN-20260815T120000Z-bcb100dcba34,GENERATED
20230224,2023-02-24,24,Friday,8,2,February,1,2023,False,2026-08-15T12:00:00+00:00,GEN-20260815T120000Z-bcb100dcba34,GENERATED
20230225,2023-02-25,25,Saturday,8,2,February,1,2023,True,2026-08-15T12:00:00+00:00,GEN-20260815T120000Z-bcb100dcba34,GENERATED
20230226,2023-02-26,26,Sunday,8,2,February,1,2023,True,2026-08-15T12:00:00+00:00,GEN-20260815T120000Z-bcb100dcba34,GENERATED
20230227,2023-02-27,27,Monday,9,2,February,1,2023,False,2026-08-15T12:00:00+00:00,GEN-20260815T120000Z-bcb100dcba34,GENERATED
20230228,2023-02-28,28,Tuesday,9,2,February,1,2023,False,2026-08-15T12:00:00+00:00,GEN-20260815T120000Z-bcb100dcba34,GENERATED
20230301,2023-03-01,1,Wednesday,9,3,March,1,2023,False,2026-08-15T12:00:00+00:00,GEN-20260815T120000Z-bcb100dcba34,GENERATED
20230302,2023-03-02,2,Thursday,9,3,March,1,2023,False,2026-08-15T12:00:00+00:00,GEN-20260815T120000Z-bcb100dcba34,GENERATED
20230303,2023-03-03,3,Friday,9,3,March,1,2023,False,2026-08-15T12:00:00+00:00,GEN-20260815T120000Z-bcb100dcba34,GENERATED
20230304,2023-03-04,4,Saturday,9,3,March,1,2023,True,2026-08-15T12:00:00+00:00,GEN-20260815T120000Z-bcb100dcba34,GENERATED
20230305,2023-03-05,5,Sunday,9,3,March,1,2023,True,2026-08-15T12:00:00+00:00,GEN-20260815T120000Z-bcb100dcba34,GENERATED
20230306,2023-03-06,6,Monday,10,3,March,1,2023,False,2026-08-15T12:00:00+00:00,GEN-20260815T120000Z-bcb100dcba34,GENERATED
20230307,2023-03-07,7,Tuesday,10,3,March,1,2023,False,2026-08-15T12:00:00+00:00,GEN-20260815T120000Z-bcb100dcba34,GENERATED
20230308,2023-03-08,8,Wednesday,10,3,March,1,2023,False,2026-08-15T12:00:00+00:00,GEN-20260815T120000Z-bcb100dcba34,GENERATED
20230309,2023-03-09,9,Thursday,10,3,March,1,2023,False,2026-08-15T12:00:00+00:00,GEN-20260815T120000Z-bcb100dcba34,GENERATED
20230310,2023-03-10,10,Friday,10,3,March,1,2023,False,2026-08-15T12:00:00+00:00,GEN-20260815T120000Z-bcb100dcba34,GENERATED
20230311,2023-03-11,11,Saturday,10,3,March,1,2023,True,2026-08-15T12:00:00+00:00,GEN-20260815T120000Z-bcb100dcba34,GENERATED
20230312,2023-03-12,12,Sunday,10,3,March,1,2023,True,2026-08-15T12:00:00+00:00,GEN-20260815T120000Z-bcb100dcba34,GENERATED
20230313,2023-03-13,13,Monday,11,3,March,1,2023,False,2026-08-15T12:00:00+00:00,GEN-20260815T120000Z-bcb100dcba34,GENERATED
20230314,2023-03-14,14,Tuesday,11,3,March,1,2023,False,2026-08-15T12:00:00+00:00,GEN-20260815T120000Z-bcb100dcba34,GENERATED
20230315,2023-03-15,15,Wednesday,11,3,March,1,2023,False,2026-08-15T12:00:00+00:00,GEN-20260815T120000Z-bcb100dcba34,GENERATED
20230316,2023-03-16,16,Thursday,11,3,March,1,2023,False,2026-08-15T12:00:00+00:00,GEN-20260815T120000Z-bcb100dcba34,GENERATED
20230317,2023-03-17,17,Friday,11,3,March,1,2023,False,2026-08-15T12:00:00+00:00,GEN-20260815T120000Z-bcb100dcba34,GENERATED
20230318,2023-03-18,18,Saturday,11,3,March,1,2023,True,2026-08-15T12:00:00+00:00,GEN-20260815T120000Z-bcb100dcba34,GENERATED
20230319,2023-03-19,19,Sunday,11,3,March,1,2023,True,2026-08-15T12:00:00+00:00,GEN-20260815T120000Z-bcb100dcba34,GENERATED
20230320,2023-03-20,20,Monday,12,3,March,1,2023,False,2026-08-15T12:00:00+00:00,GEN-20260815T120000Z-bcb100dcba34,GENERATED
20230321,2023-03-21,21,Tuesday,12,3,March,1,2023,False,2026-08-15T12:00:00+00:00,GEN-20260815T120000Z-bcb100dcba34,GENERATED
20230322,2023-03-22,22,Wednesday,12,3,March,1,2023,False,2026-08-15T12:00:00+00:00,GEN-20260815T120000Z-bcb100dcba34,GENERATED
20230323,2023-03-23,23,Thursday,12,3,March,1,2023,False,2026-08-15T12:00:00+00:00,GEN-20260815T120000Z-bcb100dcba34,GENERATED
20230324,2023-03-24,24,Friday,12,3,March,1,2023,False,2026-08-15T12:00:00+00:00,GEN-20260815T120000Z-bcb100dcba34,GENERATED
20230325,2023-03-25,25,Saturday,12,3,March,1,2023,True,2026-08-15T12:00:00+00:00,GEN-20260815T120000Z-bcb100dcba34,GENERATED
20230326,2023-03-26,26,Sunday,12,3,March,1,2023,True,2026-08-15T12:00:00+00:00,GEN-20260815T120000Z-bcb100dcba34,GENERATED
20230327,2023-03-27,27,Monday,13,3,March,1,2023,False,2026-08-15T12:00:00+00:00,GEN-20260815T120000Z-bcb100dcba34,GENERATED
20230328,2023-03-28,28,Tuesday,13,3,March,1,2023,False,2026-08-15T12:00:00+00:00,GEN-20260815T120000Z-bcb100dcba34,GENERATED
20230329,2023-03-29,29,Wednesday,13,3,March,1,2023,False,2026-08-15T12:00:00+00:00,GEN-20260815T120000Z-bcb100dcba34,GENERATED
20230330,2023-03-30,30,Thursday,13,3,March,1,2023,False,2026-08-15T12:00:00+00:00,GEN-20260815T120000Z-bcb100dcba34,GENERATED
20230331,2023-03-31,31,Friday,13,3,March,1,2023,False,2026-08-15T12:00:00+00:00,GEN-20260815T120000Z-bcb100dcba34,GENERATED
20230401,2023-04-01,1,Saturday,13,4,April,2,2023,True,2026-08-15T12:00:00+00:00,GEN-20260815T120000Z-bcb100dcba34,GENERATED
20230402,2023-04-02,2,Sunday,13,4,April,2,2023,True,2026-08-15T12:00:00+00:00,GEN-20260815T120000Z-bcb100dcba34,GENERATED
20230403,2023-04-03,3,Monday,14,4,April,2,2023,False,2026-08-15T12:00:00+00:00,GEN-20260815T120000Z-bcb100dcba34,GENERATED
20230404,2023-04-04,4,Tuesday,14,4,April,2,2023,False,2026-08-15T12:00:00+00:00,GEN-20260815T120000Z-bcb100dcba34,GENERATED
20230405,2023-04-05,5,Wednesday,14,4,April,2,2023,False,2026-08-15T12:00:00+00:00,GEN-20260815T120000Z-bcb100dcba34,GENERATED
20230406,2023-04-06,6,Thursday,14,4,April,2,2023,False,2026-08-15T12:00:00+00:00,GEN-20260815T120000Z-bcb100dcba34,GENERATED
20230407,2023-04-07,7,Friday,14,4,April,2,2023,False,2026-08-15T12:00:00+00:00,GEN-20260815T120000Z-bcb100dcba34,GENERATED
20230408,2023-04-08,8,Saturday,14,4,April,2,2023,True,2026-08-15T12:00:00+00:00,GEN-20260815T120000Z-bcb100dcba34,GENERATED
20230409,2023-04-09,9,Sunday,14,4,April,2,2023,True,2026-08-15T12:00:00+00:00,GEN-20260815T120000Z-bcb100dcba34,GENERATED
20230410,2023-04-10,10,Monday,15,4,April,2,2023,False,2026-08-15T12:00:00+00:00,GEN-20260815T120000Z-bcb100dcba34,GENERATED
20230411,2023-04-11,11,Tuesday,15,4,April,2,2023,False,2026-08-15T12:00:00+00:00,GEN-20260815T120000Z-bcb100dcba34,GENERATED
20230412,2023-04-12,12,Wednesday,15,4,April,2,2023,False,2026-08-15T12:00:00+00:00,GEN-20260815T120000Z-bcb100dcba34,GENERATED
20230413,2023-04-13,13,Thursday,15,4,April,2,2023,False,2026-08-15T12:00:00+00:00,GEN-20260815T120000Z-bcb100dcba34,GENERATED
20230414,2023-04-14,14,Friday,15,4,April,2,2023,False,2026-08-15T12:00:00+00:00,GEN-20260815T120000Z-bcb100dcba34,GENERATED
20230415,2023-04-15,15,Saturday,15,4,April,2,2023,True,2026-08-15T12:00:00+00:00,GEN-20260815T120000Z-bcb100dcba34,GENERATED
20230416,2023-04-16,16,Sunday,15,4,April,2,2023,True,2026-08-15T12:00:00+00:00,GEN-20260815T120000Z-bcb100dcba34,GENERATED
20230417,2023-04-17,17,Monday,16,4,April,2,2023,False,2026-08-15T12:00:00+00:00,GEN-20260815T120000Z-bcb100dcba34,GENERATED
20230418,2023-04-18,18,Tuesday,16,4,April,2,2023,False,2026-08-15T12:00:00+00:00,GEN-20260815T120000Z-bcb100dcba34,GENERATED
20230419,2023-04-19,19,Wednesday,16,4,April,2,2023,False,2026-08-15T12:00:00+00:00,GEN-20260815T120000Z-bcb100dcba34,GENERATED
20230420,2023-04-20,20,Thursday,16,4,April,2,2023,False,2026-08-15T12:00:00+00:00,GEN-20260815T120000Z-bcb100dcba34,GENERATED
20230421,2023-04-21,21,Friday,16,4,April,2,2023,False,2026-08-15T12:00:00+00:00,GEN-20260815T120000Z-bcb100dcba34,GENERATED
20230422,2023-04-22,22,Saturday,16,4,April,2,2023,True,2026-08-15T12:00:00+00:00,GEN-20260815T120000Z-bcb100dcba34,GENERATED
20230423,2023-04-23,23,Sunday,16,4,April,2,2023,True,2026-08-15T12:00:00+00:00,GEN-20260815T120000Z-bcb100dcba34,GENERATED
20230424,2023-04-24,24,Monday,17,4,April,2,2023,False,2026-08-15T12:00:00+00:00,GEN-20260815T120000Z-bcb100dcba34,GENERATED
20230425,2023-04-25,25,Tuesday,17,4,April,2,2023,False,2026-08-15T12:00:00+00:00,GEN-20260815T120000Z-bcb100dcba34,GENERATED
20230426,2023-04-26,26,Wednesday,17,4,April,2,2023,False,2026-08-15T12:00:00+00:00,GEN-20260815T120000Z-bcb100dcba34,GENERATED
20230427,2023-04-27,27,Thursday,17,4,April,2,2023,False,2026-08-15T12:00:00+00:00,GEN-20260815T120000Z-bcb100dcba34,GENERATED
20230428,2023-04-28,28,Friday,17,4,April,2,2023,False,2026-08-15T12:00:00+00:00,GEN-20260815T120000Z-bcb100dcba34,GENERATED
20230429,2023-04-29,29,Saturday,17,4,April,2,2023,True,2026-08-15T12:00:00+00:00,GEN-20260815T120000Z-bcb100dcba34,GENERATED
20230430,2023-04-30,30,Sunday,17,4,April,2,2023,True,2026-08-15T12:00:00+00:00,GEN-20260815T120000Z-bcb100dcba34,GENERATED
20230501,2023-05-01,1,Monday,18,5,May,2,2023,False,2026-08-15T12:00:00+00:00,GEN-20260815T120000Z-bcb100dcba34,GENERATED
20230502,2023-05-02,2,Tuesday,18,5,May,2,2023,False,2026-08-15T12:00:00+00:00,GEN-20260815T120000Z-bcb100dcba34,GENERATED
20230503,2023-05-03,3,Wednesday,18,5,May,2,2023,False,2026-08-15T12:00:00+00:00,GEN-20260815T120000Z-bcb100dcba34,GENERATED
20230504,2023-05-04,4,Thursday,18,5,May,2,2023,False,2026-08-15T12:00:00+00:00,GEN-20260815T120000Z-bcb100dcba34,GENERATED
20230505,2023-05-05,5,Friday,18,5,May,2,2023,False,2026-08-15T12:00:00+00:00,GEN-20260815T120000Z-bcb100dcba34,GENERATED
20230506,2023-05-06,6,Saturday,18,5,May,2,2023,True,2026-08-15T12:00:00+00:00,GEN-20260815T120000Z-bcb100dcba34,GENERATED
20230507,2023-05-07,7,Sunday,18,5,May,2,2023,True,2026-08-15T12:00:00+00:00,GEN-20260815T120000Z-bcb100dcba34,GENERATED
20230508,2023-05-08,8,Monday,19,5,May,2,2023,False,2026-08-15T12:00:00+00:00,GEN-20260815T120000Z-bcb100dcba34,GENERATED
20230509,2023-05-09,9,Tuesday,19,5,May,2,2023,False,2026-08-15T12:00:00+00:00,GEN-20260815T120000Z-bcb100dcba34,GENERATED
20230510,2023-05-10,10,Wednesday,19,5,May,2,2023,False,2026-08-15T12:00:00+00:00,GEN-20260815T120000Z-bcb100dcba34,GENERATED
20230511,2023-05-11,11,Thursday,19,5,May,2,2023,False,2026-08-15T12:00:00+00:00,GEN-20260815T120000Z-bcb100dcba34,GENERATED
20230512,2023-05-12,12,Friday,19,5,May,2,2023,False,2026-08-15T12:00:00+00:00,GEN-20260815T120000Z-bcb100dcba34,GENERATED
20230513,2023-05-13,13,Saturday,19,5,May,2,2023,True,2026-08-15T12:00:00+00:00,GEN-20260815T120000Z-bcb100dcba34,GENERATED
20230514,2023-05-14,14,Sunday,19,5,May,2,2023,True,2026-08-15T12:00:00+00:00,GEN-20260815T120000Z-bcb100dcba34,GENERATED
20230515,2023-05-15,15,Monday,20,5,May,2,2023,False,2026-08-15T12:00:00+00:00,GEN-20260815T120000Z-bcb100dcba34,GENERATED
20230516,2023-05-16,16,Tuesday,20,5,May,2,2023,False,2026-08-15T12:00:00+00:00,GEN-20260815T120000Z-bcb100dcba34,GENERATED
20230517,2023-05-17,17,Wednesday,20,5,May,2,2023,False,2026-08-15T12:00:00+00:00,GEN-20260815T120000Z-bcb100dcba34,GENERATED
20230518,2023-05-18,18,Thursday,20,5,May,2,2023,False,2026-08-15T12:00:00+00:00,GEN-20260815T120000Z-bcb100dcba34,GENERATED
20230519,2023-05-19,19,Friday,20,5,May,2,2023,False,2026-08-15T12:00:00+00:00,GEN-20260815T120000Z-bcb100dcba34,GENERATED
20230520,2023-05-20,20,Saturday,20,5,May,2,2023,True,2026-08-15T12:00:00+00:00,GEN-20260815T120000Z-bcb100dcba34,GENERATED
20230521,2023-05-21,21,Sunday,20,5,May,2,2023,True,2026-08-15T12:00:00+00:00,GEN-20260815T120000Z-bcb100dcba34,GENERATED
20230522,2023-05-22,22,Monday,21,5,May,2,2023,False,2026-08-15T12:00:00+00:00,GEN-20260815T120000Z-bcb100dcba34,GENERATED
20230523,2023-05-23,23,Tuesday,21,5,May,2,2023,False,2026-08-15T12:00:00+00:00,GEN-20260815T120000Z-bcb100dcba34,GENERATED
20230524,2023-05-24,24,Wednesday,21,5,May,2,2023,False,2026-08-15T12:00:00+00:00,GEN-20260815T120000Z-bcb100dcba34,GENERATED
20230525,2023-05-25,25,Thursday,21,5,May,2,2023,False,2026-08-15T12:00:00+00:00,GEN-20260815T120000Z-bcb100dcba34,GENERATED
20230526,2023-05-26,26,Friday,21,5,May,2,2023,False,2026-08-15T12:00:00+00:00,GEN-20260815T120000Z-bcb100dcba34,GENERATED
20230527,2023-05-27,27,Saturday,21,5,May,2,2023,True,2026-08-15T12:00:00+00:00,GEN-20260815T120000Z-bcb100dcba34,GENERATED
20230528,2023-05-28,28,Sunday,21,5,May,2,2023,True,2026-08-15T12:00:00+00:00,GEN-20260815T120000Z-bcb100dcba34,GENERATED
20230529,2023-05-29,29,Monday,22,5,May,2,2023,False,2026-08-15T12:00:00+00:00,GEN-20260815T120000Z-bcb100dcba34,GENERATED
20230530,2023-05-30,30,Tuesday,22,5,May,2,2023,False,2026-08-15T12:00:00+00:00,GEN-20260815T120000Z-bcb100dcba34,GENERATED
20230531,2023-05-31,31,Wednesday,22,5,May,2,2023,False,2026-08-15T12:00:00+00:00,GEN-20260815T120000Z-bcb100dcba34,GENERATED
20230601,2023-06-01,1,Thursday,22,6,June,2,2023,False,2026-08-15T12:00:00+00:00,GEN-20260815T120000Z-bcb100dcba34,GENERATED
20230602,2023-06-02,2,Friday,22,6,June,2,2023,False,2026-08-15T12:00:00+00:00,GEN-20260815T120000Z-bcb100dcba34,GENERATED
20230603,2023-06-03,3,Saturday,22,6,June,2,2023,True,2026-08-15T12:00:00+00:00,GEN-20260815T120000Z-bcb100dcba34,GENERATED
20230604,2023-06-04,4,Sunday,22,6,June,2,2023,True,2026-08-15T12:00:00+00:00,GEN-20260815T120000Z-bcb100dcba34,GENERATED
20230605,2023-06-05,5,Monday,23,6,June,2,2023,False,2026-08-15T12:00:00+00:00,GEN-20260815T120000Z-bcb100dcba34,GENERATED
20230606,2023-06-06,6,Tuesday,23,6,June,2,2023,False,2026-08-15T12:00:00+00:00,GEN-20260815T120000Z-bcb100dcba34,GENERATED
20230607,2023-06-07,7,Wednesday,23,6,June,2,2023,False,2026-08-15T12:00:00+00:00,GEN-20260815T120000Z-bcb100dcba34,GENERATED
20230608,2023-06-08,8,Thursday,23,6,June,2,2023,False,2026-08-15T12:00:00+00:00,GEN-20260815T120000Z-bcb100dcba34,GENERATED
20230609,2023-06-09,9,Friday,23,6,June,2,2023,False,2026-08-15T12:00:00+00:00,GEN-20260815T120000Z-bcb100dcba34,GENERATED
20230610,2023-06-10,10,Saturday,23,6,June,2,2023,True,2026-08-15T12:00:00+00:00,GEN-20260815T120000Z-bcb100dcba34,GENERATED
20230611,2023-06-11,11,Sunday,23,6,June,2,2023,True,2026-08-15T12:00:00+00:00,GEN-20260815T120000Z-bcb100dcba34,GENERATED
20230612,2023-06-12,12,Monday,24,6,June,2,2023,False,2026-08-15T12:00:00+00:00,GEN-20260815T120000Z-bcb100dcba34,GENERATED
20230613,2023-06-13,13,Tuesday,24,6,June,2,2023,False,2026-08-15T12:00:00+00:00,GEN-20260815T120000Z-bcb100dcba34,GENERATED
20230614,2023-06-14,14,Wednesday,24,6,June,2,2023,False,2026-08-15T12:00:00+00:00,GEN-20260815T120000Z-bcb100dcba34,GENERATED
20230615,2023-06-15,15,Thursday,24,6,June,2,2023,False,2026-08-15T12:00:00+00:00,GEN-20260815T120000Z-bcb100dcba34,GENERATED
20230616,2023-06-16,16,Friday,24,6,June,2,2023,False,2026-08-15T12:00:00+00:00,GEN-20260815T120000Z-bcb100dcba34,GENERATED
20230617,2023-06-17,17,Saturday,24,6,June,2,2023,True,2026-08-15T12:00:00+00:00,GEN-20260815T120000Z-bcb100dcba34,GENERATED
20230618,2023-06-18,18,Sunday,24,6,June,2,2023,True,2026-08-15T12:00:00+00:00,GEN-20260815T120000Z-bcb100dcba34,GENERATED
20230619,2023-06-19,19,Monday,25,6,June,2,2023,False,2026-08-15T12:00:00+00:00,GEN-20260815T120000Z-bcb100dcba34,GENERATED
20230620,2023-06-20,20,Tuesday,25,6,June,2,2023,False,2026-08-15T12:00:00+00:00,GEN-20260815T120000Z-bcb100dcba34,GENERATED
20230621,2023-06-21,21,Wednesday,25,6,June,2,2023,False,2026-08-15T12:00:00+00:00,GEN-20260815T120000Z-bcb100dcba34,GENERATED
20230622,2023-06-22,22,Thursday,25,6,June,2,2023,False,2026-08-15T12:00:00+00:00,GEN-20260815T120000Z-bcb100dcba34,GENERATED
20230623,2023-06-23,23,Friday,25,6,June,2,2023,False,2026-08-15T12:00:00+00:00,GEN-20260815T120000Z-bcb100dcba34,GENERATED
20230624,2023-06-24,24,Saturday,25,6,June,2,2023,True,2026-08-15T12:00:00+00:00,GEN-20260815T120000Z-bcb100dcba34,GENERATED
20230625,2023-06-25,25,Sunday,25,6,June,2,2023,True,2026-08-15T12:00:00+00:00,GEN-20260815T120000Z-bcb100dcba34,GENERATED
20230626,2023-06-26,26,Monday,26,6,June,2,2023,False,2026-08-15T12:00:00+00:00,GEN-20260815T120000Z-bcb100dcba34,GENERATED
20230627,2023-06-27,27,Tuesday,26,6,June,2,2023,False,2026-08-15T12:00:00+00:00,GEN-20260815T120000Z-bcb100dcba34,GENERATED
20230628,2023-06-28,28,Wednesday,26,6,June,2,2023,False,2026-08-15T12:00:00+00:00,GEN-20260815T120000Z-bcb100dcba34,GENERATED
20230629,2023-06-29,29,Thursday,26,6,June,2,2023,False,2026-08-15T12:00:00+00:00,GEN-20260815T120000Z-bcb100dcba34,GENERATED
20230630,2023-06-30,30,Friday,26,6,June,2,2023,False,2026-08-15T12:00:00+00:00,GEN-20260815T120000Z-bcb100dcba34,GENERATED
20230701,2023-07-01,1,Saturday,26,7,July,3,2023,True,2026-08-15T12:00:00+00:00,GEN-20260815T120000Z-bcb100dcba34,GENERATED
20230702,2023-07-02,2,Sunday,26,7,July,3,2023,True,2026-08-15T12:00:00+00:00,GEN-20260815T120000Z-bcb100dcba34,GENERATED
20230703,2023-07-03,3,Monday,27,7,July,3,2023,False,2026-08-15T12:00:00+00:00,GEN-20260815T120000Z-bcb100dcba34,GENERATED
20230704,2023-07-04,4,Tuesday,27,7,July,3,2023,False,2026-08-15T12:00:00+00:00,GEN-20260815T120000Z-bcb100dcba34,GENERATED
20230705,2023-07-05,5,Wednesday,27,7,July,3,2023,False,2026-08-15T12:00:00+00:00,GEN-20260815T120000Z-bcb100dcba34,GENERATED
20230706,2023-07-06,6,Thursday,27,7,July,3,2023,False,2026-08-15T12:00:00+00:00,GEN-20260815T120000Z-bcb100dcba34,GENERATED
20230707,2023-07-07,7,Friday,27,7,July,3,2023,False,2026-08-15T12:00:00+00:00,GEN-20260815T120000Z-bcb100dcba34,GENERATED
20230708,2023-07-08,8,Saturday,27,7,July,3,2023,True,2026-08-15T12:00:00+00:00,GEN-20260815T120000Z-bcb100dcba34,GENERATED
20230709,2023-07-09,9,Sunday,27,7,July,3,2023,True,2026-08-15T12:00:00+00:00,GEN-20260815T120000Z-bcb100dcba34,GENERATED
20230710,2023-07-10,10,Monday,28,7,July,3,2023,False,2026-08-15T12:00:00+00:00,GEN-20260815T120000Z-bcb100dcba34,GENERATED
20230711,2023-07-11,11,Tuesday,28,7,July,3,2023,False,2026-08-15T12:00:00+00:00,GEN-20260815T120000Z-bcb100dcba34,GENERATED
20230712,2023-07-12,12,Wednesday,28,7,July,3,2023,False,2026-08-15T12:00:00+00:00,GEN-20260815T120000Z-bcb100dcba34,GENERATED
20230713,2023-07-13,13,Thursday,28,7,July,3,2023,False,2026-08-15T12:00:00+00:00,GEN-20260815T120000Z-bcb100dcba34,GENERATED
20230714,2023-07-14,14,Friday,28,7,July,3,2023,False,2026-08-15T12:00:00+00:00,GEN-20260815T120000Z-bcb100dcba34,GENERATED
20230715,2023-07-15,15,Saturday,28,7,July,3,2023,True,2026-08-15T12:00:00+00:00,GEN-20260815T120000Z-bcb100dcba34,GENERATED
20230716,2023-07-16,16,Sunday,28,7,July,3,2023,True,2026-08-15T12:00:00+00:00,GEN-20260815T120000Z-bcb100dcba34,GENERATED
20230717,2023-07-17,17,Monday,29,7,July,3,2023,False,2026-08-15T12:00:00+00:00,GEN-20260815T120000Z-bcb100dcba34,GENERATED
20230718,2023-07-18,18,Tuesday,29,7,July,3,2023,False,2026-08-15T12:00:00+00:00,GEN-20260815T120000Z-bcb100dcba34,GENERATED
20230719,2023-07-19,19,Wednesday,29,7,July,3,2023,False,2026-08-15T12:00:00+00:00,GEN-20260815T120000Z-bcb100dcba34,GENERATED
20230720,2023-07-20,20,Thursday,29,7,July,3,2023,False,2026-08-15T12:00:00+00:00,GEN-20260815T120000Z-bcb100dcba34,GENERATED
20230721,2023-07-21,21,Friday,29,7,July,3,2023,False,2026-08-15T12:00:00+00:00,GEN-20260815T120000Z-bcb100dcba34,GENERATED
20230722,2023-07-22,22,Saturday,29,7,July,3,2023,True,2026-08-15T12:00:00+00:00,GEN-20260815T120000Z-bcb100dcba34,GENERATED
20230723,2023-07-23,23,Sunday,29,7,July,3,2023,True,2026-08-15T12:00:00+00:00,GEN-20260815T120000Z-bcb100dcba34,GENERATED
20230724,2023-07-24,24,Monday,30,7,July,3,2023,False,2026-08-15T12:00:00+00:00,GEN-20260815T120000Z-bcb100dcba34,GENERATED
20230725,2023-07-25,25,Tuesday,30,7,July,3,2023,False,2026-08-15T12:00:00+00:00,GEN-20260815T120000Z-bcb100dcba34,GENERATED
20230726,2023-07-26,26,Wednesday,30,7,July,3,2023,False,2026-08-15T12:00:00+00:00,GEN-20260815T120000Z-bcb100dcba34,GENERATED
20230727,2023-07-27,27,Thursday,30,7,July,3,2023,False,2026-08-15T12:00:00+00:00,GEN-20260815T120000Z-bcb100dcba34,GENERATED
20230728,2023-07-28,28,Friday,30,7,July,3,2023,False,2026-08-15T12:00:00+00:00,GEN-20260815T120000Z-bcb100dcba34,GENERATED
20230729,2023-07-29,29,Saturday,30,7,July,3,2023,True,2026-08-15T12:00:00+00:00,GEN-20260815T120000Z-bcb100dcba34,GENERATED
20230730,2023-07-30,30,Sunday,30,7,July,3,2023,True,2026-08-15T12:00:00+00:00,GEN-20260815T120000Z-bcb100dcba34,GENERATED
20230731,2023-07-31,31,Monday,31,7,July,3,2023,False,2026-08-15T12:00:00+00:00,GEN-20260815T120000Z-bcb100dcba34,GENERATED
20230801,2023-08-01,1,Tuesday,31,8,August,3,2023,False,2026-08-15T12:00:00+00:00,GEN-20260815T120000Z-bcb100dcba34,GENERATED
20230802,2023-08-02,2,Wednesday,31,8,August,3,2023,False,2026-08-15T12:00:00+00:00,GEN-20260815T120000Z-bcb100dcba34,GENERATED
20230803,2023-08-03,3,Thursday,31,8,August,3,2023,False,2026-08-15T12:00:00+00:00,GEN-20260815T120000Z-bcb100dcba34,GENERATED
20230804,2023-08-04,4,Friday,31,8,August,3,2023,False,2026-08-15T12:00:00+00:00,GEN-20260815T120000Z-bcb100dcba34,GENERATED
20230805,2023-08-05,5,Saturday,31,8,August,3,2023,True,2026-08-15T12:00:00+00:00,GEN-20260815T120000Z-bcb100dcba34,GENERATED
20230806,2023-08-06,6,Sunday,31,8,August,3,2023,True,2026-08-15T12:00:00+00:00,GEN-20260815T120000Z-bcb100dcba34,GENERATED
20230807,2023-08-07,7,Monday,32,8,August,3,2023,False,2026-08-15T12:00:00+00:00,GEN-20260815T120000Z-bcb100dcba34,GENERATED
20230808,2023-08-08,8,Tuesday,32,8,August,3,2023,False,2026-08-15T12:00:00+00:00,GEN-20260815T120000Z-bcb100dcba34,GENERATED
20230809,2023-08-09,9,Wednesday,32,8,August,3,2023,False,2026-08-15T12:00:00+00:00,GEN-20260815T120000Z-bcb100dcba34,GENERATED
20230810,2023-08-10,10,Thursday,32,8,August,3,2023,False,2026-08-15T12:00:00+00:00,GEN-20260815T120000Z-bcb100dcba34,GENERATED
20230811,2023-08-11,11,Friday,32,8,August,3,2023,False,2026-08-15T12:00:00+00:00,GEN-20260815T120000Z-bcb100dcba34,GENERATED
20230812,2023-08-12,12,Saturday,32,8,August,3,2023,True,2026-08-15T12:00:00+00:00,GEN-20260815T120000Z-bcb100dcba34,GENERATED
20230813,2023-08-13,13,Sunday,32,8,August,3,2023,True,2026-08-15T12:00:00+00:00,GEN-20260815T120000Z-bcb100dcba34,GENERATED
20230814,2023-08-14,14,Monday,33,8,August,3,2023,False,2026-08-15T12:00:00+00:00,GEN-20260815T120000Z-bcb100dcba34,GENERATED
20230815,2023-08-15,15,Tuesday,33,8,August,3,2023,False,2026-08-15T12:00:00+00:00,GEN-20260815T120000Z-bcb100dcba34,GENERATED
20230816,2023-08-16,16,Wednesday,33,8,August,3,2023,False,2026-08-15T12:00:00+00:00,GEN-20260815T120000Z-bcb100dcba34,GENERATED
20230817,2023-08-17,17,Thursday,33,8,August,3,2023,False,2026-08-15T12:00:00+00:00,GEN-20260815T120000Z-bcb100dcba34,GENERATED
20230818,2023-08-18,18,Friday,33,8,August,3,2023,False,2026-08-15T12:00:00+00:00,GEN-20260815T120000Z-bcb100dcba34,GENERATED
20230819,2023-08-19,19,Saturday,33,8,August,3,2023,True,2026-08-15T12:00:00+00:00,GEN-20260815T120000Z-bcb100dcba34,GENERATED
20230820,2023-08-20,20,Sunday,33,8,August,3,2023,True,2026-08-15T12:00:00+00:00,GEN-20260815T120000Z-bcb100dcba34,GENERATED
20230821,2023-08-21,21,Monday,34,8,August,3,2023,False,2026-08-15T12:00:00+00:00,GEN-20260815T120000Z-bcb100dcba34,GENERATED
20230822,2023-08-22,22,Tuesday,34,8,August,3,2023,False,2026-08-15T12:00:00+00:00,GEN-20260815T120000Z-bcb100dcba34,GENERATED
20230823,2023-08-23,23,Wednesday,34,8,August,3,2023,False,2026-08-15T12:00:00+00:00,GEN-20260815T120000Z-bcb100dcba34,GENERATED
20230824,2023-08-24,24,Thursday,34,8,August,3,2023,False,2026-08-15T12:00:00+00:00,GEN-20260815T120000Z-bcb100dcba34,GENERATED
20230825,2023-08-25,25,Friday,34,8,August,3,2023,False,2026-08-15T12:00:00+00:00,GEN-20260815T120000Z-bcb100dcba34,GENERATED
20230826,2023-08-26,26,Saturday,34,8,August,3,2023,True,2026-08-15T12:00:00+00:00,GEN-20260815T120000Z-bcb100dcba34,GENERATED
20230827,2023-08-27,27,Sunday,34,8,August,3,2023,True,2026-08-15T12:00:00+00:00,GEN-20260815T120000Z-bcb100dcba34,GENERATED
20230828,2023-08-28,28,Monday,35,8,August,3,2023,False,2026-08-15T12:00:00+00:00,GEN-20260815T120000Z-bcb100dcba34,GENERATED
20230829,2023-08-29,29,Tuesday,35,8,August,3,2023,False,2026-08-15T12:00:00+00:00,GEN-20260815T120000Z-bcb100dcba34,GENERATED
20230830,2023-08-30,30,Wednesday,35,8,August,3,2023,False,2026-08-15T12:00:00+00:00,GEN-20260815T120000Z-bcb100dcba34,GENERATED
20230831,2023-08-31,31,Thursday,35,8,August,3,2023,False,2026-08-15T12:00:00+00:00,GEN-20260815T120000Z-bcb100dcba34,GENERATED
20230901,2023-09-01,1,Friday,35,9,September,3,2023,False,2026-08-15T12:00:00+00:00,GEN-20260815T120000Z-bcb100dcba34,GENERATED
20230902,2023-09-02,2,Saturday,35,9,September,3,2023,True,2026-08-15T12:00:00+00:00,GEN-20260815T120000Z-bcb100dcba34,GENERATED
20230903,2023-09-03,3,Sunday,35,9,September,3,2023,True,2026-08-15T12:00:00+00:00,GEN-20260815T120000Z-bcb100dcba34,GENERATED
20230904,2023-09-04,4,Monday,36,9,September,3,2023,False,2026-08-15T12:00:00+00:00,GEN-20260815T120000Z-bcb100dcba34,GENERATED
20230905,2023-09-05,5,Tuesday,36,9,September,3,2023,False,2026-08-15T12:00:00+00:00,GEN-20260815T120000Z-bcb100dcba34,GENERATED
20230906,2023-09-06,6,Wednesday,36,9,September,3,2023,False,2026-08-15T12:00:00+00:00,GEN-20260815T120000Z-bcb100dcba34,GENERATED
20230907,2023-09-07,7,Thursday,36,9,September,3,2023,False,2026-08-15T12:00:00+00:00,GEN-20260815T120000Z-bcb100dcba34,GENERATED
20230908,2023-09-08,8,Friday,36,9,September,3,2023,False,2026-08-15T12:00:00+00:00,GEN-20260815T120000Z-bcb100dcba34,GENERATED
20230909,2023-09-09,9,Saturday,36,9,September,3,2023,True,2026-08-15T12:00:00+00:00,GEN-20260815T120000Z-bcb100dcba34,GENERATED
20230910,2023-09-10,10,Sunday,36,9,September,3,2023,True,2026-08-15T12:00:00+00:00,GEN-20260815T120000Z-bcb100dcba34,GENERATED
20230911,2023-09-11,11,Monday,37,9,September,3,2023,False,2026-08-15T12:00:00+00:00,GEN-20260815T120000Z-bcb100dcba34,GENERATED
20230912,2023-09-12,12,Tuesday,37,9,September,3,2023,False,2026-08-15T12:00:00+00:00,GEN-20260815T120000Z-bcb100dcba34,GENERATED
20230913,2023-09-13,13,Wednesday,37,9,September,3,2023,False,2026-08-15T12:00:00+00:00,GEN-20260815T120000Z-bcb100dcba34,GENERATED
20230914,2023-09-14,14,Thursday,37,9,September,3,2023,False,2026-08-15T12:00:00+00:00,GEN-20260815T120000Z-bcb100dcba34,GENERATED
20230915,2023-09-15,15,Friday,37,9,September,3,2023,False,2026-08-15T12:00:00+00:00,GEN-20260815T120000Z-bcb100dcba34,GENERATED
20230916,2023-09-16,16,Saturday,37,9,September,3,2023,True,2026-08-15T12:00:00+00:00,GEN-20260815T120000Z-bcb100dcba34,GENERATED
20230917,2023-09-17,17,Sunday,37,9,September,3,2023,True,2026-08-15T12:00:00+00:00,GEN-20260815T120000Z-bcb100dcba34,GENERATED
20230918,2023-09-18,18,Monday,38,9,September,3,2023,False,2026-08-15T12:00:00+00:00,GEN-20260815T120000Z-bcb100dcba34,GENERATED
20230919,2023-09-19,19,Tuesday,38,9,September,3,2023,False,2026-08-15T12:00:00+00:00,GEN-20260815T120000Z-bcb100dcba34,GENERATED
20230920,2023-09-20,20,Wednesday,38,9,September,3,2023,False,2026-08-15T12:00:00+00:00,GEN-20260815T120000Z-bcb100dcba34,GENERATED
20230921,2023-09-21,21,Thursday,38,9,September,3,2023,False,2026-08-15T12:00:00+00:00,GEN-20260815T120000Z-bcb100dcba34,GENERATED
20230922,2023-09-22,22,Friday,38,9,September,3,2023,False,2026-08-15T12:00:00+00:00,GEN-20260815T120000Z-bcb100dcba34,GENERATED
20230923,2023-09-23,23,Saturday,38,9,September,3,2023,True,2026-08-15T12:00:00+00:00,GEN-20260815T120000Z-bcb100dcba34,GENERATED
20230924,2023-09-24,24,Sunday,38,9,September,3,2023,True,2026-08-15T12:00:00+00:00,GEN-20260815T120000Z-bcb100dcba34,GENERATED
20230925,2023-09-25,25,Monday,39,9,September,3,2023,False,2026-08-15T12:00:00+00:00,GEN-20260815T120000Z-bcb100dcba34,GENERATED
20230926,2023-09-26,26,Tuesday,39,9,September,3,2023,False,2026-08-15T12:00:00+00:00,GEN-20260815T120000Z-bcb100dcba34,GENERATED
20230927,2023-09-27,27,Wednesday,39,9,September,3,2023,False,2026-08-15T12:00:00+00:00,GEN-20260815T120000Z-bcb100dcba34,GENERATED
20230928,2023-09-28,28,Thursday,39,9,September,3,2023,False,2026-08-15T12:00:00+00:00,GEN-20260815T120000Z-bcb100dcba34,GENERATED
20230929,2023-09-29,29,Friday,39,9,September,3,2023,False,2026-08-15T12:00:00+00:00,GEN-20260815T120000Z-bcb100dcba34,GENERATED
20230930,2023-09-30,30,Saturday,39,9,September,3,2023,True,2026-08-15T12:00:00+00:00,GEN-20260815T120000Z-bcb100dcba34,GENERATED
20231001,2023-10-01,1,Sunday,39,10,October,4,2023,True,2026-08-15T12:00:00+00:00,GEN-20260815T120000Z-bcb100dcba34,GENERATED
20231002,2023-10-02,2,Monday,40,10,October,4,2023,False,2026-08-15T12:00:00+00:00,GEN-20260815T120000Z-bcb100dcba34,GENERATED
20231003,2023-10-03,3,Tuesday,40,10,October,4,2023,False,2026-08-15T12:00:00+00:00,GEN-20260815T120000Z-bcb100dcba34,GENERATED
20231004,2023-10-04,4,Wednesday,40,10,October,4,2023,False,2026-08-15T12:00:00+00:00,GEN-20260815T120000Z-bcb100dcba34,GENERATED
20231005,2023-10-05,5,Thursday,40,10,October,4,2023,False,2026-08-15T12:00:00+00:00,GEN-20260815T120000Z-bcb100dcba34,GENERATED
20231006,2023-10-06,6,Friday,40,10,October,4,2023,False,2026-08-15T12:00:00+00:00,GEN-20260815T120000Z-bcb100dcba34,GENERATED
20231007,2023-10-07,7,Saturday,40,10,October,4,2023,True,2026-08-15T12:00:00+00:00,GEN-20260815T120000Z-bcb100dcba34,GENERATED
20231008,2023-10-08,8,Sunday,40,10,October,4,2023,True,2026-08-15T12:00:00+00:00,GEN-20260815T120000Z-bcb100dcba34,GENERATED
20231009,2023-10-09,9,Monday,41,10,October,4,2023,False,2026-08-15T12:00:00+00:00,GEN-20260815T120000Z-bcb100dcba34,GENERATED
20231010,2023-10-10,10,Tuesday,41,10,October,4,2023,False,2026-08-15T12:00:00+00:00,GEN-20260815T120000Z-bcb100dcba34,GENERATED
20231011,2023-10-11,11,Wednesday,41,10,October,4,2023,False,2026-08-15T12:00:00+00:00,GEN-20260815T120000Z-bcb100dcba34,GENERATED
20231012,2023-10-12,12,Thursday,41,10,October,4,2023,False,2026-08-15T12:00:00+00:00,GEN-20260815T120000Z-bcb100dcba34,GENERATED
20231013,2023-10-13,13,Friday,41,10,October,4,2023,False,2026-08-15T12:00:00+00:00,GEN-20260815T120000Z-bcb100dcba34,GENERATED
20231014,2023-10-14,14,Saturday,41,10,October,4,2023,True,2026-08-15T12:00:00+00:00,GEN-20260815T120000Z-bcb100dcba34,GENERATED
20231015,2023-10-15,15,Sunday,41,10,October,4,2023,True,2026-08-15T12:00:00+00:00,GEN-20260815T120000Z-bcb100dcba34,GENERATED
20231016,2023-10-16,16,Monday,42,10,October,4,2023,False,2026-08-15T12:00:00+00:00,GEN-20260815T120000Z-bcb100dcba34,GENERATED
20231017,2023-10-17,17,Tuesday,42,10,October,4,2023,False,2026-08-15T12:00:00+00:00,GEN-20260815T120000Z-bcb100dcba34,GENERATED
20231018,2023-10-18,18,Wednesday,42,10,October,4,2023,False,2026-08-15T12:00:00+00:00,GEN-20260815T120000Z-bcb100dcba34,GENERATED
20231019,2023-10-19,19,Thursday,42,10,October,4,2023,False,2026-08-15T12:00:00+00:00,GEN-20260815T120000Z-bcb100dcba34,GENERATED
20231020,2023-10-20,20,Friday,42,10,October,4,2023,False,2026-08-15T12:00:00+00:00,GEN-20260815T120000Z-bcb100dcba34,GENERATED
20231021,2023-10-21,21,Saturday,42,10,October,4,2023,True,2026-08-15T12:00:00+00:00,GEN-20260815T120000Z-bcb100dcba34,GENERATED
20231022,2023-10-22,22,Sunday,42,10,October,4,2023,True,2026-08-15T12:00:00+00:00,GEN-20260815T120000Z-bcb100dcba34,GENERATED
20231023,2023-10-23,23,Monday,43,10,October,4,2023,False,2026-08-15T12:00:00+00:00,GEN-20260815T120000Z-bcb100dcba34,GENERATED
20231024,2023-10-24,24,Tuesday,43,10,October,4,2023,False,2026-08-15T12:00:00+00:00,GEN-20260815T120000Z-bcb100dcba34,GENERATED
20231025,2023-10-25,25,Wednesday,43,10,October,4,2023,False,2026-08-15T12:00:00+00:00,GEN-20260815T120000Z-bcb100dcba34,GENERATED
20231026,2023-10-26,26,Thursday,43,10,October,4,2023,False,2026-08-15T12:00:00+00:00,GEN-20260815T120000Z-bcb100dcba34,GENERATED
20231027,2023-10-27,27,Friday,43,10,October,4,2023,False,2026-08-15T12:00:00+00:00,GEN-20260815T120000Z-bcb100dcba34,GENERATED
20231028,2023-10-28,28,Saturday,43,10,October,4,2023,True,2026-08-15T12:00:00+00:00,GEN-20260815T120000Z-bcb100dcba34,GENERATED
20231029,2023-10-29,29,Sunday,43,10,October,4,2023,True,2026-08-15T12:00:00+00:00,GEN-20260815T120000Z-bcb100dcba34,GENERATED
20231030,2023-10-30,30,Monday,44,10,October,4,2023,False,2026-08-15T12:00:00+00:00,GEN-20260815T120000Z-bcb100dcba34,GENERATED
20231031,2023-10-31,31,Tuesday,44,10,October,4,2023,False,2026-08-15T12:00:00+00:00,GEN-20260815T120000Z-bcb100dcba34,GENERATED
20231101,2023-11-01,1,Wednesday,44,11,November,4,2023,False,2026-08-15T12:00:00+00:00,GEN-20260815T120000Z-bcb100dcba34,GENERATED
20231102,2023-11-02,2,Thursday,44,11,November,4,2023,False,2026-08-15T12:00:00+00:00,GEN-20260815T120000Z-bcb100dcba34,GENERATED
20231103,2023-11-03,3,Friday,44,11,November,4,2023,False,2026-08-15T12:00:00+00:00,GEN-20260815T120000Z-bcb100dcba34,GENERATED
20231104,2023-11-04,4,Saturday,44,11,November,4,2023,True,2026-08-15T12:00:00+00:00,GEN-20260815T120000Z-bcb100dcba34,GENERATED
20231105,2023-11-05,5,Sunday,44,11,November,4,2023,True,2026-08-15T12:00:00+00:00,GEN-20260815T120000Z-bcb100dcba34,GENERATED
20231106,2023-11-06,6,Monday,45,11,November,4,2023,False,2026-08-15T12:00:00+00:00,GEN-20260815T120000Z-bcb100dcba34,GENERATED
20231107,2023-11-07,7,Tuesday,45,11,November,4,2023,False,2026-08-15T12:00:00+00:00,GEN-20260815T120000Z-bcb100dcba34,GENERATED
20231108,2023-11-08,8,Wednesday,45,11,November,4,2023,False,2026-08-15T12:00:00+00:00,GEN-20260815T120000Z-bcb100dcba34,GENERATED
20231109,2023-11-09,9,Thursday,45,11,November,4,2023,False,2026-08-15T12:00:00+00:00,GEN-20260815T120000Z-bcb100dcba34,GENERATED
20231110,2023-11-10,10,Friday,45,11,November,4,2023,False,2026-08-15T12:00:00+00:00,GEN-20260815T120000Z-bcb100dcba34,GENERATED
20231111,2023-11-11,11,Saturday,45,11,November,4,2023,True,2026-08-15T12:00:00+00:00,GEN-20260815T120000Z-bcb100dcba34,GENERATED
20231112,2023-11-12,12,Sunday,45,11,November,4,2023,True,2026-08-15T12:00:00+00:00,GEN-20260815T120000Z-bcb100dcba34,GENERATED
20231113,2023-11-13,13,Monday,46,11,November,4,2023,False,2026-08-15T12:00:00+00:00,GEN-20260815T120000Z-bcb100dcba34,GENERATED
20231114,2023-11-14,14,Tuesday,46,11,November,4,2023,False,2026-08-15T12:00:00+00:00,GEN-20260815T120000Z-bcb100dcba34,GENERATED
20231115,2023-11-15,15,Wednesday,46,11,November,4,2023,False,2026-08-15T12:00:00+00:00,GEN-20260815T120000Z-bcb100dcba34,GENERATED
20231116,2023-11-16,16,Thursday,46,11,November,4,2023,False,2026-08-15T12:00:00+00:00,GEN-20260815T120000Z-bcb100dcba34,GENERATED
20231117,2023-11-17,17,Friday,46,11,November,4,2023,False,2026-08-15T12:00:00+00:00,GEN-20260815T120000Z-bcb100dcba34,GENERATED
20231118,2023-11-18,18,Saturday,46,11,November,4,2023,True,2026-08-15T12:00:00+00:00,GEN-20260815T120000Z-bcb100dcba34,GENERATED
20231119,2023-11-19,19,Sunday,46,11,November,4,2023,True,2026-08-15T12:00:00+00:00,GEN-20260815T120000Z-bcb100dcba34,GENERATED
20231120,2023-11-20,20,Monday,47,11,November,4,2023,False,2026-08-15T12:00:00+00:00,GEN-20260815T120000Z-bcb100dcba34,GENERATED
20231121,2023-11-21,21,Tuesday,47,11,November,4,2023,False,2026-08-15T12:00:00+00:00,GEN-20260815T120000Z-bcb100dcba34,GENERATED
20231122,2023-11-22,22,Wednesday,47,11,November,4,2023,False,2026-08-15T12:00:00+00:00,GEN-20260815T120000Z-bcb100dcba34,GENERATED
20231123,2023-11-23,23,Thursday,47,11,November,4,2023,False,2026-08-15T12:00:00+00:00,GEN-20260815T120000Z-bcb100dcba34,GENERATED
20231124,2023-11-24,24,Friday,47,11,November,4,2023,False,2026-08-15T12:00:00+00:00,GEN-20260815T120000Z-bcb100dcba34,GENERATED
20231125,2023-11-25,25,Saturday,47,11,November,4,2023,True,2026-08-15T12:00:00+00:00,GEN-20260815T120000Z-bcb100dcba34,GENERATED
20231126,2023-11-26,26,Sunday,47,11,November,4,2023,True,2026-08-15T12:00:00+00:00,GEN-20260815T120000Z-bcb100dcba34,GENERATED
20231127,2023-11-27,27,Monday,48,11,November,4,2023,False,2026-08-15T12:00:00+00:00,GEN-20260815T120000Z-bcb100dcba34,GENERATED
20231128,2023-11-28,28,Tuesday,48,11,November,4,2023,False,2026-08-15T12:00:00+00:00,GEN-20260815T120000Z-bcb100dcba34,GENERATED
20231129,2023-11-29,29,Wednesday,48,11,November,4,2023,False,2026-08-15T12:00:00+00:00,GEN-20260815T120000Z-bcb100dcba34,GENERATED
20231130,2023-11-30,30,Thursday,48,11,November,4,2023,False,2026-08-15T12:00:00+00:00,GEN-20260815T120000Z-bcb100dcba34,GENERATED
20231201,2023-12-01,1,Friday,48,12,December,4,2023,False,2026-08-15T12:00:00+00:00,GEN-20260815T120000Z-bcb100dcba34,GENERATED
20231202,2023-12-02,2,Saturday,48,12,December,4,2023,True,2026-08-15T12:00:00+00:00,GEN-20260815T120000Z-bcb100dcba34,GENERATED
20231203,2023-12-03,3,Sunday,48,12,December,4,2023,True,2026-08-15T12:00:00+00:00,GEN-20260815T120000Z-bcb100dcba34,GENERATED
20231204,2023-12-04,4,Monday,49,12,December,4,2023,False,2026-08-15T12:00:00+00:00,GEN-20260815T120000Z-bcb100dcba34,GENERATED
20231205,2023-12-05,5,Tuesday,49,12,December,4,2023,False,2026-08-15T12:00:00+00:00,GEN-20260815T120000Z-bcb100dcba34,GENERATED
20231206,2023-12-06,6,Wednesday,49,12,December,4,2023,False,2026-08-15T12:00:00+00:00,GEN-20260815T120000Z-bcb100dcba34,GENERATED
20231207,2023-12-07,7,Thursday,49,12,December,4,2023,False,2026-08-15T12:00:00+00:00,GEN-20260815T120000Z-bcb100dcba34,GENERATED
20231208,2023-12-08,8,Friday,49,12,December,4,2023,False,2026-08-15T12:00:00+00:00,GEN-20260815T120000Z-bcb100dcba34,GENERATED
20231209,2023-12-09,9,Saturday,49,12,December,4,2023,True,2026-08-15T12:00:00+00:00,GEN-20260815T120000Z-bcb100dcba34,GENERATED
20231210,2023-12-10,10,Sunday,49,12,December,4,2023,True,2026-08-15T12:00:00+00:00,GEN-20260815T120000Z-bcb100dcba34,GENERATED
20231211,2023-12-11,11,Monday,50,12,December,4,2023,False,2026-08-15T12:00:00+00:00,GEN-20260815T120000Z-bcb100dcba34,GENERATED
20231212,2023-12-12,12,Tuesday,50,12,December,4,2023,False,2026-08-15T12:00:00+00:00,GEN-20260815T120000Z-bcb100dcba34,GENERATED
20231213,2023-12-13,13,Wednesday,50,12,December,4,2023,False,2026-08-15T12:00:00+00:00,GEN-20260815T120000Z-bcb100dcba34,GENERATED
20231214,2023-12-14,14,Thursday,50,12,December,4,2023,False,2026-08-15T12:00:00+00:00,GEN-20260815T120000Z-bcb100dcba34,GENERATED
20231215,2023-12-15,15,Friday,50,12,December,4,2023,False,2026-08-15T12:00:00+00:00,GEN-20260815T120000Z-bcb100dcba34,GENERATED
20231216,2023-12-16,16,Saturday,50,12,December,4,2023,True,2026-08-15T12:00:00+00:00,GEN-20260815T120000Z-bcb100dcba34,GENERATED
20231217,2023-12-17,17,Sunday,50,12,December,4,2023,True,2026-08-15T12:00:00+00:00,GEN-20260815T120000Z-bcb100dcba34,GENERATED
20231218,2023-12-18,18,Monday,51,12,December,4,2023,False,2026-08-15T12:00:00+00:00,GEN-20260815T120000Z-bcb100dcba34,GENERATED
20231219,2023-12-19,19,Tuesday,51,12,December,4,2023,False,2026-08-15T12:00:00+00:00,GEN-20260815T120000Z-bcb100dcba34,GENERATED
20231220,2023-12-20,20,Wednesday,51,12,December,4,2023,False,2026-08-15T12:00:00+00:00,GEN-20260815T120000Z-bcb100dcba34,GENERATED
20231221,2023-12-21,21,Thursday,51,12,December,4,2023,False,2026-08-15T12:00:00+00:00,GEN-20260815T120000Z-bcb100dcba34,GENERATED
20231222,2023-12-22,22,Friday,51,12,December,4,2023,False,2026-08-15T12:00:00+00:00,GEN-20260815T120000Z-bcb100dcba34,GENERATED
20231223,2023-12-23,23,Saturday,51,12,December,4,2023,True,2026-08-15T12:00:00+00:00,GEN-20260815T120000Z-bcb100dcba34,GENERATED
20231224,2023-12-24,24,Sunday,51,12,December,4,2023,True,2026-08-15T12:00:00+00:00,GEN-20260815T120000Z-bcb100dcba34,GENERATED
20231225,2023-12-25,25,Monday,52,12,December,4,2023,False,2026-08-15T12:00:00+00:00,GEN-20260815T120000Z-bcb100dcba34,GENERATED
20231226,2023-12-26,26,Tuesday,52,12,December,4,2023,False,2026-08-15T12:00:00+00:00,GEN-20260815T120000Z-bcb100dcba34,GENERATED
20231227,2023-12-27,27,Wednesday,52,12,December,4,2023,False,2026-08-15T12:00:00+00:00,GEN-20260815T120000Z-bcb100dcba34,GENERATED
20231228,2023-12-28,28,Thursday,52,12,December,4,2023,False,2026-08-15T12:00:00+00:00,GEN-20260815T120000Z-bcb100dcba34,GENERATED
20231229,2023-12-29,29,Friday,52,12,December,4,2023,False,2026-08-15T12:00:00+00:00,GEN-20260815T120000Z-bcb100dcba34,GENERATED
20231230,2023-12-30,30,Saturday,52,12,December,4,2023,True,2026-08-15T12:00:00+00:00,GEN-20260815T120000Z-bcb100dcba34,GENERATED
20231231,2023-12-31,31,Sunday,52,12,December,4,2023,True,2026-08-15T12:00:00+00:00,GEN-20260815T120000Z-bcb100dcba34,GENERATED
20240101,2024-01-01,1,Monday,1,1,January,1,2024,False,2026-08-15T12:00:00+00:00,GEN-20260815T120000Z-bcb100dcba34,GENERATED
20240102,2024-01-02,2,Tuesday,1,1,January,1,2024,False,2026-08-15T12:00:00+00:00,GEN-20260815T120000Z-bcb100dcba34,GENERATED
20240103,2024-01-03,3,Wednesday,1,1,January,1,2024,False,2026-08-15T12:00:00+00:00,GEN-20260815T120000Z-bcb100dcba34,GENERATED
20240104,2024-01-04,4,Thursday,1,1,January,1,2024,False,2026-08-15T12:00:00+00:00,GEN-20260815T120000Z-bcb100dcba34,GENERATED
20240105,2024-01-05,5,Friday,1,1,January,1,2024,False,2026-08-15T12:00:00+00:00,GEN-20260815T120000Z-bcb100dcba34,GENERATED
20240106,2024-01-06,6,Saturday,1,1,January,1,2024,True,2026-08-15T12:00:00+00:00,GEN-20260815T120000Z-bcb100dcba34,GENERATED
20240107,2024-01-07,7,Sunday,1,1,January,1,2024,True,2026-08-15T12:00:00+00:00,GEN-20260815T120000Z-bcb100dcba34,GENERATED
20240108,2024-01-08,8,Monday,2,1,January,1,2024,False,2026-08-15T12:00:00+00:00,GEN-20260815T120000Z-bcb100dcba34,GENERATED
20240109,2024-01-09,9,Tuesday,2,1,January,1,2024,False,2026-08-15T12:00:00+00:00,GEN-20260815T120000Z-bcb100dcba34,GENERATED
20240110,2024-01-10,10,Wednesday,2,1,January,1,2024,False,2026-08-15T12:00:00+00:00,GEN-20260815T120000Z-bcb100dcba34,GENERATED
20240111,2024-01-11,11,Thursday,2,1,January,1,2024,False,2026-08-15T12:00:00+00:00,GEN-20260815T120000Z-bcb100dcba34,GENERATED
20240112,2024-01-12,12,Friday,2,1,January,1,2024,False,2026-08-15T12:00:00+00:00,GEN-20260815T120000Z-bcb100dcba34,GENERATED
20240113,2024-01-13,13,Saturday,2,1,January,1,2024,True,2026-08-15T12:00:00+00:00,GEN-20260815T120000Z-bcb100dcba34,GENERATED
20240114,2024-01-14,14,Sunday,2,1,January,1,2024,True,2026-08-15T12:00:00+00:00,GEN-20260815T120000Z-bcb100dcba34,GENERATED
20240115,2024-01-15,15,Monday,3,1,January,1,2024,False,2026-08-15T12:00:00+00:00,GEN-20260815T120000Z-bcb100dcba34,GENERATED
20240116,2024-01-16,16,Tuesday,3,1,January,1,2024,False,2026-08-15T12:00:00+00:00,GEN-20260815T120000Z-bcb100dcba34,GENERATED
20240117,2024-01-17,17,Wednesday,3,1,January,1,2024,False,2026-08-15T12:00:00+00:00,GEN-20260815T120000Z-bcb100dcba34,GENERATED
20240118,2024-01-18,18,Thursday,3,1,January,1,2024,False,2026-08-15T12:00:00+00:00,GEN-20260815T120000Z-bcb100dcba34,GENERATED
20240119,2024-01-19,19,Friday,3,1,January,1,2024,False,2026-08-15T12:00:00+00:00,GEN-20260815T120000Z-bcb100dcba34,GENERATED
20240120,2024-01-20,20,Saturday,3,1,January,1,2024,True,2026-08-15T12:00:00+00:00,GEN-20260815T120000Z-bcb100dcba34,GENERATED
20240121,2024-01-21,21,Sunday,3,1,January,1,2024,True,2026-08-15T12:00:00+00:00,GEN-20260815T120000Z-bcb100dcba34,GENERATED
20240122,2024-01-22,22,Monday,4,1,January,1,2024,False,2026-08-15T12:00:00+00:00,GEN-20260815T120000Z-bcb100dcba34,GENERATED
20240123,2024-01-23,23,Tuesday,4,1,January,1,2024,False,2026-08-15T12:00:00+00:00,GEN-20260815T120000Z-bcb100dcba34,GENERATED
20240124,2024-01-24,24,Wednesday,4,1,January,1,2024,False,2026-08-15T12:00:00+00:00,GEN-20260815T120000Z-bcb100dcba34,GENERATED
20240125,2024-01-25,25,Thursday,4,1,January,1,2024,False,2026-08-15T12:00:00+00:00,GEN-20260815T120000Z-bcb100dcba34,GENERATED
20240126,2024-01-26,26,Friday,4,1,January,1,2024,False,2026-08-15T12:00:00+00:00,GEN-20260815T120000Z-bcb100dcba34,GENERATED
20240127,2024-01-27,27,Saturday,4,1,January,1,2024,True,2026-08-15T12:00:00+00:00,GEN-20260815T120000Z-bcb100dcba34,GENERATED
20240128,2024-01-28,28,Sunday,4,1,January,1,2024,True,2026-08-15T12:00:00+00:00,GEN-20260815T120000Z-bcb100dcba34,GENERATED
20240129,2024-01-29,29,Monday,5,1,January,1,2024,False,2026-08-15T12:00:00+00:00,GEN-20260815T120000Z-bcb100dcba34,GENERATED
20240130,2024-01-30,30,Tuesday,5,1,January,1,2024,False,2026-08-15T12:00:00+00:00,GEN-20260815T120000Z-bcb100dcba34,GENERATED
20240131,2024-01-31,31,Wednesday,5,1,January,1,2024,False,2026-08-15T12:00:00+00:00,GEN-20260815T120000Z-bcb100dcba34,GENERATED
20240201,2024-02-01,1,Thursday,5,2,February,1,2024,False,2026-08-15T12:00:00+00:00,GEN-20260815T120000Z-bcb100dcba34,GENERATED
20240202,2024-02-02,2,Friday,5,2,February,1,2024,False,2026-08-15T12:00:00+00:00,GEN-20260815T120000Z-bcb100dcba34,GENERATED
20240203,2024-02-03,3,Saturday,5,2,February,1,2024,True,2026-08-15T12:00:00+00:00,GEN-20260815T120000Z-bcb100dcba34,GENERATED
20240204,2024-02-04,4,Sunday,5,2,February,1,2024,True,2026-08-15T12:00:00+00:00,GEN-20260815T120000Z-bcb100dcba34,GENERATED
20240205,2024-02-05,5,Monday,6,2,February,1,2024,False,2026-08-15T12:00:00+00:00,GEN-20260815T120000Z-bcb100dcba34,GENERATED
20240206,2024-02-06,6,Tuesday,6,2,February,1,2024,False,2026-08-15T12:00:00+00:00,GEN-20260815T120000Z-bcb100dcba34,GENERATED
20240207,2024-02-07,7,Wednesday,6,2,February,1,2024,False,2026-08-15T12:00:00+00:00,GEN-20260815T120000Z-bcb100dcba34,GENERATED
20240208,2024-02-08,8,Thursday,6,2,February,1,2024,False,2026-08-15T12:00:00+00:00,GEN-20260815T120000Z-bcb100dcba34,GENERATED
20240209,2024-02-09,9,Friday,6,2,February,1,2024,False,2026-08-15T12:00:00+00:00,GEN-20260815T120000Z-bcb100dcba34,GENERATED
20240210,2024-02-10,10,Saturday,6,2,February,1,2024,True,2026-08-15T12:00:00+00:00,GEN-20260815T120000Z-bcb100dcba34,GENERATED
20240211,2024-02-11,11,Sunday,6,2,February,1,2024,True,2026-08-15T12:00:00+00:00,GEN-20260815T120000Z-bcb100dcba34,GENERATED
20240212,2024-02-12,12,Monday,7,2,February,1,2024,False,2026-08-15T12:00:00+00:00,GEN-20260815T120000Z-bcb100dcba34,GENERATED
20240213,2024-02-13,13,Tuesday,7,2,February,1,2024,False,2026-08-15T12:00:00+00:00,GEN-20260815T120000Z-bcb100dcba34,GENERATED
20240214,2024-02-14,14,Wednesday,7,2,February,1,2024,False,2026-08-15T12:00:00+00:00,GEN-20260815T120000Z-bcb100dcba34,GENERATED
20240215,2024-02-15,15,Thursday,7,2,February,1,2024,False,2026-08-15T12:00:00+00:00,GEN-20260815T120000Z-bcb100dcba34,GENERATED
20240216,2024-02-16,16,Friday,7,2,February,1,2024,False,2026-08-15T12:00:00+00:00,GEN-20260815T120000Z-bcb100dcba34,GENERATED
20240217,2024-02-17,17,Saturday,7,2,February,1,2024,True,2026-08-15T12:00:00+00:00,GEN-20260815T120000Z-bcb100dcba34,GENERATED
20240218,2024-02-18,18,Sunday,7,2,February,1,2024,True,2026-08-15T12:00:00+00:00,GEN-20260815T120000Z-bcb100dcba34,GENERATED
20240219,2024-02-19,19,Monday,8,2,February,1,2024,False,2026-08-15T12:00:00+00:00,GEN-20260815T120000Z-bcb100dcba34,GENERATED
20240220,2024-02-20,20,Tuesday,8,2,February,1,2024,False,2026-08-15T12:00:00+00:00,GEN-20260815T120000Z-bcb100dcba34,GENERATED
20240221,2024-02-21,21,Wednesday,8,2,February,1,2024,False,2026-08-15T12:00:00+00:00,GEN-20260815T120000Z-bcb100dcba34,GENERATED
20240222,2024-02-22,22,Thursday,8,2,February,1,2024,False,2026-08-15T12:00:00+00:00,GEN-20260815T120000Z-bcb100dcba34,GENERATED
20240223,2024-02-23,23,Friday,8,2,February,1,2024,False,2026-08-15T12:00:00+00:00,GEN-20260815T120000Z-bcb100dcba34,GENERATED
20240224,2024-02-24,24,Saturday,8,2,February,1,2024,True,2026-08-15T12:00:00+00:00,GEN-20260815T120000Z-bcb100dcba34,GENERATED
20240225,2024-02-25,25,Sunday,8,2,February,1,2024,True,2026-08-15T12:00:00+00:00,GEN-20260815T120000Z-bcb100dcba34,GENERATED
20240226,2024-02-26,26,Monday,9,2,February,1,2024,False,2026-08-15T12:00:00+00:00,GEN-20260815T120000Z-bcb100dcba34,GENERATED
20240227,2024-02-27,27,Tuesday,9,2,February,1,2024,False,2026-08-15T12:00:00+00:00,GEN-20260815T120000Z-bcb100dcba34,GENERATED
20240228,2024-02-28,28,Wednesday,9,2,February,1,2024,False,2026-08-15T12:00:00+00:00,GEN-20260815T120000Z-bcb100dcba34,GENERATED
20240229,2024-02-29,29,Thursday,9,2,February,1,2024,False,2026-08-15T12:00:00+00:00,GEN-20260815T120000Z-bcb100dcba34,GENERATED
20240301,2024-03-01,1,Friday,9,3,March,1,2024,False,2026-08-15T12:00:00+00:00,GEN-20260815T120000Z-bcb100dcba34,GENERATED
20240302,2024-03-02,2,Saturday,9,3,March,1,2024,True,2026-08-15T12:00:00+00:00,GEN-20260815T120000Z-bcb100dcba34,GENERATED
20240303,2024-03-03,3,Sunday,9,3,March,1,2024,True,2026-08-15T12:00:00+00:00,GEN-20260815T120000Z-bcb100dcba34,GENERATED
20240304,2024-03-04,4,Monday,10,3,March,1,2024,False,2026-08-15T12:00:00+00:00,GEN-20260815T120000Z-bcb100dcba34,GENERATED
20240305,2024-03-05,5,Tuesday,10,3,March,1,2024,False,2026-08-15T12:00:00+00:00,GEN-20260815T120000Z-bcb100dcba34,GENERATED
20240306,2024-03-06,6,Wednesday,10,3,March,1,2024,False,2026-08-15T12:00:00+00:00,GEN-20260815T120000Z-bcb100dcba34,GENERATED
20240307,2024-03-07,7,Thursday,10,3,March,1,2024,False,2026-08-15T12:00:00+00:00,GEN-20260815T120000Z-bcb100dcba34,GENERATED
20240308,2024-03-08,8,Friday,10,3,March,1,2024,False,2026-08-15T12:00:00+00:00,GEN-20260815T120000Z-bcb100dcba34,GENERATED
20240309,2024-03-09,9,Saturday,10,3,March,1,2024,True,2026-08-15T12:00:00+00:00,GEN-20260815T120000Z-bcb100dcba34,GENERATED
20240310,2024-03-10,10,Sunday,10,3,March,1,2024,True,2026-08-15T12:00:00+00:00,GEN-20260815T120000Z-bcb100dcba34,GENERATED
20240311,2024-03-11,11,Monday,11,3,March,1,2024,False,2026-08-15T12:00:00+00:00,GEN-20260815T120000Z-bcb100dcba34,GENERATED
20240312,2024-03-12,12,Tuesday,11,3,March,1,2024,False,2026-08-15T12:00:00+00:00,GEN-20260815T120000Z-bcb100dcba34,GENERATED
20240313,2024-03-13,13,Wednesday,11,3,March,1,2024,False,2026-08-15T12:00:00+00:00,GEN-20260815T120000Z-bcb100dcba34,GENERATED
20240314,2024-03-14,14,Thursday,11,3,March,1,2024,False,2026-08-15T12:00:00+00:00,GEN-20260815T120000Z-bcb100dcba34,GENERATED
20240315,2024-03-15,15,Friday,11,3,March,1,2024,False,2026-08-15T12:00:00+00:00,GEN-20260815T120000Z-bcb100dcba34,GENERATED
20240316,2024-03-16,16,Saturday,11,3,March,1,2024,True,2026-08-15T12:00:00+00:00,GEN-20260815T120000Z-bcb100dcba34,GENERATED
20240317,2024-03-17,17,Sunday,11,3,March,1,2024,True,2026-08-15T12:00:00+00:00,GEN-20260815T120000Z-bcb100dcba34,GENERATED
20240318,2024-03-18,18,Monday,12,3,March,1,2024,False,2026-08-15T12:00:00+00:00,GEN-20260815T120000Z-bcb100dcba34,GENERATED
20240319,2024-03-19,19,Tuesday,12,3,March,1,2024,False,2026-08-15T12:00:00+00:00,GEN-20260815T120000Z-bcb100dcba34,GENERATED
20240320,2024-03-20,20,Wednesday,12,3,March,1,2024,False,2026-08-15T12:00:00+00:00,GEN-20260815T120000Z-bcb100dcba34,GENERATED
20240321,2024-03-21,21,Thursday,12,3,March,1,2024,False,2026-08-15T12:00:00+00:00,GEN-20260815T120000Z-bcb100dcba34,GENERATED
20240322,2024-03-22,22,Friday,12,3,March,1,2024,False,2026-08-15T12:00:00+00:00,GEN-20260815T120000Z-bcb100dcba34,GENERATED
20240323,2024-03-23,23,Saturday,12,3,March,1,2024,True,2026-08-15T12:00:00+00:00,GEN-20260815T120000Z-bcb100dcba34,GENERATED
20240324,2024-03-24,24,Sunday,12,3,March,1,2024,True,2026-08-15T12:00:00+00:00,GEN-20260815T120000Z-bcb100dcba34,GENERATED
20240325,2024-03-25,25,Monday,13,3,March,1,2024,False,2026-08-15T12:00:00+00:00,GEN-20260815T120000Z-bcb100dcba34,GENERATED
20240326,2024-03-26,26,Tuesday,13,3,March,1,2024,False,2026-08-15T12:00:00+00:00,GEN-20260815T120000Z-bcb100dcba34,GENERATED
20240327,2024-03-27,27,Wednesday,13,3,March,1,2024,False,2026-08-15T12:00:00+00:00,GEN-20260815T120000Z-bcb100dcba34,GENERATED
20240328,2024-03-28,28,Thursday,13,3,March,1,2024,False,2026-08-15T12:00:00+00:00,GEN-20260815T120000Z-bcb100dcba34,GENERATED
20240329,2024-03-29,29,Friday,13,3,March,1,2024,False,2026-08-15T12:00:00+00:00,GEN-20260815T120000Z-bcb100dcba34,GENERATED
20240330,2024-03-30,30,Saturday,13,3,March,1,2024,True,2026-08-15T12:00:00+00:00,GEN-20260815T120000Z-bcb100dcba34,GENERATED
20240331,2024-03-31,31,Sunday,13,3,March,1,2024,True,2026-08-15T12:00:00+00:00,GEN-20260815T120000Z-bcb100dcba34,GENERATED
20240401,2024-04-01,1,Monday,14,4,April,2,2024,False,2026-08-15T12:00:00+00:00,GEN-20260815T120000Z-bcb100dcba34,GENERATED
20240402,2024-04-02,2,Tuesday,14,4,April,2,2024,False,2026-08-15T12:00:00+00:00,GEN-20260815T120000Z-bcb100dcba34,GENERATED
20240403,2024-04-03,3,Wednesday,14,4,April,2,2024,False,2026-08-15T12:00:00+00:00,GEN-20260815T120000Z-bcb100dcba34,GENERATED
20240404,2024-04-04,4,Thursday,14,4,April,2,2024,False,2026-08-15T12:00:00+00:00,GEN-20260815T120000Z-bcb100dcba34,GENERATED
20240405,2024-04-05,5,Friday,14,4,April,2,2024,False,2026-08-15T12:00:00+00:00,GEN-20260815T120000Z-bcb100dcba34,GENERATED
20240406,2024-04-06,6,Saturday,14,4,April,2,2024,True,2026-08-15T12:00:00+00:00,GEN-20260815T120000Z-bcb100dcba34,GENERATED
20240407,2024-04-07,7,Sunday,14,4,April,2,2024,True,2026-08-15T12:00:00+00:00,GEN-20260815T120000Z-bcb100dcba34,GENERATED
20240408,2024-04-08,8,Monday,15,4,April,2,2024,False,2026-08-15T12:00:00+00:00,GEN-20260815T120000Z-bcb100dcba34,GENERATED
20240409,2024-04-09,9,Tuesday,15,4,April,2,2024,False,2026-08-15T12:00:00+00:00,GEN-20260815T120000Z-bcb100dcba34,GENERATED
20240410,2024-04-10,10,Wednesday,15,4,April,2,2024,False,2026-08-15T12:00:00+00:00,GEN-20260815T120000Z-bcb100dcba34,GENERATED
20240411,2024-04-11,11,Thursday,15,4,April,2,2024,False,2026-08-15T12:00:00+00:00,GEN-20260815T120000Z-bcb100dcba34,GENERATED
20240412,2024-04-12,12,Friday,15,4,April,2,2024,False,2026-08-15T12:00:00+00:00,GEN-20260815T120000Z-bcb100dcba34,GENERATED
20240413,2024-04-13,13,Saturday,15,4,April,2,2024,True,2026-08-15T12:00:00+00:00,GEN-20260815T120000Z-bcb100dcba34,GENERATED
20240414,2024-04-14,14,Sunday,15,4,April,2,2024,True,2026-08-15T12:00:00+00:00,GEN-20260815T120000Z-bcb100dcba34,GENERATED
20240415,2024-04-15,15,Monday,16,4,April,2,2024,False,2026-08-15T12:00:00+00:00,GEN-20260815T120000Z-bcb100dcba34,GENERATED
20240416,2024-04-16,16,Tuesday,16,4,April,2,2024,False,2026-08-15T12:00:00+00:00,GEN-20260815T120000Z-bcb100dcba34,GENERATED
20240417,2024-04-17,17,Wednesday,16,4,April,2,2024,False,2026-08-15T12:00:00+00:00,GEN-20260815T120000Z-bcb100dcba34,GENERATED
20240418,2024-04-18,18,Thursday,16,4,April,2,2024,False,2026-08-15T12:00:00+00:00,GEN-20260815T120000Z-bcb100dcba34,GENERATED
20240419,2024-04-19,19,Friday,16,4,April,2,2024,False,2026-08-15T12:00:00+00:00,GEN-20260815T120000Z-bcb100dcba34,GENERATED
20240420,2024-04-20,20,Saturday,16,4,April,2,2024,True,2026-08-15T12:00:00+00:00,GEN-20260815T120000Z-bcb100dcba34,GENERATED
20240421,2024-04-21,21,Sunday,16,4,April,2,2024,True,2026-08-15T12:00:00+00:00,GEN-20260815T120000Z-bcb100dcba34,GENERATED
20240422,2024-04-22,22,Monday,17,4,April,2,2024,False,2026-08-15T12:00:00+00:00,GEN-20260815T120000Z-bcb100dcba34,GENERATED
20240423,2024-04-23,23,Tuesday,17,4,April,2,2024,False,2026-08-15T12:00:00+00:00,GEN-20260815T120000Z-bcb100dcba34,GENERATED
20240424,2024-04-24,24,Wednesday,17,4,April,2,2024,False,2026-08-15T12:00:00+00:00,GEN-20260815T120000Z-bcb100dcba34,GENERATED
20240425,2024-04-25,25,Thursday,17,4,April,2,2024,False,2026-08-15T12:00:00+00:00,GEN-20260815T120000Z-bcb100dcba34,GENERATED
20240426,2024-04-26,26,Friday,17,4,April,2,2024,False,2026-08-15T12:00:00+00:00,GEN-20260815T120000Z-bcb100dcba34,GENERATED
20240427,2024-04-27,27,Saturday,17,4,April,2,2024,True,2026-08-15T12:00:00+00:00,GEN-20260815T120000Z-bcb100dcba34,GENERATED
20240428,2024-04-28,28,Sunday,17,4,April,2,2024,True,2026-08-15T12:00:00+00:00,GEN-20260815T120000Z-bcb100dcba34,GENERATED
20240429,2024-04-29,29,Monday,18,4,April,2,2024,False,2026-08-15T12:00:00+00:00,GEN-20260815T120000Z-bcb100dcba34,GENERATED
20240430,2024-04-30,30,Tuesday,18,4,April,2,2024,False,2026-08-15T12:00:00+00:00,GEN-20260815T120000Z-bcb100dcba34,GENERATED
20240501,2024-05-01,1,Wednesday,18,5,May,2,2024,False,2026-08-15T12:00:00+00:00,GEN-20260815T120000Z-bcb100dcba34,GENERATED
20240502,2024-05-02,2,Thursday,18,5,May,2,2024,False,2026-08-15T12:00:00+00:00,GEN-20260815T120000Z-bcb100dcba34,GENERATED
20240503,2024-05-03,3,Friday,18,5,May,2,2024,False,2026-08-15T12:00:00+00:00,GEN-20260815T120000Z-bcb100dcba34,GENERATED
20240504,2024-05-04,4,Saturday,18,5,May,2,2024,True,2026-08-15T12:00:00+00:00,GEN-20260815T120000Z-bcb100dcba34,GENERATED
20240505,2024-05-05,5,Sunday,18,5,May,2,2024,True,2026-08-15T12:00:00+00:00,GEN-20260815T120000Z-bcb100dcba34,GENERATED
20240506,2024-05-06,6,Monday,19,5,May,2,2024,False,2026-08-15T12:00:00+00:00,GEN-20260815T120000Z-bcb100dcba34,GENERATED
20240507,2024-05-07,7,Tuesday,19,5,May,2,2024,False,2026-08-15T12:00:00+00:00,GEN-20260815T120000Z-bcb100dcba34,GENERATED
20240508,2024-05-08,8,Wednesday,19,5,May,2,2024,False,2026-08-15T12:00:00+00:00,GEN-20260815T120000Z-bcb100dcba34,GENERATED
20240509,2024-05-09,9,Thursday,19,5,May,2,2024,False,2026-08-15T12:00:00+00:00,GEN-20260815T120000Z-bcb100dcba34,GENERATED
20240510,2024-05-10,10,Friday,19,5,May,2,2024,False,2026-08-15T12:00:00+00:00,GEN-20260815T120000Z-bcb100dcba34,GENERATED
20240511,2024-05-11,11,Saturday,19,5,May,2,2024,True,2026-08-15T12:00:00+00:00,GEN-20260815T120000Z-bcb100dcba34,GENERATED
20240512,2024-05-12,12,Sunday,19,5,May,2,2024,True,2026-08-15T12:00:00+00:00,GEN-20260815T120000Z-bcb100dcba34,GENERATED
20240513,2024-05-13,13,Monday,20,5,May,2,2024,False,2026-08-15T12:00:00+00:00,GEN-20260815T120000Z-bcb100dcba34,GENERATED
20240514,2024-05-14,14,Tuesday,20,5,May,2,2024,False,2026-08-15T12:00:00+00:00,GEN-20260815T120000Z-bcb100dcba34,GENERATED
20240515,2024-05-15,15,Wednesday,20,5,May,2,2024,False,2026-08-15T12:00:00+00:00,GEN-20260815T120000Z-bcb100dcba34,GENERATED
20240516,2024-05-16,16,Thursday,20,5,May,2,2024,False,2026-08-15T12:00:00+00:00,GEN-20260815T120000Z-bcb100dcba34,GENERATED
20240517,2024-05-17,17,Friday,20,5,May,2,2024,False,2026-08-15T12:00:00+00:00,GEN-20260815T120000Z-bcb100dcba34,GENERATED
20240518,2024-05-18,18,Saturday,20,5,May,2,2024,True,2026-08-15T12:00:00+00:00,GEN-20260815T120000Z-bcb100dcba34,GENERATED
20240519,2024-05-19,19,Sunday,20,5,May,2,2024,True,2026-08-15T12:00:00+00:00,GEN-20260815T120000Z-bcb100dcba34,GENERATED
20240520,2024-05-20,20,Monday,21,5,May,2,2024,False,2026-08-15T12:00:00+00:00,GEN-20260815T120000Z-bcb100dcba34,GENERATED
20240521,2024-05-21,21,Tuesday,21,5,May,2,2024,False,2026-08-15T12:00:00+00:00,GEN-20260815T120000Z-bcb100dcba34,GENERATED
20240522,2024-05-22,22,Wednesday,21,5,May,2,2024,False,2026-08-15T12:00:00+00:00,GEN-20260815T120000Z-bcb100dcba34,GENERATED
20240523,2024-05-23,23,Thursday,21,5,May,2,2024,False,2026-08-15T12:00:00+00:00,GEN-20260815T120000Z-bcb100dcba34,GENERATED
20240524,2024-05-24,24,Friday,21,5,May,2,2024,False,2026-08-15T12:00:00+00:00,GEN-20260815T120000Z-bcb100dcba34,GENERATED
20240525,2024-05-25,25,Saturday,21,5,May,2,2024,True,2026-08-15T12:00:00+00:00,GEN-20260815T120000Z-bcb100dcba34,GENERATED
20240526,2024-05-26,26,Sunday,21,5,May,2,2024,True,2026-08-15T12:00:00+00:00,GEN-20260815T120000Z-bcb100dcba34,GENERATED
20240527,2024-05-27,27,Monday,22,5,May,2,2024,False,2026-08-15T12:00:00+00:00,GEN-20260815T120000Z-bcb100dcba34,GENERATED
20240528,2024-05-28,28,Tuesday,22,5,May,2,2024,False,2026-08-15T12:00:00+00:00,GEN-20260815T120000Z-bcb100dcba34,GENERATED
20240529,2024-05-29,29,Wednesday,22,5,May,2,2024,False,2026-08-15T12:00:00+00:00,GEN-20260815T120000Z-bcb100dcba34,GENERATED
20240530,2024-05-30,30,Thursday,22,5,May,2,2024,False,2026-08-15T12:00:00+00:00,GEN-20260815T120000Z-bcb100dcba34,GENERATED
20240531,2024-05-31,31,Friday,22,5,May,2,2024,False,2026-08-15T12:00:00+00:00,GEN-20260815T120000Z-bcb100dcba34,GENERATED
20240601,2024-06-01,1,Saturday,22,6,June,2,2024,True,2026-08-15T12:00:00+00:00,GEN-20260815T120000Z-bcb100dcba34,GENERATED
20240602,2024-06-02,2,Sunday,22,6,June,2,2024,True,2026-08-15T12:00:00+00:00,GEN-20260815T120000Z-bcb100dcba34,GENERATED
20240603,2024-06-03,3,Monday,23,6,June,2,2024,False,2026-08-15T12:00:00+00:00,GEN-20260815T120000Z-bcb100dcba34,GENERATED
20240604,2024-06-04,4,Tuesday,23,6,June,2,2024,False,2026-08-15T12:00:00+00:00,GEN-20260815T120000Z-bcb100dcba34,GENERATED
20240605,2024-06-05,5,Wednesday,23,6,June,2,2024,False,2026-08-15T12:00:00+00:00,GEN-20260815T120000Z-bcb100dcba34,GENERATED
20240606,2024-06-06,6,Thursday,23,6,June,2,2024,False,2026-08-15T12:00:00+00:00,GEN-20260815T120000Z-bcb100dcba34,GENERATED
20240607,2024-06-07,7,Friday,23,6,June,2,2024,False,2026-08-15T12:00:00+00:00,GEN-20260815T120000Z-bcb100dcba34,GENERATED
20240608,2024-06-08,8,Saturday,23,6,June,2,2024,True,2026-08-15T12:00:00+00:00,GEN-20260815T120000Z-bcb100dcba34,GENERATED
20240609,2024-06-09,9,Sunday,23,6,June,2,2024,True,2026-08-15T12:00:00+00:00,GEN-20260815T120000Z-bcb100dcba34,GENERATED
20240610,2024-06-10,10,Monday,24,6,June,2,2024,False,2026-08-15T12:00:00+00:00,GEN-20260815T120000Z-bcb100dcba34,GENERATED
20240611,2024-06-11,11,Tuesday,24,6,June,2,2024,False,2026-08-15T12:00:00+00:00,GEN-20260815T120000Z-bcb100dcba34,GENERATED
20240612,2024-06-12,12,Wednesday,24,6,June,2,2024,False,2026-08-15T12:00:00+00:00,GEN-20260815T120000Z-bcb100dcba34,GENERATED
20240613,2024-06-13,13,Thursday,24,6,June,2,2024,False,2026-08-15T12:00:00+00:00,GEN-20260815T120000Z-bcb100dcba34,GENERATED
20240614,2024-06-14,14,Friday,24,6,June,2,2024,False,2026-08-15T12:00:00+00:00,GEN-20260815T120000Z-bcb100dcba34,GENERATED
20240615,2024-06-15,15,Saturday,24,6,June,2,2024,True,2026-08-15T12:00:00+00:00,GEN-20260815T120000Z-bcb100dcba34,GENERATED
20240616,2024-06-16,16,Sunday,24,6,June,2,2024,True,2026-08-15T12:00:00+00:00,GEN-20260815T120000Z-bcb100dcba34,GENERATED
20240617,2024-06-17,17,Monday,25,6,June,2,2024,False,2026-08-15T12:00:00+00:00,GEN-20260815T120000Z-bcb100dcba34,GENERATED
20240618,2024-06-18,18,Tuesday,25,6,June,2,2024,False,2026-08-15T12:00:00+00:00,GEN-20260815T120000Z-bcb100dcba34,GENERATED
20240619,2024-06-19,19,Wednesday,25,6,June,2,2024,False,2026-08-15T12:00:00+00:00,GEN-20260815T120000Z-bcb100dcba34,GENERATED
20240620,2024-06-20,20,Thursday,25,6,June,2,2024,False,2026-08-15T12:00:00+00:00,GEN-20260815T120000Z-bcb100dcba34,GENERATED
20240621,2024-06-21,21,Friday,25,6,June,2,2024,False,2026-08-15T12:00:00+00:00,GEN-20260815T120000Z-bcb100dcba34,GENERATED
20240622,2024-06-22,22,Saturday,25,6,June,2,2024,True,2026-08-15T12:00:00+00:00,GEN-20260815T120000Z-bcb100dcba34,GENERATED
20240623,2024-06-23,23,Sunday,25,6,June,2,2024,True,2026-08-15T12:00:00+00:00,GEN-20260815T120000Z-bcb100dcba34,GENERATED
20240624,2024-06-24,24,Monday,26,6,June,2,2024,False,2026-08-15T12:00:00+00:00,GEN-20260815T120000Z-bcb100dcba34,GENERATED
20240625,2024-06-25,25,Tuesday,26,6,June,2,2024,False,2026-08-15T12:00:00+00:00,GEN-20260815T120000Z-bcb100dcba34,GENERATED
20240626,2024-06-26,26,Wednesday,26,6,June,2,2024,False,2026-08-15T12:00:00+00:00,GEN-20260815T120000Z-bcb100dcba34,GENERATED
20240627,2024-06-27,27,Thursday,26,6,June,2,2024,False,2026-08-15T12:00:00+00:00,GEN-20260815T120000Z-bcb100dcba34,GENERATED
20240628,2024-06-28,28,Friday,26,6,June,2,2024,False,2026-08-15T12:00:00+00:00,GEN-20260815T120000Z-bcb100dcba34,GENERATED
20240629,2024-06-29,29,Saturday,26,6,June,2,2024,True,2026-08-15T12:00:00+00:00,GEN-20260815T120000Z-bcb100dcba34,GENERATED
20240630,2024-06-30,30,Sunday,26,6,June,2,2024,True,2026-08-15T12:00:00+00:00,GEN-20260815T120000Z-bcb100dcba34,GENERATED
20240701,2024-07-01,1,Monday,27,7,July,3,2024,False,2026-08-15T12:00:00+00:00,GEN-20260815T120000Z-bcb100dcba34,GENERATED
20240702,2024-07-02,2,Tuesday,27,7,July,3,2024,False,2026-08-15T12:00:00+00:00,GEN-20260815T120000Z-bcb100dcba34,GENERATED
20240703,2024-07-03,3,Wednesday,27,7,July,3,2024,False,2026-08-15T12:00:00+00:00,GEN-20260815T120000Z-bcb100dcba34,GENERATED
20240704,2024-07-04,4,Thursday,27,7,July,3,2024,False,2026-08-15T12:00:00+00:00,GEN-20260815T120000Z-bcb100dcba34,GENERATED
20240705,2024-07-05,5,Friday,27,7,July,3,2024,False,2026-08-15T12:00:00+00:00,GEN-20260815T120000Z-bcb100dcba34,GENERATED
20240706,2024-07-06,6,Saturday,27,7,July,3,2024,True,2026-08-15T12:00:00+00:00,GEN-20260815T120000Z-bcb100dcba34,GENERATED
20240707,2024-07-07,7,Sunday,27,7,July,3,2024,True,2026-08-15T12:00:00+00:00,GEN-20260815T120000Z-bcb100dcba34,GENERATED
20240708,2024-07-08,8,Monday,28,7,July,3,2024,False,2026-08-15T12:00:00+00:00,GEN-20260815T120000Z-bcb100dcba34,GENERATED
20240709,2024-07-09,9,Tuesday,28,7,July,3,2024,False,2026-08-15T12:00:00+00:00,GEN-20260815T120000Z-bcb100dcba34,GENERATED
20240710,2024-07-10,10,Wednesday,28,7,July,3,2024,False,2026-08-15T12:00:00+00:00,GEN-20260815T120000Z-bcb100dcba34,GENERATED
20240711,2024-07-11,11,Thursday,28,7,July,3,2024,False,2026-08-15T12:00:00+00:00,GEN-20260815T120000Z-bcb100dcba34,GENERATED
20240712,2024-07-12,12,Friday,28,7,July,3,2024,False,2026-08-15T12:00:00+00:00,GEN-20260815T120000Z-bcb100dcba34,GENERATED
20240713,2024-07-13,13,Saturday,28,7,July,3,2024,True,2026-08-15T12:00:00+00:00,GEN-20260815T120000Z-bcb100dcba34,GENERATED
20240714,2024-07-14,14,Sunday,28,7,July,3,2024,True,2026-08-15T12:00:00+00:00,GEN-20260815T120000Z-bcb100dcba34,GENERATED
20240715,2024-07-15,15,Monday,29,7,July,3,2024,False,2026-08-15T12:00:00+00:00,GEN-20260815T120000Z-bcb100dcba34,GENERATED
20240716,2024-07-16,16,Tuesday,29,7,July,3,2024,False,2026-08-15T12:00:00+00:00,GEN-20260815T120000Z-bcb100dcba34,GENERATED
20240717,2024-07-17,17,Wednesday,29,7,July,3,2024,False,2026-08-15T12:00:00+00:00,GEN-20260815T120000Z-bcb100dcba34,GENERATED
20240718,2024-07-18,18,Thursday,29,7,July,3,2024,False,2026-08-15T12:00:00+00:00,GEN-20260815T120000Z-bcb100dcba34,GENERATED
20240719,2024-07-19,19,Friday,29,7,July,3,2024,False,2026-08-15T12:00:00+00:00,GEN-20260815T120000Z-bcb100dcba34,GENERATED
20240720,2024-07-20,20,Saturday,29,7,July,3,2024,True,2026-08-15T12:00:00+00:00,GEN-20260815T120000Z-bcb100dcba34,GENERATED
20240721,2024-07-21,21,Sunday,29,7,July,3,2024,True,2026-08-15T12:00:00+00:00,GEN-20260815T120000Z-bcb100dcba34,GENERATED
20240722,2024-07-22,22,Monday,30,7,July,3,2024,False,2026-08-15T12:00:00+00:00,GEN-20260815T120000Z-bcb100dcba34,GENERATED
20240723,2024-07-23,23,Tuesday,30,7,July,3,2024,False,2026-08-15T12:00:00+00:00,GEN-20260815T120000Z-bcb100dcba34,GENERATED
20240724,2024-07-24,24,Wednesday,30,7,July,3,2024,False,2026-08-15T12:00:00+00:00,GEN-20260815T120000Z-bcb100dcba34,GENERATED
20240725,2024-07-25,25,Thursday,30,7,July,3,2024,False,2026-08-15T12:00:00+00:00,GEN-20260815T120000Z-bcb100dcba34,GENERATED
20240726,2024-07-26,26,Friday,30,7,July,3,2024,False,2026-08-15T12:00:00+00:00,GEN-20260815T120000Z-bcb100dcba34,GENERATED
20240727,2024-07-27,27,Saturday,30,7,July,3,2024,True,2026-08-15T12:00:00+00:00,GEN-20260815T120000Z-bcb100dcba34,GENERATED
20240728,2024-07-28,28,Sunday,30,7,July,3,2024,True,2026-08-15T12:00:00+00:00,GEN-20260815T120000Z-bcb100dcba34,GENERATED
20240729,2024-07-29,29,Monday,31,7,July,3,2024,False,2026-08-15T12:00:00+00:00,GEN-20260815T120000Z-bcb100dcba34,GENERATED
20240730,2024-07-30,30,Tuesday,31,7,July,3,2024,False,2026-08-15T12:00:00+00:00,GEN-20260815T120000Z-bcb100dcba34,GENERATED
20240731,2024-07-31,31,Wednesday,31,7,July,3,2024,False,2026-08-15T12:00:00+00:00,GEN-20260815T120000Z-bcb100dcba34,GENERATED
20240801,2024-08-01,1,Thursday,31,8,August,3,2024,False,2026-08-15T12:00:00+00:00,GEN-20260815T120000Z-bcb100dcba34,GENERATED
20240802,2024-08-02,2,Friday,31,8,August,3,2024,False,2026-08-15T12:00:00+00:00,GEN-20260815T120000Z-bcb100dcba34,GENERATED
20240803,2024-08-03,3,Saturday,31,8,August,3,2024,True,2026-08-15T12:00:00+00:00,GEN-20260815T120000Z-bcb100dcba34,GENERATED
20240804,2024-08-04,4,Sunday,31,8,August,3,2024,True,2026-08-15T12:00:00+00:00,GEN-20260815T120000Z-bcb100dcba34,GENERATED
20240805,2024-08-05,5,Monday,32,8,August,3,2024,False,2026-08-15T12:00:00+00:00,GEN-20260815T120000Z-bcb100dcba34,GENERATED
20240806,2024-08-06,6,Tuesday,32,8,August,3,2024,False,2026-08-15T12:00:00+00:00,GEN-20260815T120000Z-bcb100dcba34,GENERATED
20240807,2024-08-07,7,Wednesday,32,8,August,3,2024,False,2026-08-15T12:00:00+00:00,GEN-20260815T120000Z-bcb100dcba34,GENERATED
20240808,2024-08-08,8,Thursday,32,8,August,3,2024,False,2026-08-15T12:00:00+00:00,GEN-20260815T120000Z-bcb100dcba34,GENERATED
20240809,2024-08-09,9,Friday,32,8,August,3,2024,False,2026-08-15T12:00:00+00:00,GEN-20260815T120000Z-bcb100dcba34,GENERATED
20240810,2024-08-10,10,Saturday,32,8,August,3,2024,True,2026-08-15T12:00:00+00:00,GEN-20260815T120000Z-bcb100dcba34,GENERATED
20240811,2024-08-11,11,Sunday,32,8,August,3,2024,True,2026-08-15T12:00:00+00:00,GEN-20260815T120000Z-bcb100dcba34,GENERATED
20240812,2024-08-12,12,Monday,33,8,August,3,2024,False,2026-08-15T12:00:00+00:00,GEN-20260815T120000Z-bcb100dcba34,GENERATED
20240813,2024-08-13,13,Tuesday,33,8,August,3,2024,False,2026-08-15T12:00:00+00:00,GEN-20260815T120000Z-bcb100dcba34,GENERATED
20240814,2024-08-14,14,Wednesday,33,8,August,3,2024,False,2026-08-15T12:00:00+00:00,GEN-20260815T120000Z-bcb100dcba34,GENERATED
20240815,2024-08-15,15,Thursday,33,8,August,3,2024,False,2026-08-15T12:00:00+00:00,GEN-20260815T120000Z-bcb100dcba34,GENERATED
20240816,2024-08-16,16,Friday,33,8,August,3,2024,False,2026-08-15T12:00:00+00:00,GEN-20260815T120000Z-bcb100dcba34,GENERATED
20240817,2024-08-17,17,Saturday,33,8,August,3,2024,True,2026-08-15T12:00:00+00:00,GEN-20260815T120000Z-bcb100dcba34,GENERATED
20240818,2024-08-18,18,Sunday,33,8,August,3,2024,True,2026-08-15T12:00:00+00:00,GEN-20260815T120000Z-bcb100dcba34,GENERATED
20240819,2024-08-19,19,Monday,34,8,August,3,2024,False,2026-08-15T12:00:00+00:00,GEN-20260815T120000Z-bcb100dcba34,GENERATED
20240820,2024-08-20,20,Tuesday,34,8,August,3,2024,False,2026-08-15T12:00:00+00:00,GEN-20260815T120000Z-bcb100dcba34,GENERATED
20240821,2024-08-21,21,Wednesday,34,8,August,3,2024,False,2026-08-15T12:00:00+00:00,GEN-20260815T120000Z-bcb100dcba34,GENERATED
20240822,2024-08-22,22,Thursday,34,8,August,3,2024,False,2026-08-15T12:00:00+00:00,GEN-20260815T120000Z-bcb100dcba34,GENERATED
20240823,2024-08-23,23,Friday,34,8,August,3,2024,False,2026-08-15T12:00:00+00:00,GEN-20260815T120000Z-bcb100dcba34,GENERATED
20240824,2024-08-24,24,Saturday,34,8,August,3,2024,True,2026-08-15T12:00:00+00:00,GEN-20260815T120000Z-bcb100dcba34,GENERATED
20240825,2024-08-25,25,Sunday,34,8,August,3,2024,True,2026-08-15T12:00:00+00:00,GEN-20260815T120000Z-bcb100dcba34,GENERATED
20240826,2024-08-26,26,Monday,35,8,August,3,2024,False,2026-08-15T12:00:00+00:00,GEN-20260815T120000Z-bcb100dcba34,GENERATED
20240827,2024-08-27,27,Tuesday,35,8,August,3,2024,False,2026-08-15T12:00:00+00:00,GEN-20260815T120000Z-bcb100dcba34,GENERATED
20240828,2024-08-28,28,Wednesday,35,8,August,3,2024,False,2026-08-15T12:00:00+00:00,GEN-20260815T120000Z-bcb100dcba34,GENERATED
20240829,2024-08-29,29,Thursday,35,8,August,3,2024,False,2026-08-15T12:00:00+00:00,GEN-20260815T120000Z-bcb100dcba34,GENERATED
20240830,2024-08-30,30,Friday,35,8,August,3,2024,False,2026-08-15T12:00:00+00:00,GEN-20260815T120000Z-bcb100dcba34,GENERATED
20240831,2024-08-31,31,Saturday,35,8,August,3,2024,True,2026-08-15T12:00:00+00:00,GEN-20260815T120000Z-bcb100dcba34,GENERATED
20240901,2024-09-01,1,Sunday,35,9,September,3,2024,True,2026-08-15T12:00:00+00:00,GEN-20260815T120000Z-bcb100dcba34,GENERATED
20240902,2024-09-02,2,Monday,36,9,September,3,2024,False,2026-08-15T12:00:00+00:00,GEN-20260815T120000Z-bcb100dcba34,GENERATED
20240903,2024-09-03,3,Tuesday,36,9,September,3,2024,False,2026-08-15T12:00:00+00:00,GEN-20260815T120000Z-bcb100dcba34,GENERATED
20240904,2024-09-04,4,Wednesday,36,9,September,3,2024,False,2026-08-15T12:00:00+00:00,GEN-20260815T120000Z-bcb100dcba34,GENERATED
20240905,2024-09-05,5,Thursday,36,9,September,3,2024,False,2026-08-15T12:00:00+00:00,GEN-20260815T120000Z-bcb100dcba34,GENERATED
20240906,2024-09-06,6,Friday,36,9,September,3,2024,False,2026-08-15T12:00:00+00:00,GEN-20260815T120000Z-bcb100dcba34,GENERATED
20240907,2024-09-07,7,Saturday,36,9,September,3,2024,True,2026-08-15T12:00:00+00:00,GEN-20260815T120000Z-bcb100dcba34,GENERATED
20240908,2024-09-08,8,Sunday,36,9,September,3,2024,True,2026-08-15T12:00:00+00:00,GEN-20260815T120000Z-bcb100dcba34,GENERATED
20240909,2024-09-09,9,Monday,37,9,September,3,2024,False,2026-08-15T12:00:00+00:00,GEN-20260815T120000Z-bcb100dcba34,GENERATED
20240910,2024-09-10,10,Tuesday,37,9,September,3,2024,False,2026-08-15T12:00:00+00:00,GEN-20260815T120000Z-bcb100dcba34,GENERATED
20240911,2024-09-11,11,Wednesday,37,9,September,3,2024,False,2026-08-15T12:00:00+00:00,GEN-20260815T120000Z-bcb100dcba34,GENERATED
20240912,2024-09-12,12,Thursday,37,9,September,3,2024,False,2026-08-15T12:00:00+00:00,GEN-20260815T120000Z-bcb100dcba34,GENERATED
20240913,2024-09-13,13,Friday,37,9,September,3,2024,False,2026-08-15T12:00:00+00:00,GEN-20260815T120000Z-bcb100dcba34,GENERATED
20240914,2024-09-14,14,Saturday,37,9,September,3,2024,True,2026-08-15T12:00:00+00:00,GEN-20260815T120000Z-bcb100dcba34,GENERATED
20240915,2024-09-15,15,Sunday,37,9,September,3,2024,True,2026-08-15T12:00:00+00:00,GEN-20260815T120000Z-bcb100dcba34,GENERATED
20240916,2024-09-16,16,Monday,38,9,September,3,2024,False,2026-08-15T12:00:00+00:00,GEN-20260815T120000Z-bcb100dcba34,GENERATED
20240917,2024-09-17,17,Tuesday,38,9,September,3,2024,False,2026-08-15T12:00:00+00:00,GEN-20260815T120000Z-bcb100dcba34,GENERATED
20240918,2024-09-18,18,Wednesday,38,9,September,3,2024,False,2026-08-15T12:00:00+00:00,GEN-20260815T120000Z-bcb100dcba34,GENERATED
20240919,2024-09-19,19,Thursday,38,9,September,3,2024,False,2026-08-15T12:00:00+00:00,GEN-20260815T120000Z-bcb100dcba34,GENERATED
20240920,2024-09-20,20,Friday,38,9,September,3,2024,False,2026-08-15T12:00:00+00:00,GEN-20260815T120000Z-bcb100dcba34,GENERATED
20240921,2024-09-21,21,Saturday,38,9,September,3,2024,True,2026-08-15T12:00:00+00:00,GEN-20260815T120000Z-bcb100dcba34,GENERATED
20240922,2024-09-22,22,Sunday,38,9,September,3,2024,True,2026-08-15T12:00:00+00:00,GEN-20260815T120000Z-bcb100dcba34,GENERATED
20240923,2024-09-23,23,Monday,39,9,September,3,2024,False,2026-08-15T12:00:00+00:00,GEN-20260815T120000Z-bcb100dcba34,GENERATED
20240924,2024-09-24,24,Tuesday,39,9,September,3,2024,False,2026-08-15T12:00:00+00:00,GEN-20260815T120000Z-bcb100dcba34,GENERATED
20240925,2024-09-25,25,Wednesday,39,9,September,3,2024,False,2026-08-15T12:00:00+00:00,GEN-20260815T120000Z-bcb100dcba34,GENERATED
20240926,2024-09-26,26,Thursday,39,9,September,3,2024,False,2026-08-15T12:00:00+00:00,GEN-20260815T120000Z-bcb100dcba34,GENERATED
20240927,2024-09-27,27,Friday,39,9,September,3,2024,False,2026-08-15T12:00:00+00:00,GEN-20260815T120000Z-bcb100dcba34,GENERATED
20240928,2024-09-28,28,Saturday,39,9,September,3,2024,True,2026-08-15T12:00:00+00:00,GEN-20260815T120000Z-bcb100dcba34,GENERATED
20240929,2024-09-29,29,Sunday,39,9,September,3,2024,True,2026-08-15T12:00:00+00:00,GEN-20260815T120000Z-bcb100dcba34,GENERATED
20240930,2024-09-30,30,Monday,40,9,September,3,2024,False,2026-08-15T12:00:00+00:00,GEN-20260815T120000Z-bcb100dcba34,GENERATED
20241001,2024-10-01,1,Tuesday,40,10,October,4,2024,False,2026-08-15T12:00:00+00:00,GEN-20260815T120000Z-bcb100dcba34,GENERATED
20241002,2024-10-02,2,Wednesday,40,10,October,4,2024,False,2026-08-15T12:00:00+00:00,GEN-20260815T120000Z-bcb100dcba34,GENERATED
20241003,2024-10-03,3,Thursday,40,10,October,4,2024,False,2026-08-15T12:00:00+00:00,GEN-20260815T120000Z-bcb100dcba34,GENERATED
20241004,2024-10-04,4,Friday,40,10,October,4,2024,False,2026-08-15T12:00:00+00:00,GEN-20260815T120000Z-bcb100dcba34,GENERATED
20241005,2024-10-05,5,Saturday,40,10,October,4,2024,True,2026-08-15T12:00:00+00:00,GEN-20260815T120000Z-bcb100dcba34,GENERATED
20241006,2024-10-06,6,Sunday,40,10,October,4,2024,True,2026-08-15T12:00:00+00:00,GEN-20260815T120000Z-bcb100dcba34,GENERATED
20241007,2024-10-07,7,Monday,41,10,October,4,2024,False,2026-08-15T12:00:00+00:00,GEN-20260815T120000Z-bcb100dcba34,GENERATED
20241008,2024-10-08,8,Tuesday,41,10,October,4,2024,False,2026-08-15T12:00:00+00:00,GEN-20260815T120000Z-bcb100dcba34,GENERATED
20241009,2024-10-09,9,Wednesday,41,10,October,4,2024,False,2026-08-15T12:00:00+00:00,GEN-20260815T120000Z-bcb100dcba34,GENERATED
20241010,2024-10-10,10,Thursday,41,10,October,4,2024,False,2026-08-15T12:00:00+00:00,GEN-20260815T120000Z-bcb100dcba34,GENERATED
20241011,2024-10-11,11,Friday,41,10,October,4,2024,False,2026-08-15T12:00:00+00:00,GEN-20260815T120000Z-bcb100dcba34,GENERATED
20241012,2024-10-12,12,Saturday,41,10,October,4,2024,True,2026-08-15T12:00:00+00:00,GEN-20260815T120000Z-bcb100dcba34,GENERATED
20241013,2024-10-13,13,Sunday,41,10,October,4,2024,True,2026-08-15T12:00:00+00:00,GEN-20260815T120000Z-bcb100dcba34,GENERATED
20241014,2024-10-14,14,Monday,42,10,October,4,2024,False,2026-08-15T12:00:00+00:00,GEN-20260815T120000Z-bcb100dcba34,GENERATED
20241015,2024-10-15,15,Tuesday,42,10,October,4,2024,False,2026-08-15T12:00:00+00:00,GEN-20260815T120000Z-bcb100dcba34,GENERATED
20241016,2024-10-16,16,Wednesday,42,10,October,4,2024,False,2026-08-15T12:00:00+00:00,GEN-20260815T120000Z-bcb100dcba34,GENERATED
20241017,2024-10-17,17,Thursday,42,10,October,4,2024,False,2026-08-15T12:00:00+00:00,GEN-20260815T120000Z-bcb100dcba34,GENERATED
20241018,2024-10-18,18,Friday,42,10,October,4,2024,False,2026-08-15T12:00:00+00:00,GEN-20260815T120000Z-bcb100dcba34,GENERATED
20241019,2024-10-19,19,Saturday,42,10,October,4,2024,True,2026-08-15T12:00:00+00:00,GEN-20260815T120000Z-bcb100dcba34,GENERATED
20241020,2024-10-20,20,Sunday,42,10,October,4,2024,True,2026-08-15T12:00:00+00:00,GEN-20260815T120000Z-bcb100dcba34,GENERATED
20241021,2024-10-21,21,Monday,43,10,October,4,2024,False,2026-08-15T12:00:00+00:00,GEN-20260815T120000Z-bcb100dcba34,GENERATED
20241022,2024-10-22,22,Tuesday,43,10,October,4,2024,False,2026-08-15T12:00:00+00:00,GEN-20260815T120000Z-bcb100dcba34,GENERATED
20241023,2024-10-23,23,Wednesday,43,10,October,4,2024,False,2026-08-15T12:00:00+00:00,GEN-20260815T120000Z-bcb100dcba34,GENERATED
20241024,2024-10-24,24,Thursday,43,10,October,4,2024,False,2026-08-15T12:00:00+00:00,GEN-20260815T120000Z-bcb100dcba34,GENERATED
20241025,2024-10-25,25,Friday,43,10,October,4,2024,False,2026-08-15T12:00:00+00:00,GEN-20260815T120000Z-bcb100dcba34,GENERATED
20241026,2024-10-26,26,Saturday,43,10,October,4,2024,True,2026-08-15T12:00:00+00:00,GEN-20260815T120000Z-bcb100dcba34,GENERATED
20241027,2024-10-27,27,Sunday,43,10,October,4,2024,True,2026-08-15T12:00:00+00:00,GEN-20260815T120000Z-bcb100dcba34,GENERATED
20241028,2024-10-28,28,Monday,44,10,October,4,2024,False,2026-08-15T12:00:00+00:00,GEN-20260815T120000Z-bcb100dcba34,GENERATED
20241029,2024-10-29,29,Tuesday,44,10,October,4,2024,False,2026-08-15T12:00:00+00:00,GEN-20260815T120000Z-bcb100dcba34,GENERATED
20241030,2024-10-30,30,Wednesday,44,10,October,4,2024,False,2026-08-15T12:00:00+00:00,GEN-20260815T120000Z-bcb100dcba34,GENERATED
20241031,2024-10-31,31,Thursday,44,10,October,4,2024,False,2026-08-15T12:00:00+00:00,GEN-20260815T120000Z-bcb100dcba34,GENERATED
20241101,2024-11-01,1,Friday,44,11,November,4,2024,False,2026-08-15T12:00:00+00:00,GEN-20260815T120000Z-bcb100dcba34,GENERATED
20241102,2024-11-02,2,Saturday,44,11,November,4,2024,True,2026-08-15T12:00:00+00:00,GEN-20260815T120000Z-bcb100dcba34,GENERATED
20241103,2024-11-03,3,Sunday,44,11,November,4,2024,True,2026-08-15T12:00:00+00:00,GEN-20260815T120000Z-bcb100dcba34,GENERATED
20241104,2024-11-04,4,Monday,45,11,November,4,2024,False,2026-08-15T12:00:00+00:00,GEN-20260815T120000Z-bcb100dcba34,GENERATED
20241105,2024-11-05,5,Tuesday,45,11,November,4,2024,False,2026-08-15T12:00:00+00:00,GEN-20260815T120000Z-bcb100dcba34,GENERATED
20241106,2024-11-06,6,Wednesday,45,11,November,4,2024,False,2026-08-15T12:00:00+00:00,GEN-20260815T120000Z-bcb100dcba34,GENERATED
20241107,2024-11-07,7,Thursday,45,11,November,4,2024,False,2026-08-15T12:00:00+00:00,GEN-20260815T120000Z-bcb100dcba34,GENERATED
20241108,2024-11-08,8,Friday,45,11,November,4,2024,False,2026-08-15T12:00:00+00:00,GEN-20260815T120000Z-bcb100dcba34,GENERATED
20241109,2024-11-09,9,Saturday,45,11,November,4,2024,True,2026-08-15T12:00:00+00:00,GEN-20260815T120000Z-bcb100dcba34,GENERATED
20241110,2024-11-10,10,Sunday,45,11,November,4,2024,True,2026-08-15T12:00:00+00:00,GEN-20260815T120000Z-bcb100dcba34,GENERATED
20241111,2024-11-11,11,Monday,46,11,November,4,2024,False,2026-08-15T12:00:00+00:00,GEN-20260815T120000Z-bcb100dcba34,GENERATED
20241112,2024-11-12,12,Tuesday,46,11,November,4,2024,False,2026-08-15T12:00:00+00:00,GEN-20260815T120000Z-bcb100dcba34,GENERATED
20241113,2024-11-13,13,Wednesday,46,11,November,4,2024,False,2026-08-15T12:00:00+00:00,GEN-20260815T120000Z-bcb100dcba34,GENERATED
20241114,2024-11-14,14,Thursday,46,11,November,4,2024,False,2026-08-15T12:00:00+00:00,GEN-20260815T120000Z-bcb100dcba34,GENERATED
20241115,2024-11-15,15,Friday,46,11,November,4,2024,False,2026-08-15T12:00:00+00:00,GEN-20260815T120000Z-bcb100dcba34,GENERATED
20241116,2024-11-16,16,Saturday,46,11,November,4,2024,True,2026-08-15T12:00:00+00:00,GEN-20260815T120000Z-bcb100dcba34,GENERATED
20241117,2024-11-17,17,Sunday,46,11,November,4,2024,True,2026-08-15T12:00:00+00:00,GEN-20260815T120000Z-bcb100dcba34,GENERATED
20241118,2024-11-18,18,Monday,47,11,November,4,2024,False,2026-08-15T12:00:00+00:00,GEN-20260815T120000Z-bcb100dcba34,GENERATED
20241119,2024-11-19,19,Tuesday,47,11,November,4,2024,False,2026-08-15T12:00:00+00:00,GEN-20260815T120000Z-bcb100dcba34,GENERATED
20241120,2024-11-20,20,Wednesday,47,11,November,4,2024,False,2026-08-15T12:00:00+00:00,GEN-20260815T120000Z-bcb100dcba34,GENERATED
20241121,2024-11-21,21,Thursday,47,11,November,4,2024,False,2026-08-15T12:00:00+00:00,GEN-20260815T120000Z-bcb100dcba34,GENERATED
20241122,2024-11-22,22,Friday,47,11,November,4,2024,False,2026-08-15T12:00:00+00:00,GEN-20260815T120000Z-bcb100dcba34,GENERATED
20241123,2024-11-23,23,Saturday,47,11,November,4,2024,True,2026-08-15T12:00:00+00:00,GEN-20260815T120000Z-bcb100dcba34,GENERATED
20241124,2024-11-24,24,Sunday,47,11,November,4,2024,True,2026-08-15T12:00:00+00:00,GEN-20260815T120000Z-bcb100dcba34,GENERATED
20241125,2024-11-25,25,Monday,48,11,November,4,2024,False,2026-08-15T12:00:00+00:00,GEN-20260815T120000Z-bcb100dcba34,GENERATED
20241126,2024-11-26,26,Tuesday,48,11,November,4,2024,False,2026-08-15T12:00:00+00:00,GEN-20260815T120000Z-bcb100dcba34,GENERATED
20241127,2024-11-27,27,Wednesday,48,11,November,4,2024,False,2026-08-15T12:00:00+00:00,GEN-20260815T120000Z-bcb100dcba34,GENERATED
20241128,2024-11-28,28,Thursday,48,11,November,4,2024,False,2026-08-15T12:00:00+00:00,GEN-20260815T120000Z-bcb100dcba34,GENERATED
20241129,2024-11-29,29,Friday,48,11,November,4,2024,False,2026-08-15T12:00:00+00:00,GEN-20260815T120000Z-bcb100dcba34,GENERATED
20241130,2024-11-30,30,Saturday,48,11,November,4,2024,True,2026-08-15T12:00:00+00:00,GEN-20260815T120000Z-bcb100dcba34,GENERATED
20241201,2024-12-01,1,Sunday,48,12,December,4,2024,True,2026-08-15T12:00:00+00:00,GEN-20260815T120000Z-bcb100dcba34,GENERATED
20241202,2024-12-02,2,Monday,49,12,December,4,2024,False,2026-08-15T12:00:00+00:00,GEN-20260815T120000Z-bcb100dcba34,GENERATED
20241203,2024-12-03,3,Tuesday,49,12,December,4,2024,False,2026-08-15T12:00:00+00:00,GEN-20260815T120000Z-bcb100dcba34,GENERATED
20241204,2024-12-04,4,Wednesday,49,12,December,4,2024,False,2026-08-15T12:00:00+00:00,GEN-20260815T120000Z-bcb100dcba34,GENERATED
20241205,2024-12-05,5,Thursday,49,12,December,4,2024,False,2026-08-15T12:00:00+00:00,GEN-20260815T120000Z-bcb100dcba34,GENERATED
20241206,2024-12-06,6,Friday,49,12,December,4,2024,False,2026-08-15T12:00:00+00:00,GEN-20260815T120000Z-bcb100dcba34,GENERATED
20241207,2024-12-07,7,Saturday,49,12,December,4,2024,True,2026-08-15T12:00:00+00:00,GEN-20260815T120000Z-bcb100dcba34,GENERATED
20241208,2024-12-08,8,Sunday,49,12,December,4,2024,True,2026-08-15T12:00:00+00:00,GEN-20260815T120000Z-bcb100dcba34,GENERATED
20241209,2024-12-09,9,Monday,50,12,December,4,2024,False,2026-08-15T12:00:00+00:00,GEN-20260815T120000Z-bcb100dcba34,GENERATED
20241210,2024-12-10,10,Tuesday,50,12,December,4,2024,False,2026-08-15T12:00:00+00:00,GEN-20260815T120000Z-bcb100dcba34,GENERATED
20241211,2024-12-11,11,Wednesday,50,12,December,4,2024,False,2026-08-15T12:00:00+00:00,GEN-20260815T120000Z-bcb100dcba34,GENERATED
20241212,2024-12-12,12,Thursday,50,12,December,4,2024,False,2026-08-15T12:00:00+00:00,GEN-20260815T120000Z-bcb100dcba34,GENERATED
20241213,2024-12-13,13,Friday,50,12,December,4,2024,False,2026-08-15T12:00:00+00:00,GEN-20260815T120000Z-bcb100dcba34,GENERATED
20241214,2024-12-14,14,Saturday,50,12,December,4,2024,True,2026-08-15T12:00:00+00:00,GEN-20260815T120000Z-bcb100dcba34,GENERATED
20241215,2024-12-15,15,Sunday,50,12,December,4,2024,True,2026-08-15T12:00:00+00:00,GEN-20260815T120000Z-bcb100dcba34,GENERATED
20241216,2024-12-16,16,Monday,51,12,December,4,2024,False,2026-08-15T12:00:00+00:00,GEN-20260815T120000Z-bcb100dcba34,GENERATED
20241217,2024-12-17,17,Tuesday,51,12,December,4,2024,False,2026-08-15T12:00:00+00:00,GEN-20260815T120000Z-bcb100dcba34,GENERATED
20241218,2024-12-18,18,Wednesday,51,12,December,4,2024,False,2026-08-15T12:00:00+00:00,GEN-20260815T120000Z-bcb100dcba34,GENERATED
20241219,2024-12-19,19,Thursday,51,12,December,4,2024,False,2026-08-15T12:00:00+00:00,GEN-20260815T120000Z-bcb100dcba34,GENERATED
20241220,2024-12-20,20,Friday,51,12,December,4,2024,False,2026-08-15T12:00:00+00:00,GEN-20260815T120000Z-bcb100dcba34,GENERATED
20241221,2024-12-21,21,Saturday,51,12,December,4,2024,True,2026-08-15T12:00:00+00:00,GEN-20260815T120000Z-bcb100dcba34,GENERATED
20241222,2024-12-22,22,Sunday,51,12,December,4,2024,True,2026-08-15T12:00:00+00:00,GEN-20260815T120000Z-bcb100dcba34,GENERATED
20241223,2024-12-23,23,Monday,52,12,December,4,2024,False,2026-08-15T12:00:00+00:00,GEN-20260815T120000Z-bcb100dcba34,GENERATED
20241224,2024-12-24,24,Tuesday,52,12,December,4,2024,False,2026-08-15T12:00:00+00:00,GEN-20260815T120000Z-bcb100dcba34,GENERATED
20241225,2024-12-25,25,Wednesday,52,12,December,4,2024,False,2026-08-15T12:00:00+00:00,GEN-20260815T120000Z-bcb100dcba34,GENERATED
20241226,2024-12-26,26,Thursday,52,12,December,4,2024,False,2026-08-15T12:00:00+00:00,GEN-20260815T120000Z-bcb100dcba34,GENERATED
20241227,2024-12-27,27,Friday,52,12,December,4,2024,False,2026-08-15T12:00:00+00:00,GEN-20260815T120000Z-bcb100dcba34,GENERATED
20241228,2024-12-28,28,Saturday,52,12,December,4,2024,True,2026-08-15T12:00:00+00:00,GEN-20260815T120000Z-bcb100dcba34,GENERATED
20241229,2024-12-29,29,Sunday,52,12,December,4,2024,True,2026-08-15T12:00:00+00:00,GEN-20260815T120000Z-bcb100dcba34,GENERATED
20241230,2024-12-30,30,Monday,1,12,December,4,2024,False,2026-08-15T12:00:00+00:00,GEN-20260815T120000Z-bcb100dcba34,GENERATED
20241231,2024-12-31,31,Tuesday,1,12,December,4,2024,False,2026-08-15T12:00:00+00:00,GEN-20260815T120000Z-bcb100dcba34,GENERATED
20250101,2025-01-01,1,Wednesday,1,1,January,1,2025,False,2026-08-15T12:00:00+00:00,GEN-20260815T120000Z-bcb100dcba34,GENERATED
20250102,2025-01-02,2,Thursday,1,1,January,1,2025,False,2026-08-15T12:00:00+00:00,GEN-20260815T120000Z-bcb100dcba34,GENERATED
20250103,2025-01-03,3,Friday,1,1,January,1,2025,False,2026-08-15T12:00:00+00:00,GEN-20260815T120000Z-bcb100dcba34,GENERATED
20250104,2025-01-04,4,Saturday,1,1,January,1,2025,True,2026-08-15T12:00:00+00:00,GEN-20260815T120000Z-bcb100dcba34,GENERATED
20250105,2025-01-05,5,Sunday,1,1,January,1,2025,True,2026-08-15T12:00:00+00:00,GEN-20260815T120000Z-bcb100dcba34,GENERATED
20250106,2025-01-06,6,Monday,2,1,January,1,2025,False,2026-08-15T12:00:00+00:00,GEN-20260815T120000Z-bcb100dcba34,GENERATED
20250107,2025-01-07,7,Tuesday,2,1,January,1,2025,False,2026-08-15T12:00:00+00:00,GEN-20260815T120000Z-bcb100dcba34,GENERATED
20250108,2025-01-08,8,Wednesday,2,1,January,1,2025,False,2026-08-15T12:00:00+00:00,GEN-20260815T120000Z-bcb100dcba34,GENERATED
20250109,2025-01-09,9,Thursday,2,1,January,1,2025,False,2026-08-15T12:00:00+00:00,GEN-20260815T120000Z-bcb100dcba34,GENERATED
20250110,2025-01-10,10,Friday,2,1,January,1,2025,False,2026-08-15T12:00:00+00:00,GEN-20260815T120000Z-bcb100dcba34,GENERATED
20250111,2025-01-11,11,Saturday,2,1,January,1,2025,True,2026-08-15T12:00:00+00:00,GEN-20260815T120000Z-bcb100dcba34,GENERATED
20250112,2025-01-12,12,Sunday,2,1,January,1,2025,True,2026-08-15T12:00:00+00:00,GEN-20260815T120000Z-bcb100dcba34,GENERATED
20250113,2025-01-13,13,Monday,3,1,January,1,2025,False,2026-08-15T12:00:00+00:00,GEN-20260815T120000Z-bcb100dcba34,GENERATED
20250114,2025-01-14,14,Tuesday,3,1,January,1,2025,False,2026-08-15T12:00:00+00:00,GEN-20260815T120000Z-bcb100dcba34,GENERATED
20250115,2025-01-15,15,Wednesday,3,1,January,1,2025,False,2026-08-15T12:00:00+00:00,GEN-20260815T120000Z-bcb100dcba34,GENERATED
20250116,2025-01-16,16,Thursday,3,1,January,1,2025,False,2026-08-15T12:00:00+00:00,GEN-20260815T120000Z-bcb100dcba34,GENERATED
20250117,2025-01-17,17,Friday,3,1,January,1,2025,False,2026-08-15T12:00:00+00:00,GEN-20260815T120000Z-bcb100dcba34,GENERATED
20250118,2025-01-18,18,Saturday,3,1,January,1,2025,True,2026-08-15T12:00:00+00:00,GEN-20260815T120000Z-bcb100dcba34,GENERATED
20250119,2025-01-19,19,Sunday,3,1,January,1,2025,True,2026-08-15T12:00:00+00:00,GEN-20260815T120000Z-bcb100dcba34,GENERATED
20250120,2025-01-20,20,Monday,4,1,January,1,2025,False,2026-08-15T12:00:00+00:00,GEN-20260815T120000Z-bcb100dcba34,GENERATED
20250121,2025-01-21,21,Tuesday,4,1,January,1,2025,False,2026-08-15T12:00:00+00:00,GEN-20260815T120000Z-bcb100dcba34,GENERATED
20250122,2025-01-22,22,Wednesday,4,1,January,1,2025,False,2026-08-15T12:00:00+00:00,GEN-20260815T120000Z-bcb100dcba34,GENERATED
20250123,2025-01-23,23,Thursday,4,1,January,1,2025,False,2026-08-15T12:00:00+00:00,GEN-20260815T120000Z-bcb100dcba34,GENERATED
20250124,2025-01-24,24,Friday,4,1,January,1,2025,False,2026-08-15T12:00:00+00:00,GEN-20260815T120000Z-bcb100dcba34,GENERATED
20250125,2025-01-25,25,Saturday,4,1,January,1,2025,True,2026-08-15T12:00:00+00:00,GEN-20260815T120000Z-bcb100dcba34,GENERATED
20250126,2025-01-26,26,Sunday,4,1,January,1,2025,True,2026-08-15T12:00:00+00:00,GEN-20260815T120000Z-bcb100dcba34,GENERATED
20250127,2025-01-27,27,Monday,5,1,January,1,2025,False,2026-08-15T12:00:00+00:00,GEN-20260815T120000Z-bcb100dcba34,GENERATED
20250128,2025-01-28,28,Tuesday,5,1,January,1,2025,False,2026-08-15T12:00:00+00:00,GEN-20260815T120000Z-bcb100dcba34,GENERATED
20250129,2025-01-29,29,Wednesday,5,1,January,1,2025,False,2026-08-15T12:00:00+00:00,GEN-20260815T120000Z-bcb100dcba34,GENERATED
20250130,2025-01-30,30,Thursday,5,1,January,1,2025,False,2026-08-15T12:00:00+00:00,GEN-20260815T120000Z-bcb100dcba34,GENERATED
20250131,2025-01-31,31,Friday,5,1,January,1,2025,False,2026-08-15T12:00:00+00:00,GEN-20260815T120000Z-bcb100dcba34,GENERATED
20250201,2025-02-01,1,Saturday,5,2,February,1,2025,True,2026-08-15T12:00:00+00:00,GEN-20260815T120000Z-bcb100dcba34,GENERATED
20250202,2025-02-02,2,Sunday,5,2,February,1,2025,True,2026-08-15T12:00:00+00:00,GEN-20260815T120000Z-bcb100dcba34,GENERATED
20250203,2025-02-03,3,Monday,6,2,February,1,2025,False,2026-08-15T12:00:00+00:00,GEN-20260815T120000Z-bcb100dcba34,GENERATED
20250204,2025-02-04,4,Tuesday,6,2,February,1,2025,False,2026-08-15T12:00:00+00:00,GEN-20260815T120000Z-bcb100dcba34,GENERATED
20250205,2025-02-05,5,Wednesday,6,2,February,1,2025,False,2026-08-15T12:00:00+00:00,GEN-20260815T120000Z-bcb100dcba34,GENERATED
20250206,2025-02-06,6,Thursday,6,2,February,1,2025,False,2026-08-15T12:00:00+00:00,GEN-20260815T120000Z-bcb100dcba34,GENERATED
20250207,2025-02-07,7,Friday,6,2,February,1,2025,False,2026-08-15T12:00:00+00:00,GEN-20260815T120000Z-bcb100dcba34,GENERATED
20250208,2025-02-08,8,Saturday,6,2,February,1,2025,True,2026-08-15T12:00:00+00:00,GEN-20260815T120000Z-bcb100dcba34,GENERATED
20250209,2025-02-09,9,Sunday,6,2,February,1,2025,True,2026-08-15T12:00:00+00:00,GEN-20260815T120000Z-bcb100dcba34,GENERATED
20250210,2025-02-10,10,Monday,7,2,February,1,2025,False,2026-08-15T12:00:00+00:00,GEN-20260815T120000Z-bcb100dcba34,GENERATED
20250211,2025-02-11,11,Tuesday,7,2,February,1,2025,False,2026-08-15T12:00:00+00:00,GEN-20260815T120000Z-bcb100dcba34,GENERATED
20250212,2025-02-12,12,Wednesday,7,2,February,1,2025,False,2026-08-15T12:00:00+00:00,GEN-20260815T120000Z-bcb100dcba34,GENERATED
20250213,2025-02-13,13,Thursday,7,2,February,1,2025,False,2026-08-15T12:00:00+00:00,GEN-20260815T120000Z-bcb100dcba34,GENERATED
20250214,2025-02-14,14,Friday,7,2,February,1,2025,False,2026-08-15T12:00:00+00:00,GEN-20260815T120000Z-bcb100dcba34,GENERATED
20250215,2025-02-15,15,Saturday,7,2,February,1,2025,True,2026-08-15T12:00:00+00:00,GEN-20260815T120000Z-bcb100dcba34,GENERATED
20250216,2025-02-16,16,Sunday,7,2,February,1,2025,True,2026-08-15T12:00:00+00:00,GEN-20260815T120000Z-bcb100dcba34,GENERATED
20250217,2025-02-17,17,Monday,8,2,February,1,2025,False,2026-08-15T12:00:00+00:00,GEN-20260815T120000Z-bcb100dcba34,GENERATED
20250218,2025-02-18,18,Tuesday,8,2,February,1,2025,False,2026-08-15T12:00:00+00:00,GEN-20260815T120000Z-bcb100dcba34,GENERATED
20250219,2025-02-19,19,Wednesday,8,2,February,1,2025,False,2026-08-15T12:00:00+00:00,GEN-20260815T120000Z-bcb100dcba34,GENERATED
20250220,2025-02-20,20,Thursday,8,2,February,1,2025,False,2026-08-15T12:00:00+00:00,GEN-20260815T120000Z-bcb100dcba34,GENERATED
20250221,2025-02-21,21,Friday,8,2,February,1,2025,False,2026-08-15T12:00:00+00:00,GEN-20260815T120000Z-bcb100dcba34,GENERATED
20250222,2025-02-22,22,Saturday,8,2,February,1,2025,True,2026-08-15T12:00:00+00:00,GEN-20260815T120000Z-bcb100dcba34,GENERATED
20250223,2025-02-23,23,Sunday,8,2,February,1,2025,True,2026-08-15T12:00:00+00:00,GEN-20260815T120000Z-bcb100dcba34,GENERATED
20250224,2025-02-24,24,Monday,9,2,February,1,2025,False,2026-08-15T12:00:00+00:00,GEN-20260815T120000Z-bcb100dcba34,GENERATED
20250225,2025-02-25,25,Tuesday,9,2,February,1,2025,False,2026-08-15T12:00:00+00:00,GEN-20260815T120000Z-bcb100dcba34,GENERATED
20250226,2025-02-26,26,Wednesday,9,2,February,1,2025,False,2026-08-15T12:00:00+00:00,GEN-20260815T120000Z-bcb100dcba34,GENERATED
20250227,2025-02-27,27,Thursday,9,2,February,1,2025,False,2026-08-15T12:00:00+00:00,GEN-20260815T120000Z-bcb100dcba34,GENERATED
20250228,2025-02-28,28,Friday,9,2,February,1,2025,False,2026-08-15T12:00:00+00:00,GEN-20260815T120000Z-bcb100dcba34,GENERATED
20250301,2025-03-01,1,Saturday,9,3,March,1,2025,True,2026-08-15T12:00:00+00:00,GEN-20260815T120000Z-bcb100dcba34,GENERATED
20250302,2025-03-02,2,Sunday,9,3,March,1,2025,True,2026-08-15T12:00:00+00:00,GEN-20260815T120000Z-bcb100dcba34,GENERATED
20250303,2025-03-03,3,Monday,10,3,March,1,2025,False,2026-08-15T12:00:00+00:00,GEN-20260815T120000Z-bcb100dcba34,GENERATED
20250304,2025-03-04,4,Tuesday,10,3,March,1,2025,False,2026-08-15T12:00:00+00:00,GEN-20260815T120000Z-bcb100dcba34,GENERATED
20250305,2025-03-05,5,Wednesday,10,3,March,1,2025,False,2026-08-15T12:00:00+00:00,GEN-20260815T120000Z-bcb100dcba34,GENERATED
20250306,2025-03-06,6,Thursday,10,3,March,1,2025,False,2026-08-15T12:00:00+00:00,GEN-20260815T120000Z-bcb100dcba34,GENERATED
20250307,2025-03-07,7,Friday,10,3,March,1,2025,False,2026-08-15T12:00:00+00:00,GEN-20260815T120000Z-bcb100dcba34,GENERATED
20250308,2025-03-08,8,Saturday,10,3,March,1,2025,True,2026-08-15T12:00:00+00:00,GEN-20260815T120000Z-bcb100dcba34,GENERATED
20250309,2025-03-09,9,Sunday,10,3,March,1,2025,True,2026-08-15T12:00:00+00:00,GEN-20260815T120000Z-bcb100dcba34,GENERATED
20250310,2025-03-10,10,Monday,11,3,March,1,2025,False,2026-08-15T12:00:00+00:00,GEN-20260815T120000Z-bcb100dcba34,GENERATED
20250311,2025-03-11,11,Tuesday,11,3,March,1,2025,False,2026-08-15T12:00:00+00:00,GEN-20260815T120000Z-bcb100dcba34,GENERATED
20250312,2025-03-12,12,Wednesday,11,3,March,1,2025,False,2026-08-15T12:00:00+00:00,GEN-20260815T120000Z-bcb100dcba34,GENERATED
20250313,2025-03-13,13,Thursday,11,3,March,1,2025,False,2026-08-15T12:00:00+00:00,GEN-20260815T120000Z-bcb100dcba34,GENERATED
20250314,2025-03-14,14,Friday,11,3,March,1,2025,False,2026-08-15T12:00:00+00:00,GEN-20260815T120000Z-bcb100dcba34,GENERATED
20250315,2025-03-15,15,Saturday,11,3,March,1,2025,True,2026-08-15T12:00:00+00:00,GEN-20260815T120000Z-bcb100dcba34,GENERATED
20250316,2025-03-16,16,Sunday,11,3,March,1,2025,True,2026-08-15T12:00:00+00:00,GEN-20260815T120000Z-bcb100dcba34,GENERATED
20250317,2025-03-17,17,Monday,12,3,March,1,2025,False,2026-08-15T12:00:00+00:00,GEN-20260815T120000Z-bcb100dcba34,GENERATED
20250318,2025-03-18,18,Tuesday,12,3,March,1,2025,False,2026-08-15T12:00:00+00:00,GEN-20260815T120000Z-bcb100dcba34,GENERATED
20250319,2025-03-19,19,Wednesday,12,3,March,1,2025,False,2026-08-15T12:00:00+00:00,GEN-20260815T120000Z-bcb100dcba34,GENERATED
20250320,2025-03-20,20,Thursday,12,3,March,1,2025,False,2026-08-15T12:00:00+00:00,GEN-20260815T120000Z-bcb100dcba34,GENERATED
20250321,2025-03-21,21,Friday,12,3,March,1,2025,False,2026-08-15T12:00:00+00:00,GEN-20260815T120000Z-bcb100dcba34,GENERATED
20250322,2025-03-22,22,Saturday,12,3,March,1,2025,True,2026-08-15T12:00:00+00:00,GEN-20260815T120000Z-bcb100dcba34,GENERATED
20250323,2025-03-23,23,Sunday,12,3,March,1,2025,True,2026-08-15T12:00:00+00:00,GEN-20260815T120000Z-bcb100dcba34,GENERATED
20250324,2025-03-24,24,Monday,13,3,March,1,2025,False,2026-08-15T12:00:00+00:00,GEN-20260815T120000Z-bcb100dcba34,GENERATED
20250325,2025-03-25,25,Tuesday,13,3,March,1,2025,False,2026-08-15T12:00:00+00:00,GEN-20260815T120000Z-bcb100dcba34,GENERATED
20250326,2025-03-26,26,Wednesday,13,3,March,1,2025,False,2026-08-15T12:00:00+00:00,GEN-20260815T120000Z-bcb100dcba34,GENERATED
20250327,2025-03-27,27,Thursday,13,3,March,1,2025,False,2026-08-15T12:00:00+00:00,GEN-20260815T120000Z-bcb100dcba34,GENERATED
20250328,2025-03-28,28,Friday,13,3,March,1,2025,False,2026-08-15T12:00:00+00:00,GEN-20260815T120000Z-bcb100dcba34,GENERATED
20250329,2025-03-29,29,Saturday,13,3,March,1,2025,True,2026-08-15T12:00:00+00:00,GEN-20260815T120000Z-bcb100dcba34,GENERATED
20250330,2025-03-30,30,Sunday,13,3,March,1,2025,True,2026-08-15T12:00:00+00:00,GEN-20260815T120000Z-bcb100dcba34,GENERATED
20250331,2025-03-31,31,Monday,14,3,March,1,2025,False,2026-08-15T12:00:00+00:00,GEN-20260815T120000Z-bcb100dcba34,GENERATED
20250401,2025-04-01,1,Tuesday,14,4,April,2,2025,False,2026-08-15T12:00:00+00:00,GEN-20260815T120000Z-bcb100dcba34,GENERATED
20250402,2025-04-02,2,Wednesday,14,4,April,2,2025,False,2026-08-15T12:00:00+00:00,GEN-20260815T120000Z-bcb100dcba34,GENERATED
20250403,2025-04-03,3,Thursday,14,4,April,2,2025,False,2026-08-15T12:00:00+00:00,GEN-20260815T120000Z-bcb100dcba34,GENERATED
20250404,2025-04-04,4,Friday,14,4,April,2,2025,False,2026-08-15T12:00:00+00:00,GEN-20260815T120000Z-bcb100dcba34,GENERATED
20250405,2025-04-05,5,Saturday,14,4,April,2,2025,True,2026-08-15T12:00:00+00:00,GEN-20260815T120000Z-bcb100dcba34,GENERATED
20250406,2025-04-06,6,Sunday,14,4,April,2,2025,True,2026-08-15T12:00:00+00:00,GEN-20260815T120000Z-bcb100dcba34,GENERATED
20250407,2025-04-07,7,Monday,15,4,April,2,2025,False,2026-08-15T12:00:00+00:00,GEN-20260815T120000Z-bcb100dcba34,GENERATED
20250408,2025-04-08,8,Tuesday,15,4,April,2,2025,False,2026-08-15T12:00:00+00:00,GEN-20260815T120000Z-bcb100dcba34,GENERATED
20250409,2025-04-09,9,Wednesday,15,4,April,2,2025,False,2026-08-15T12:00:00+00:00,GEN-20260815T120000Z-bcb100dcba34,GENERATED
20250410,2025-04-10,10,Thursday,15,4,April,2,2025,False,2026-08-15T12:00:00+00:00,GEN-20260815T120000Z-bcb100dcba34,GENERATED
20250411,2025-04-11,11,Friday,15,4,April,2,2025,False,2026-08-15T12:00:00+00:00,GEN-20260815T120000Z-bcb100dcba34,GENERATED
20250412,2025-04-12,12,Saturday,15,4,April,2,2025,True,2026-08-15T12:00:00+00:00,GEN-20260815T120000Z-bcb100dcba34,GENERATED
20250413,2025-04-13,13,Sunday,15,4,April,2,2025,True,2026-08-15T12:00:00+00:00,GEN-20260815T120000Z-bcb100dcba34,GENERATED
20250414,2025-04-14,14,Monday,16,4,April,2,2025,False,2026-08-15T12:00:00+00:00,GEN-20260815T120000Z-bcb100dcba34,GENERATED
20250415,2025-04-15,15,Tuesday,16,4,April,2,2025,False,2026-08-15T12:00:00+00:00,GEN-20260815T120000Z-bcb100dcba34,GENERATED
20250416,2025-04-16,16,Wednesday,16,4,April,2,2025,False,2026-08-15T12:00:00+00:00,GEN-20260815T120000Z-bcb100dcba34,GENERATED
20250417,2025-04-17,17,Thursday,16,4,April,2,2025,False,2026-08-15T12:00:00+00:00,GEN-20260815T120000Z-bcb100dcba34,GENERATED
20250418,2025-04-18,18,Friday,16,4,April,2,2025,False,2026-08-15T12:00:00+00:00,GEN-20260815T120000Z-bcb100dcba34,GENERATED
20250419,2025-04-19,19,Saturday,16,4,April,2,2025,True,2026-08-15T12:00:00+00:00,GEN-20260815T120000Z-bcb100dcba34,GENERATED
20250420,2025-04-20,20,Sunday,16,4,April,2,2025,True,2026-08-15T12:00:00+00:00,GEN-20260815T120000Z-bcb100dcba34,GENERATED
20250421,2025-04-21,21,Monday,17,4,April,2,2025,False,2026-08-15T12:00:00+00:00,GEN-20260815T120000Z-bcb100dcba34,GENERATED
20250422,2025-04-22,22,Tuesday,17,4,April,2,2025,False,2026-08-15T12:00:00+00:00,GEN-20260815T120000Z-bcb100dcba34,GENERATED
20250423,2025-04-23,23,Wednesday,17,4,April,2,2025,False,2026-08-15T12:00:00+00:00,GEN-20260815T120000Z-bcb100dcba34,GENERATED
20250424,2025-04-24,24,Thursday,17,4,April,2,2025,False,2026-08-15T12:00:00+00:00,GEN-20260815T120000Z-bcb100dcba34,GENERATED
20250425,2025-04-25,25,Friday,17,4,April,2,2025,False,2026-08-15T12:00:00+00:00,GEN-20260815T120000Z-bcb100dcba34,GENERATED
20250426,2025-04-26,26,Saturday,17,4,April,2,2025,True,2026-08-15T12:00:00+00:00,GEN-20260815T120000Z-bcb100dcba34,GENERATED
20250427,2025-04-27,27,Sunday,17,4,April,2,2025,True,2026-08-15T12:00:00+00:00,GEN-20260815T120000Z-bcb100dcba34,GENERATED
20250428,2025-04-28,28,Monday,18,4,April,2,2025,False,2026-08-15T12:00:00+00:00,GEN-20260815T120000Z-bcb100dcba34,GENERATED
20250429,2025-04-29,29,Tuesday,18,4,April,2,2025,False,2026-08-15T12:00:00+00:00,GEN-20260815T120000Z-bcb100dcba34,GENERATED
20250430,2025-04-30,30,Wednesday,18,4,April,2,2025,False,2026-08-15T12:00:00+00:00,GEN-20260815T120000Z-bcb100dcba34,GENERATED
20250501,2025-05-01,1,Thursday,18,5,May,2,2025,False,2026-08-15T12:00:00+00:00,GEN-20260815T120000Z-bcb100dcba34,GENERATED
20250502,2025-05-02,2,Friday,18,5,May,2,2025,False,2026-08-15T12:00:00+00:00,GEN-20260815T120000Z-bcb100dcba34,GENERATED
20250503,2025-05-03,3,Saturday,18,5,May,2,2025,True,2026-08-15T12:00:00+00:00,GEN-20260815T120000Z-bcb100dcba34,GENERATED
20250504,2025-05-04,4,Sunday,18,5,May,2,2025,True,2026-08-15T12:00:00+00:00,GEN-20260815T120000Z-bcb100dcba34,GENERATED
20250505,2025-05-05,5,Monday,19,5,May,2,2025,False,2026-08-15T12:00:00+00:00,GEN-20260815T120000Z-bcb100dcba34,GENERATED
20250506,2025-05-06,6,Tuesday,19,5,May,2,2025,False,2026-08-15T12:00:00+00:00,GEN-20260815T120000Z-bcb100dcba34,GENERATED
20250507,2025-05-07,7,Wednesday,19,5,May,2,2025,False,2026-08-15T12:00:00+00:00,GEN-20260815T120000Z-bcb100dcba34,GENERATED
20250508,2025-05-08,8,Thursday,19,5,May,2,2025,False,2026-08-15T12:00:00+00:00,GEN-20260815T120000Z-bcb100dcba34,GENERATED
20250509,2025-05-09,9,Friday,19,5,May,2,2025,False,2026-08-15T12:00:00+00:00,GEN-20260815T120000Z-bcb100dcba34,GENERATED
20250510,2025-05-10,10,Saturday,19,5,May,2,2025,True,2026-08-15T12:00:00+00:00,GEN-20260815T120000Z-bcb100dcba34,GENERATED
20250511,2025-05-11,11,Sunday,19,5,May,2,2025,True,2026-08-15T12:00:00+00:00,GEN-20260815T120000Z-bcb100dcba34,GENERATED
20250512,2025-05-12,12,Monday,20,5,May,2,2025,False,2026-08-15T12:00:00+00:00,GEN-20260815T120000Z-bcb100dcba34,GENERATED
20250513,2025-05-13,13,Tuesday,20,5,May,2,2025,False,2026-08-15T12:00:00+00:00,GEN-20260815T120000Z-bcb100dcba34,GENERATED
20250514,2025-05-14,14,Wednesday,20,5,May,2,2025,False,2026-08-15T12:00:00+00:00,GEN-20260815T120000Z-bcb100dcba34,GENERATED
20250515,2025-05-15,15,Thursday,20,5,May,2,2025,False,2026-08-15T12:00:00+00:00,GEN-20260815T120000Z-bcb100dcba34,GENERATED
20250516,2025-05-16,16,Friday,20,5,May,2,2025,False,2026-08-15T12:00:00+00:00,GEN-20260815T120000Z-bcb100dcba34,GENERATED
20250517,2025-05-17,17,Saturday,20,5,May,2,2025,True,2026-08-15T12:00:00+00:00,GEN-20260815T120000Z-bcb100dcba34,GENERATED
20250518,2025-05-18,18,Sunday,20,5,May,2,2025,True,2026-08-15T12:00:00+00:00,GEN-20260815T120000Z-bcb100dcba34,GENERATED
20250519,2025-05-19,19,Monday,21,5,May,2,2025,False,2026-08-15T12:00:00+00:00,GEN-20260815T120000Z-bcb100dcba34,GENERATED
20250520,2025-05-20,20,Tuesday,21,5,May,2,2025,False,2026-08-15T12:00:00+00:00,GEN-20260815T120000Z-bcb100dcba34,GENERATED
20250521,2025-05-21,21,Wednesday,21,5,May,2,2025,False,2026-08-15T12:00:00+00:00,GEN-20260815T120000Z-bcb100dcba34,GENERATED
20250522,2025-05-22,22,Thursday,21,5,May,2,2025,False,2026-08-15T12:00:00+00:00,GEN-20260815T120000Z-bcb100dcba34,GENERATED
20250523,2025-05-23,23,Friday,21,5,May,2,2025,False,2026-08-15T12:00:00+00:00,GEN-20260815T120000Z-bcb100dcba34,GENERATED
20250524,2025-05-24,24,Saturday,21,5,May,2,2025,True,2026-08-15T12:00:00+00:00,GEN-20260815T120000Z-bcb100dcba34,GENERATED
20250525,2025-05-25,25,Sunday,21,5,May,2,2025,True,2026-08-15T12:00:00+00:00,GEN-20260815T120000Z-bcb100dcba34,GENERATED
20250526,2025-05-26,26,Monday,22,5,May,2,2025,False,2026-08-15T12:00:00+00:00,GEN-20260815T120000Z-bcb100dcba34,GENERATED
20250527,2025-05-27,27,Tuesday,22,5,May,2,2025,False,2026-08-15T12:00:00+00:00,GEN-20260815T120000Z-bcb100dcba34,GENERATED
20250528,2025-05-28,28,Wednesday,22,5,May,2,2025,False,2026-08-15T12:00:00+00:00,GEN-20260815T120000Z-bcb100dcba34,GENERATED
20250529,2025-05-29,29,Thursday,22,5,May,2,2025,False,2026-08-15T12:00:00+00:00,GEN-20260815T120000Z-bcb100dcba34,GENERATED
20250530,2025-05-30,30,Friday,22,5,May,2,2025,False,2026-08-15T12:00:00+00:00,GEN-20260815T120000Z-bcb100dcba34,GENERATED
20250531,2025-05-31,31,Saturday,22,5,May,2,2025,True,2026-08-15T12:00:00+00:00,GEN-20260815T120000Z-bcb100dcba34,GENERATED
20250601,2025-06-01,1,Sunday,22,6,June,2,2025,True,2026-08-15T12:00:00+00:00,GEN-20260815T120000Z-bcb100dcba34,GENERATED
20250602,2025-06-02,2,Monday,23,6,June,2,2025,False,2026-08-15T12:00:00+00:00,GEN-20260815T120000Z-bcb100dcba34,GENERATED
20250603,2025-06-03,3,Tuesday,23,6,June,2,2025,False,2026-08-15T12:00:00+00:00,GEN-20260815T120000Z-bcb100dcba34,GENERATED
20250604,2025-06-04,4,Wednesday,23,6,June,2,2025,False,2026-08-15T12:00:00+00:00,GEN-20260815T120000Z-bcb100dcba34,GENERATED
20250605,2025-06-05,5,Thursday,23,6,June,2,2025,False,2026-08-15T12:00:00+00:00,GEN-20260815T120000Z-bcb100dcba34,GENERATED
20250606,2025-06-06,6,Friday,23,6,June,2,2025,False,2026-08-15T12:00:00+00:00,GEN-20260815T120000Z-bcb100dcba34,GENERATED
20250607,2025-06-07,7,Saturday,23,6,June,2,2025,True,2026-08-15T12:00:00+00:00,GEN-20260815T120000Z-bcb100dcba34,GENERATED
20250608,2025-06-08,8,Sunday,23,6,June,2,2025,True,2026-08-15T12:00:00+00:00,GEN-20260815T120000Z-bcb100dcba34,GENERATED
20250609,2025-06-09,9,Monday,24,6,June,2,2025,False,2026-08-15T12:00:00+00:00,GEN-20260815T120000Z-bcb100dcba34,GENERATED
20250610,2025-06-10,10,Tuesday,24,6,June,2,2025,False,2026-08-15T12:00:00+00:00,GEN-20260815T120000Z-bcb100dcba34,GENERATED
20250611,2025-06-11,11,Wednesday,24,6,June,2,2025,False,2026-08-15T12:00:00+00:00,GEN-20260815T120000Z-bcb100dcba34,GENERATED
20250612,2025-06-12,12,Thursday,24,6,June,2,2025,False,2026-08-15T12:00:00+00:00,GEN-20260815T120000Z-bcb100dcba34,GENERATED
20250613,2025-06-13,13,Friday,24,6,June,2,2025,False,2026-08-15T12:00:00+00:00,GEN-20260815T120000Z-bcb100dcba34,GENERATED
20250614,2025-06-14,14,Saturday,24,6,June,2,2025,True,2026-08-15T12:00:00+00:00,GEN-20260815T120000Z-bcb100dcba34,GENERATED
20250615,2025-06-15,15,Sunday,24,6,June,2,2025,True,2026-08-15T12:00:00+00:00,GEN-20260815T120000Z-bcb100dcba34,GENERATED
20250616,2025-06-16,16,Monday,25,6,June,2,2025,False,2026-08-15T12:00:00+00:00,GEN-20260815T120000Z-bcb100dcba34,GENERATED
20250617,2025-06-17,17,Tuesday,25,6,June,2,2025,False,2026-08-15T12:00:00+00:00,GEN-20260815T120000Z-bcb100dcba34,GENERATED
20250618,2025-06-18,18,Wednesday,25,6,June,2,2025,False,2026-08-15T12:00:00+00:00,GEN-20260815T120000Z-bcb100dcba34,GENERATED
20250619,2025-06-19,19,Thursday,25,6,June,2,2025,False,2026-08-15T12:00:00+00:00,GEN-20260815T120000Z-bcb100dcba34,GENERATED
20250620,2025-06-20,20,Friday,25,6,June,2,2025,False,2026-08-15T12:00:00+00:00,GEN-20260815T120000Z-bcb100dcba34,GENERATED
20250621,2025-06-21,21,Saturday,25,6,June,2,2025,True,2026-08-15T12:00:00+00:00,GEN-20260815T120000Z-bcb100dcba34,GENERATED
20250622,2025-06-22,22,Sunday,25,6,June,2,2025,True,2026-08-15T12:00:00+00:00,GEN-20260815T120000Z-bcb100dcba34,GENERATED
20250623,2025-06-23,23,Monday,26,6,June,2,2025,False,2026-08-15T12:00:00+00:00,GEN-20260815T120000Z-bcb100dcba34,GENERATED
20250624,2025-06-24,24,Tuesday,26,6,June,2,2025,False,2026-08-15T12:00:00+00:00,GEN-20260815T120000Z-bcb100dcba34,GENERATED
20250625,2025-06-25,25,Wednesday,26,6,June,2,2025,False,2026-08-15T12:00:00+00:00,GEN-20260815T120000Z-bcb100dcba34,GENERATED
20250626,2025-06-26,26,Thursday,26,6,June,2,2025,False,2026-08-15T12:00:00+00:00,GEN-20260815T120000Z-bcb100dcba34,GENERATED
20250627,2025-06-27,27,Friday,26,6,June,2,2025,False,2026-08-15T12:00:00+00:00,GEN-20260815T120000Z-bcb100dcba34,GENERATED
20250628,2025-06-28,28,Saturday,26,6,June,2,2025,True,2026-08-15T12:00:00+00:00,GEN-20260815T120000Z-bcb100dcba34,GENERATED
20250629,2025-06-29,29,Sunday,26,6,June,2,2025,True,2026-08-15T12:00:00+00:00,GEN-20260815T120000Z-bcb100dcba34,GENERATED
20250630,2025-06-30,30,Monday,27,6,June,2,2025,False,2026-08-15T12:00:00+00:00,GEN-20260815T120000Z-bcb100dcba34,GENERATED
20250701,2025-07-01,1,Tuesday,27,7,July,3,2025,False,2026-08-15T12:00:00+00:00,GEN-20260815T120000Z-bcb100dcba34,GENERATED
20250702,2025-07-02,2,Wednesday,27,7,July,3,2025,False,2026-08-15T12:00:00+00:00,GEN-20260815T120000Z-bcb100dcba34,GENERATED
20250703,2025-07-03,3,Thursday,27,7,July,3,2025,False,2026-08-15T12:00:00+00:00,GEN-20260815T120000Z-bcb100dcba34,GENERATED
20250704,2025-07-04,4,Friday,27,7,July,3,2025,False,2026-08-15T12:00:00+00:00,GEN-20260815T120000Z-bcb100dcba34,GENERATED
20250705,2025-07-05,5,Saturday,27,7,July,3,2025,True,2026-08-15T12:00:00+00:00,GEN-20260815T120000Z-bcb100dcba34,GENERATED
20250706,2025-07-06,6,Sunday,27,7,July,3,2025,True,2026-08-15T12:00:00+00:00,GEN-20260815T120000Z-bcb100dcba34,GENERATED
20250707,2025-07-07,7,Monday,28,7,July,3,2025,False,2026-08-15T12:00:00+00:00,GEN-20260815T120000Z-bcb100dcba34,GENERATED
20250708,2025-07-08,8,Tuesday,28,7,July,3,2025,False,2026-08-15T12:00:00+00:00,GEN-20260815T120000Z-bcb100dcba34,GENERATED
20250709,2025-07-09,9,Wednesday,28,7,July,3,2025,False,2026-08-15T12:00:00+00:00,GEN-20260815T120000Z-bcb100dcba34,GENERATED
20250710,2025-07-10,10,Thursday,28,7,July,3,2025,False,2026-08-15T12:00:00+00:00,GEN-20260815T120000Z-bcb100dcba34,GENERATED
20250711,2025-07-11,11,Friday,28,7,July,3,2025,False,2026-08-15T12:00:00+00:00,GEN-20260815T120000Z-bcb100dcba34,GENERATED
20250712,2025-07-12,12,Saturday,28,7,July,3,2025,True,2026-08-15T12:00:00+00:00,GEN-20260815T120000Z-bcb100dcba34,GENERATED
20250713,2025-07-13,13,Sunday,28,7,July,3,2025,True,2026-08-15T12:00:00+00:00,GEN-20260815T120000Z-bcb100dcba34,GENERATED
20250714,2025-07-14,14,Monday,29,7,July,3,2025,False,2026-08-15T12:00:00+00:00,GEN-20260815T120000Z-bcb100dcba34,GENERATED
20250715,2025-07-15,15,Tuesday,29,7,July,3,2025,False,2026-08-15T12:00:00+00:00,GEN-20260815T120000Z-bcb100dcba34,GENERATED
20250716,2025-07-16,16,Wednesday,29,7,July,3,2025,False,2026-08-15T12:00:00+00:00,GEN-20260815T120000Z-bcb100dcba34,GENERATED
20250717,2025-07-17,17,Thursday,29,7,July,3,2025,False,2026-08-15T12:00:00+00:00,GEN-20260815T120000Z-bcb100dcba34,GENERATED
20250718,2025-07-18,18,Friday,29,7,July,3,2025,False,2026-08-15T12:00:00+00:00,GEN-20260815T120000Z-bcb100dcba34,GENERATED
20250719,2025-07-19,19,Saturday,29,7,July,3,2025,True,2026-08-15T12:00:00+00:00,GEN-20260815T120000Z-bcb100dcba34,GENERATED
20250720,2025-07-20,20,Sunday,29,7,July,3,2025,True,2026-08-15T12:00:00+00:00,GEN-20260815T120000Z-bcb100dcba34,GENERATED
20250721,2025-07-21,21,Monday,30,7,July,3,2025,False,2026-08-15T12:00:00+00:00,GEN-20260815T120000Z-bcb100dcba34,GENERATED
20250722,2025-07-22,22,Tuesday,30,7,July,3,2025,False,2026-08-15T12:00:00+00:00,GEN-20260815T120000Z-bcb100dcba34,GENERATED
20250723,2025-07-23,23,Wednesday,30,7,July,3,2025,False,2026-08-15T12:00:00+00:00,GEN-20260815T120000Z-bcb100dcba34,GENERATED
20250724,2025-07-24,24,Thursday,30,7,July,3,2025,False,2026-08-15T12:00:00+00:00,GEN-20260815T120000Z-bcb100dcba34,GENERATED
20250725,2025-07-25,25,Friday,30,7,July,3,2025,False,2026-08-15T12:00:00+00:00,GEN-20260815T120000Z-bcb100dcba34,GENERATED
20250726,2025-07-26,26,Saturday,30,7,July,3,2025,True,2026-08-15T12:00:00+00:00,GEN-20260815T120000Z-bcb100dcba34,GENERATED
20250727,2025-07-27,27,Sunday,30,7,July,3,2025,True,2026-08-15T12:00:00+00:00,GEN-20260815T120000Z-bcb100dcba34,GENERATED
20250728,2025-07-28,28,Monday,31,7,July,3,2025,False,2026-08-15T12:00:00+00:00,GEN-20260815T120000Z-bcb100dcba34,GENERATED
20250729,2025-07-29,29,Tuesday,31,7,July,3,2025,False,2026-08-15T12:00:00+00:00,GEN-20260815T120000Z-bcb100dcba34,GENERATED
20250730,2025-07-30,30,Wednesday,31,7,July,3,2025,False,2026-08-15T12:00:00+00:00,GEN-20260815T120000Z-bcb100dcba34,GENERATED
20250731,2025-07-31,31,Thursday,31,7,July,3,2025,False,2026-08-15T12:00:00+00:00,GEN-20260815T120000Z-bcb100dcba34,GENERATED
20250801,2025-08-01,1,Friday,31,8,August,3,2025,False,2026-08-15T12:00:00+00:00,GEN-20260815T120000Z-bcb100dcba34,GENERATED
20250802,2025-08-02,2,Saturday,31,8,August,3,2025,True,2026-08-15T12:00:00+00:00,GEN-20260815T120000Z-bcb100dcba34,GENERATED
20250803,2025-08-03,3,Sunday,31,8,August,3,2025,True,2026-08-15T12:00:00+00:00,GEN-20260815T120000Z-bcb100dcba34,GENERATED
20250804,2025-08-04,4,Monday,32,8,August,3,2025,False,2026-08-15T12:00:00+00:00,GEN-20260815T120000Z-bcb100dcba34,GENERATED
20250805,2025-08-05,5,Tuesday,32,8,August,3,2025,False,2026-08-15T12:00:00+00:00,GEN-20260815T120000Z-bcb100dcba34,GENERATED
20250806,2025-08-06,6,Wednesday,32,8,August,3,2025,False,2026-08-15T12:00:00+00:00,GEN-20260815T120000Z-bcb100dcba34,GENERATED
20250807,2025-08-07,7,Thursday,32,8,August,3,2025,False,2026-08-15T12:00:00+00:00,GEN-20260815T120000Z-bcb100dcba34,GENERATED
20250808,2025-08-08,8,Friday,32,8,August,3,2025,False,2026-08-15T12:00:00+00:00,GEN-20260815T120000Z-bcb100dcba34,GENERATED
20250809,2025-08-09,9,Saturday,32,8,August,3,2025,True,2026-08-15T12:00:00+00:00,GEN-20260815T120000Z-bcb100dcba34,GENERATED
20250810,2025-08-10,10,Sunday,32,8,August,3,2025,True,2026-08-15T12:00:00+00:00,GEN-20260815T120000Z-bcb100dcba34,GENERATED
20250811,2025-08-11,11,Monday,33,8,August,3,2025,False,2026-08-15T12:00:00+00:00,GEN-20260815T120000Z-bcb100dcba34,GENERATED
20250812,2025-08-12,12,Tuesday,33,8,August,3,2025,False,2026-08-15T12:00:00+00:00,GEN-20260815T120000Z-bcb100dcba34,GENERATED
20250813,2025-08-13,13,Wednesday,33,8,August,3,2025,False,2026-08-15T12:00:00+00:00,GEN-20260815T120000Z-bcb100dcba34,GENERATED
20250814,2025-08-14,14,Thursday,33,8,August,3,2025,False,2026-08-15T12:00:00+00:00,GEN-20260815T120000Z-bcb100dcba34,GENERATED
20250815,2025-08-15,15,Friday,33,8,August,3,2025,False,2026-08-15T12:00:00+00:00,GEN-20260815T120000Z-bcb100dcba34,GENERATED
20250816,2025-08-16,16,Saturday,33,8,August,3,2025,True,2026-08-15T12:00:00+00:00,GEN-20260815T120000Z-bcb100dcba34,GENERATED
20250817,2025-08-17,17,Sunday,33,8,August,3,2025,True,2026-08-15T12:00:00+00:00,GEN-20260815T120000Z-bcb100dcba34,GENERATED
20250818,2025-08-18,18,Monday,34,8,August,3,2025,False,2026-08-15T12:00:00+00:00,GEN-20260815T120000Z-bcb100dcba34,GENERATED
20250819,2025-08-19,19,Tuesday,34,8,August,3,2025,False,2026-08-15T12:00:00+00:00,GEN-20260815T120000Z-bcb100dcba34,GENERATED
20250820,2025-08-20,20,Wednesday,34,8,August,3,2025,False,2026-08-15T12:00:00+00:00,GEN-20260815T120000Z-bcb100dcba34,GENERATED
20250821,2025-08-21,21,Thursday,34,8,August,3,2025,False,2026-08-15T12:00:00+00:00,GEN-20260815T120000Z-bcb100dcba34,GENERATED
20250822,2025-08-22,22,Friday,34,8,August,3,2025,False,2026-08-15T12:00:00+00:00,GEN-20260815T120000Z-bcb100dcba34,GENERATED
20250823,2025-08-23,23,Saturday,34,8,August,3,2025,True,2026-08-15T12:00:00+00:00,GEN-20260815T120000Z-bcb100dcba34,GENERATED
20250824,2025-08-24,24,Sunday,34,8,August,3,2025,True,2026-08-15T12:00:00+00:00,GEN-20260815T120000Z-bcb100dcba34,GENERATED
20250825,2025-08-25,25,Monday,35,8,August,3,2025,False,2026-08-15T12:00:00+00:00,GEN-20260815T120000Z-bcb100dcba34,GENERATED
20250826,2025-08-26,26,Tuesday,35,8,August,3,2025,False,2026-08-15T12:00:00+00:00,GEN-20260815T120000Z-bcb100dcba34,GENERATED
20250827,2025-08-27,27,Wednesday,35,8,August,3,2025,False,2026-08-15T12:00:00+00:00,GEN-20260815T120000Z-bcb100dcba34,GENERATED
20250828,2025-08-28,28,Thursday,35,8,August,3,2025,False,2026-08-15T12:00:00+00:00,GEN-20260815T120000Z-bcb100dcba34,GENERATED
20250829,2025-08-29,29,Friday,35,8,August,3,2025,False,2026-08-15T12:00:00+00:00,GEN-20260815T120000Z-bcb100dcba34,GENERATED
20250830,2025-08-30,30,Saturday,35,8,August,3,2025,True,2026-08-15T12:00:00+00:00,GEN-20260815T120000Z-bcb100dcba34,GENERATED
20250831,2025-08-31,31,Sunday,35,8,August,3,2025,True,2026-08-15T12:00:00+00:00,GEN-20260815T120000Z-bcb100dcba34,GENERATED
20250901,2025-09-01,1,Monday,36,9,September,3,2025,False,2026-08-15T12:00:00+00:00,GEN-20260815T120000Z-bcb100dcba34,GENERATED
20250902,2025-09-02,2,Tuesday,36,9,September,3,2025,False,2026-08-15T12:00:00+00:00,GEN-20260815T120000Z-bcb100dcba34,GENERATED
20250903,2025-09-03,3,Wednesday,36,9,September,3,2025,False,2026-08-15T12:00:00+00:00,GEN-20260815T120000Z-bcb100dcba34,GENERATED
20250904,2025-09-04,4,Thursday,36,9,September,3,2025,False,2026-08-15T12:00:00+00:00,GEN-20260815T120000Z-bcb100dcba34,GENERATED
20250905,2025-09-05,5,Friday,36,9,September,3,2025,False,2026-08-15T12:00:00+00:00,GEN-20260815T120000Z-bcb100dcba34,GENERATED
20250906,2025-09-06,6,Saturday,36,9,September,3,2025,True,2026-08-15T12:00:00+00:00,GEN-20260815T120000Z-bcb100dcba34,GENERATED
20250907,2025-09-07,7,Sunday,36,9,September,3,2025,True,2026-08-15T12:00:00+00:00,GEN-20260815T120000Z-bcb100dcba34,GENERATED
20250908,2025-09-08,8,Monday,37,9,September,3,2025,False,2026-08-15T12:00:00+00:00,GEN-20260815T120000Z-bcb100dcba34,GENERATED
20250909,2025-09-09,9,Tuesday,37,9,September,3,2025,False,2026-08-15T12:00:00+00:00,GEN-20260815T120000Z-bcb100dcba34,GENERATED
20250910,2025-09-10,10,Wednesday,37,9,September,3,2025,False,2026-08-15T12:00:00+00:00,GEN-20260815T120000Z-bcb100dcba34,GENERATED
20250911,2025-09-11,11,Thursday,37,9,September,3,2025,False,2026-08-15T12:00:00+00:00,GEN-20260815T120000Z-bcb100dcba34,GENERATED
20250912,2025-09-12,12,Friday,37,9,September,3,2025,False,2026-08-15T12:00:00+00:00,GEN-20260815T120000Z-bcb100dcba34,GENERATED
20250913,2025-09-13,13,Saturday,37,9,September,3,2025,True,2026-08-15T12:00:00+00:00,GEN-20260815T120000Z-bcb100dcba34,GENERATED
20250914,2025-09-14,14,Sunday,37,9,September,3,2025,True,2026-08-15T12:00:00+00:00,GEN-20260815T120000Z-bcb100dcba34,GENERATED
20250915,2025-09-15,15,Monday,38,9,September,3,2025,False,2026-08-15T12:00:00+00:00,GEN-20260815T120000Z-bcb100dcba34,GENERATED
20250916,2025-09-16,16,Tuesday,38,9,September,3,2025,False,2026-08-15T12:00:00+00:00,GEN-20260815T120000Z-bcb100dcba34,GENERATED
20250917,2025-09-17,17,Wednesday,38,9,September,3,2025,False,2026-08-15T12:00:00+00:00,GEN-20260815T120000Z-bcb100dcba34,GENERATED
20250918,2025-09-18,18,Thursday,38,9,September,3,2025,False,2026-08-15T12:00:00+00:00,GEN-20260815T120000Z-bcb100dcba34,GENERATED
20250919,2025-09-19,19,Friday,38,9,September,3,2025,False,2026-08-15T12:00:00+00:00,GEN-20260815T120000Z-bcb100dcba34,GENERATED
20250920,2025-09-20,20,Saturday,38,9,September,3,2025,True,2026-08-15T12:00:00+00:00,GEN-20260815T120000Z-bcb100dcba34,GENERATED
20250921,2025-09-21,21,Sunday,38,9,September,3,2025,True,2026-08-15T12:00:00+00:00,GEN-20260815T120000Z-bcb100dcba34,GENERATED
20250922,2025-09-22,22,Monday,39,9,September,3,2025,False,2026-08-15T12:00:00+00:00,GEN-20260815T120000Z-bcb100dcba34,GENERATED
20250923,2025-09-23,23,Tuesday,39,9,September,3,2025,False,2026-08-15T12:00:00+00:00,GEN-20260815T120000Z-bcb100dcba34,GENERATED
20250924,2025-09-24,24,Wednesday,39,9,September,3,2025,False,2026-08-15T12:00:00+00:00,GEN-20260815T120000Z-bcb100dcba34,GENERATED
20250925,2025-09-25,25,Thursday,39,9,September,3,2025,False,2026-08-15T12:00:00+00:00,GEN-20260815T120000Z-bcb100dcba34,GENERATED
20250926,2025-09-26,26,Friday,39,9,September,3,2025,False,2026-08-15T12:00:00+00:00,GEN-20260815T120000Z-bcb100dcba34,GENERATED
20250927,2025-09-27,27,Saturday,39,9,September,3,2025,True,2026-08-15T12:00:00+00:00,GEN-20260815T120000Z-bcb100dcba34,GENERATED
20250928,2025-09-28,28,Sunday,39,9,September,3,2025,True,2026-08-15T12:00:00+00:00,GEN-20260815T120000Z-bcb100dcba34,GENERATED
20250929,2025-09-29,29,Monday,40,9,September,3,2025,False,2026-08-15T12:00:00+00:00,GEN-20260815T120000Z-bcb100dcba34,GENERATED
20250930,2025-09-30,30,Tuesday,40,9,September,3,2025,False,2026-08-15T12:00:00+00:00,GEN-20260815T120000Z-bcb100dcba34,GENERATED
20251001,2025-10-01,1,Wednesday,40,10,October,4,2025,False,2026-08-15T12:00:00+00:00,GEN-20260815T120000Z-bcb100dcba34,GENERATED
20251002,2025-10-02,2,Thursday,40,10,October,4,2025,False,2026-08-15T12:00:00+00:00,GEN-20260815T120000Z-bcb100dcba34,GENERATED
20251003,2025-10-03,3,Friday,40,10,October,4,2025,False,2026-08-15T12:00:00+00:00,GEN-20260815T120000Z-bcb100dcba34,GENERATED
20251004,2025-10-04,4,Saturday,40,10,October,4,2025,True,2026-08-15T12:00:00+00:00,GEN-20260815T120000Z-bcb100dcba34,GENERATED
20251005,2025-10-05,5,Sunday,40,10,October,4,2025,True,2026-08-15T12:00:00+00:00,GEN-20260815T120000Z-bcb100dcba34,GENERATED
20251006,2025-10-06,6,Monday,41,10,October,4,2025,False,2026-08-15T12:00:00+00:00,GEN-20260815T120000Z-bcb100dcba34,GENERATED
20251007,2025-10-07,7,Tuesday,41,10,October,4,2025,False,2026-08-15T12:00:00+00:00,GEN-20260815T120000Z-bcb100dcba34,GENERATED
20251008,2025-10-08,8,Wednesday,41,10,October,4,2025,False,2026-08-15T12:00:00+00:00,GEN-20260815T120000Z-bcb100dcba34,GENERATED
20251009,2025-10-09,9,Thursday,41,10,October,4,2025,False,2026-08-15T12:00:00+00:00,GEN-20260815T120000Z-bcb100dcba34,GENERATED
20251010,2025-10-10,10,Friday,41,10,October,4,2025,False,2026-08-15T12:00:00+00:00,GEN-20260815T120000Z-bcb100dcba34,GENERATED
20251011,2025-10-11,11,Saturday,41,10,October,4,2025,True,2026-08-15T12:00:00+00:00,GEN-20260815T120000Z-bcb100dcba34,GENERATED
20251012,2025-10-12,12,Sunday,41,10,October,4,2025,True,2026-08-15T12:00:00+00:00,GEN-20260815T120000Z-bcb100dcba34,GENERATED
20251013,2025-10-13,13,Monday,42,10,October,4,2025,False,2026-08-15T12:00:00+00:00,GEN-20260815T120000Z-bcb100dcba34,GENERATED
20251014,2025-10-14,14,Tuesday,42,10,October,4,2025,False,2026-08-15T12:00:00+00:00,GEN-20260815T120000Z-bcb100dcba34,GENERATED
20251015,2025-10-15,15,Wednesday,42,10,October,4,2025,False,2026-08-15T12:00:00+00:00,GEN-20260815T120000Z-bcb100dcba34,GENERATED
20251016,2025-10-16,16,Thursday,42,10,October,4,2025,False,2026-08-15T12:00:00+00:00,GEN-20260815T120000Z-bcb100dcba34,GENERATED
20251017,2025-10-17,17,Friday,42,10,October,4,2025,False,2026-08-15T12:00:00+00:00,GEN-20260815T120000Z-bcb100dcba34,GENERATED
20251018,2025-10-18,18,Saturday,42,10,October,4,2025,True,2026-08-15T12:00:00+00:00,GEN-20260815T120000Z-bcb100dcba34,GENERATED
20251019,2025-10-19,19,Sunday,42,10,October,4,2025,True,2026-08-15T12:00:00+00:00,GEN-20260815T120000Z-bcb100dcba34,GENERATED
20251020,2025-10-20,20,Monday,43,10,October,4,2025,False,2026-08-15T12:00:00+00:00,GEN-20260815T120000Z-bcb100dcba34,GENERATED
20251021,2025-10-21,21,Tuesday,43,10,October,4,2025,False,2026-08-15T12:00:00+00:00,GEN-20260815T120000Z-bcb100dcba34,GENERATED
20251022,2025-10-22,22,Wednesday,43,10,October,4,2025,False,2026-08-15T12:00:00+00:00,GEN-20260815T120000Z-bcb100dcba34,GENERATED
20251023,2025-10-23,23,Thursday,43,10,October,4,2025,False,2026-08-15T12:00:00+00:00,GEN-20260815T120000Z-bcb100dcba34,GENERATED
20251024,2025-10-24,24,Friday,43,10,October,4,2025,False,2026-08-15T12:00:00+00:00,GEN-20260815T120000Z-bcb100dcba34,GENERATED
20251025,2025-10-25,25,Saturday,43,10,October,4,2025,True,2026-08-15T12:00:00+00:00,GEN-20260815T120000Z-bcb100dcba34,GENERATED
20251026,2025-10-26,26,Sunday,43,10,October,4,2025,True,2026-08-15T12:00:00+00:00,GEN-20260815T120000Z-bcb100dcba34,GENERATED
20251027,2025-10-27,27,Monday,44,10,October,4,2025,False,2026-08-15T12:00:00+00:00,GEN-20260815T120000Z-bcb100dcba34,GENERATED
20251028,2025-10-28,28,Tuesday,44,10,October,4,2025,False,2026-08-15T12:00:00+00:00,GEN-20260815T120000Z-bcb100dcba34,GENERATED
20251029,2025-10-29,29,Wednesday,44,10,October,4,2025,False,2026-08-15T12:00:00+00:00,GEN-20260815T120000Z-bcb100dcba34,GENERATED
20251030,2025-10-30,30,Thursday,44,10,October,4,2025,False,2026-08-15T12:00:00+00:00,GEN-20260815T120000Z-bcb100dcba34,GENERATED
20251031,2025-10-31,31,Friday,44,10,October,4,2025,False,2026-08-15T12:00:00+00:00,GEN-20260815T120000Z-bcb100dcba34,GENERATED
20251101,2025-11-01,1,Saturday,44,11,November,4,2025,True,2026-08-15T12:00:00+00:00,GEN-20260815T120000Z-bcb100dcba34,GENERATED
20251102,2025-11-02,2,Sunday,44,11,November,4,2025,True,2026-08-15T12:00:00+00:00,GEN-20260815T120000Z-bcb100dcba34,GENERATED
20251103,2025-11-03,3,Monday,45,11,November,4,2025,False,2026-08-15T12:00:00+00:00,GEN-20260815T120000Z-bcb100dcba34,GENERATED
20251104,2025-11-04,4,Tuesday,45,11,November,4,2025,False,2026-08-15T12:00:00+00:00,GEN-20260815T120000Z-bcb100dcba34,GENERATED
20251105,2025-11-05,5,Wednesday,45,11,November,4,2025,False,2026-08-15T12:00:00+00:00,GEN-20260815T120000Z-bcb100dcba34,GENERATED
20251106,2025-11-06,6,Thursday,45,11,November,4,2025,False,2026-08-15T12:00:00+00:00,GEN-20260815T120000Z-bcb100dcba34,GENERATED
20251107,2025-11-07,7,Friday,45,11,November,4,2025,False,2026-08-15T12:00:00+00:00,GEN-20260815T120000Z-bcb100dcba34,GENERATED
20251108,2025-11-08,8,Saturday,45,11,November,4,2025,True,2026-08-15T12:00:00+00:00,GEN-20260815T120000Z-bcb100dcba34,GENERATED
20251109,2025-11-09,9,Sunday,45,11,November,4,2025,True,2026-08-15T12:00:00+00:00,GEN-20260815T120000Z-bcb100dcba34,GENERATED
20251110,2025-11-10,10,Monday,46,11,November,4,2025,False,2026-08-15T12:00:00+00:00,GEN-20260815T120000Z-bcb100dcba34,GENERATED
20251111,2025-11-11,11,Tuesday,46,11,November,4,2025,False,2026-08-15T12:00:00+00:00,GEN-20260815T120000Z-bcb100dcba34,GENERATED
20251112,2025-11-12,12,Wednesday,46,11,November,4,2025,False,2026-08-15T12:00:00+00:00,GEN-20260815T120000Z-bcb100dcba34,GENERATED
20251113,2025-11-13,13,Thursday,46,11,November,4,2025,False,2026-08-15T12:00:00+00:00,GEN-20260815T120000Z-bcb100dcba34,GENERATED
20251114,2025-11-14,14,Friday,46,11,November,4,2025,False,2026-08-15T12:00:00+00:00,GEN-20260815T120000Z-bcb100dcba34,GENERATED
20251115,2025-11-15,15,Saturday,46,11,November,4,2025,True,2026-08-15T12:00:00+00:00,GEN-20260815T120000Z-bcb100dcba34,GENERATED
20251116,2025-11-16,16,Sunday,46,11,November,4,2025,True,2026-08-15T12:00:00+00:00,GEN-20260815T120000Z-bcb100dcba34,GENERATED
20251117,2025-11-17,17,Monday,47,11,November,4,2025,False,2026-08-15T12:00:00+00:00,GEN-20260815T120000Z-bcb100dcba34,GENERATED
20251118,2025-11-18,18,Tuesday,47,11,November,4,2025,False,2026-08-15T12:00:00+00:00,GEN-20260815T120000Z-bcb100dcba34,GENERATED
20251119,2025-11-19,19,Wednesday,47,11,November,4,2025,False,2026-08-15T12:00:00+00:00,GEN-20260815T120000Z-bcb100dcba34,GENERATED
20251120,2025-11-20,20,Thursday,47,11,November,4,2025,False,2026-08-15T12:00:00+00:00,GEN-20260815T120000Z-bcb100dcba34,GENERATED
20251121,2025-11-21,21,Friday,47,11,November,4,2025,False,2026-08-15T12:00:00+00:00,GEN-20260815T120000Z-bcb100dcba34,GENERATED
20251122,2025-11-22,22,Saturday,47,11,November,4,2025,True,2026-08-15T12:00:00+00:00,GEN-20260815T120000Z-bcb100dcba34,GENERATED
20251123,2025-11-23,23,Sunday,47,11,November,4,2025,True,2026-08-15T12:00:00+00:00,GEN-20260815T120000Z-bcb100dcba34,GENERATED
20251124,2025-11-24,24,Monday,48,11,November,4,2025,False,2026-08-15T12:00:00+00:00,GEN-20260815T120000Z-bcb100dcba34,GENERATED
20251125,2025-11-25,25,Tuesday,48,11,November,4,2025,False,2026-08-15T12:00:00+00:00,GEN-20260815T120000Z-bcb100dcba34,GENERATED
20251126,2025-11-26,26,Wednesday,48,11,November,4,2025,False,2026-08-15T12:00:00+00:00,GEN-20260815T120000Z-bcb100dcba34,GENERATED
20251127,2025-11-27,27,Thursday,48,11,November,4,2025,False,2026-08-15T12:00:00+00:00,GEN-20260815T120000Z-bcb100dcba34,GENERATED
20251128,2025-11-28,28,Friday,48,11,November,4,2025,False,2026-08-15T12:00:00+00:00,GEN-20260815T120000Z-bcb100dcba34,GENERATED
20251129,2025-11-29,29,Saturday,48,11,November,4,2025,True,2026-08-15T12:00:00+00:00,GEN-20260815T120000Z-bcb100dcba34,GENERATED
20251130,2025-11-30,30,Sunday,48,11,November,4,2025,True,2026-08-15T12:00:00+00:00,GEN-20260815T120000Z-bcb100dcba34,GENERATED
20251201,2025-12-01,1,Monday,49,12,December,4,2025,False,2026-08-15T12:00:00+00:00,GEN-20260815T120000Z-bcb100dcba34,GENERATED
20251202,2025-12-02,2,Tuesday,49,12,December,4,2025,False,2026-08-15T12:00:00+00:00,GEN-20260815T120000Z-bcb100dcba34,GENERATED
20251203,2025-12-03,3,Wednesday,49,12,December,4,2025,False,2026-08-15T12:00:00+00:00,GEN-20260815T120000Z-bcb100dcba34,GENERATED
20251204,2025-12-04,4,Thursday,49,12,December,4,2025,False,2026-08-15T12:00:00+00:00,GEN-20260815T120000Z-bcb100dcba34,GENERATED
20251205,2025-12-05,5,Friday,49,12,December,4,2025,False,2026-08-15T12:00:00+00:00,GEN-20260815T120000Z-bcb100dcba34,GENERATED
20251206,2025-12-06,6,Saturday,49,12,December,4,2025,True,2026-08-15T12:00:00+00:00,GEN-20260815T120000Z-bcb100dcba34,GENERATED
20251207,2025-12-07,7,Sunday,49,12,December,4,2025,True,2026-08-15T12:00:00+00:00,GEN-20260815T120000Z-bcb100dcba34,GENERATED
20251208,2025-12-08,8,Monday,50,12,December,4,2025,False,2026-08-15T12:00:00+00:00,GEN-20260815T120000Z-bcb100dcba34,GENERATED
20251209,2025-12-09,9,Tuesday,50,12,December,4,2025,False,2026-08-15T12:00:00+00:00,GEN-20260815T120000Z-bcb100dcba34,GENERATED
20251210,2025-12-10,10,Wednesday,50,12,December,4,2025,False,2026-08-15T12:00:00+00:00,GEN-20260815T120000Z-bcb100dcba34,GENERATED
20251211,2025-12-11,11,Thursday,50,12,December,4,2025,False,2026-08-15T12:00:00+00:00,GEN-20260815T120000Z-bcb100dcba34,GENERATED
20251212,2025-12-12,12,Friday,50,12,December,4,2025,False,2026-08-15T12:00:00+00:00,GEN-20260815T120000Z-bcb100dcba34,GENERATED
20251213,2025-12-13,13,Saturday,50,12,December,4,2025,True,2026-08-15T12:00:00+00:00,GEN-20260815T120000Z-bcb100dcba34,GENERATED
20251214,2025-12-14,14,Sunday,50,12,December,4,2025,True,2026-08-15T12:00:00+00:00,GEN-20260815T120000Z-bcb100dcba34,GENERATED
20251215,2025-12-15,15,Monday,51,12,December,4,2025,False,2026-08-15T12:00:00+00:00,GEN-20260815T120000Z-bcb100dcba34,GENERATED
20251216,2025-12-16,16,Tuesday,51,12,December,4,2025,False,2026-08-15T12:00:00+00:00,GEN-20260815T120000Z-bcb100dcba34,GENERATED
20251217,2025-12-17,17,Wednesday,51,12,December,4,2025,False,2026-08-15T12:00:00+00:00,GEN-20260815T120000Z-bcb100dcba34,GENERATED
20251218,2025-12-18,18,Thursday,51,12,December,4,2025,False,2026-08-15T12:00:00+00:00,GEN-20260815T120000Z-bcb100dcba34,GENERATED
20251219,2025-12-19,19,Friday,51,12,December,4,2025,False,2026-08-15T12:00:00+00:00,GEN-20260815T120000Z-bcb100dcba34,GENERATED
20251220,2025-12-20,20,Saturday,51,12,December,4,2025,True,2026-08-15T12:00:00+00:00,GEN-20260815T120000Z-bcb100dcba34,GENERATED
20251221,2025-12-21,21,Sunday,51,12,December,4,2025,True,2026-08-15T12:00:00+00:00,GEN-20260815T120000Z-bcb100dcba34,GENERATED
20251222,2025-12-22,22,Monday,52,12,December,4,2025,False,2026-08-15T12:00:00+00:00,GEN-20260815T120000Z-bcb100dcba34,GENERATED
20251223,2025-12-23,23,Tuesday,52,12,December,4,2025,False,2026-08-15T12:00:00+00:00,GEN-20260815T120000Z-bcb100dcba34,GENERATED
20251224,2025-12-24,24,Wednesday,52,12,December,4,2025,False,2026-08-15T12:00:00+00:00,GEN-20260815T120000Z-bcb100dcba34,GENERATED
20251225,2025-12-25,25,Thursday,52,12,December,4,2025,False,2026-08-15T12:00:00+00:00,GEN-20260815T120000Z-bcb100dcba34,GENERATED
20251226,2025-12-26,26,Friday,52,12,December,4,2025,False,2026-08-15T12:00:00+00:00,GEN-20260815T120000Z-bcb100dcba34,GENERATED
20251227,2025-12-27,27,Saturday,52,12,December,4,2025,True,2026-08-15T12:00:00+00:00,GEN-20260815T120000Z-bcb100dcba34,GENERATED
20251228,2025-12-28,28,Sunday,52,12,December,4,2025,True,2026-08-15T12:00:00+00:00,GEN-20260815T120000Z-bcb100dcba34,GENERATED
20251229,2025-12-29,29,Monday,1,12,December,4,2025,False,2026-08-15T12:00:00+00:00,GEN-20260815T120000Z-bcb100dcba34,GENERATED
20251230,2025-12-30,30,Tuesday,1,12,December,4,2025,False,2026-08-15T12:00:00+00:00,GEN-20260815T120000Z-bcb100dcba34,GENERATED
20251231,2025-12-31,31,Wednesday,1,12,December,4,2025,False,2026-08-15T12:00:00+00:00,GEN-20260815T120000Z-bcb100dcba34,GENERATED
20260101,2026-01-01,1,Thursday,1,1,January,1,2026,False,2026-08-15T12:00:00+00:00,GEN-20260815T120000Z-bcb100dcba34,GENERATED
20260102,2026-01-02,2,Friday,1,1,January,1,2026,False,2026-08-15T12:00:00+00:00,GEN-20260815T120000Z-bcb100dcba34,GENERATED
20260103,2026-01-03,3,Saturday,1,1,January,1,2026,True,2026-08-15T12:00:00+00:00,GEN-20260815T120000Z-bcb100dcba34,GENERATED
20260104,2026-01-04,4,Sunday,1,1,January,1,2026,True,2026-08-15T12:00:00+00:00,GEN-20260815T120000Z-bcb100dcba34,GENERATED
20260105,2026-01-05,5,Monday,2,1,January,1,2026,False,2026-08-15T12:00:00+00:00,GEN-20260815T120000Z-bcb100dcba34,GENERATED
20260106,2026-01-06,6,Tuesday,2,1,January,1,2026,False,2026-08-15T12:00:00+00:00,GEN-20260815T120000Z-bcb100dcba34,GENERATED
20260107,2026-01-07,7,Wednesday,2,1,January,1,2026,False,2026-08-15T12:00:00+00:00,GEN-20260815T120000Z-bcb100dcba34,GENERATED
20260108,2026-01-08,8,Thursday,2,1,January,1,2026,False,2026-08-15T12:00:00+00:00,GEN-20260815T120000Z-bcb100dcba34,GENERATED
20260109,2026-01-09,9,Friday,2,1,January,1,2026,False,2026-08-15T12:00:00+00:00,GEN-20260815T120000Z-bcb100dcba34,GENERATED
20260110,2026-01-10,10,Saturday,2,1,January,1,2026,True,2026-08-15T12:00:00+00:00,GEN-20260815T120000Z-bcb100dcba34,GENERATED
20260111,2026-01-11,11,Sunday,2,1,January,1,2026,True,2026-08-15T12:00:00+00:00,GEN-20260815T120000Z-bcb100dcba34,GENERATED
20260112,2026-01-12,12,Monday,3,1,January,1,2026,False,2026-08-15T12:00:00+00:00,GEN-20260815T120000Z-bcb100dcba34,GENERATED
20260113,2026-01-13,13,Tuesday,3,1,January,1,2026,False,2026-08-15T12:00:00+00:00,GEN-20260815T120000Z-bcb100dcba34,GENERATED
20260114,2026-01-14,14,Wednesday,3,1,January,1,2026,False,2026-08-15T12:00:00+00:00,GEN-20260815T120000Z-bcb100dcba34,GENERATED
20260115,2026-01-15,15,Thursday,3,1,January,1,2026,False,2026-08-15T12:00:00+00:00,GEN-20260815T120000Z-bcb100dcba34,GENERATED
20260116,2026-01-16,16,Friday,3,1,January,1,2026,False,2026-08-15T12:00:00+00:00,GEN-20260815T120000Z-bcb100dcba34,GENERATED
20260117,2026-01-17,17,Saturday,3,1,January,1,2026,True,2026-08-15T12:00:00+00:00,GEN-20260815T120000Z-bcb100dcba34,GENERATED
20260118,2026-01-18,18,Sunday,3,1,January,1,2026,True,2026-08-15T12:00:00+00:00,GEN-20260815T120000Z-bcb100dcba34,GENERATED
20260119,2026-01-19,19,Monday,4,1,January,1,2026,False,2026-08-15T12:00:00+00:00,GEN-20260815T120000Z-bcb100dcba34,GENERATED
20260120,2026-01-20,20,Tuesday,4,1,January,1,2026,False,2026-08-15T12:00:00+00:00,GEN-20260815T120000Z-bcb100dcba34,GENERATED
20260121,2026-01-21,21,Wednesday,4,1,January,1,2026,False,2026-08-15T12:00:00+00:00,GEN-20260815T120000Z-bcb100dcba34,GENERATED
20260122,2026-01-22,22,Thursday,4,1,January,1,2026,False,2026-08-15T12:00:00+00:00,GEN-20260815T120000Z-bcb100dcba34,GENERATED
20260123,2026-01-23,23,Friday,4,1,January,1,2026,False,2026-08-15T12:00:00+00:00,GEN-20260815T120000Z-bcb100dcba34,GENERATED
20260124,2026-01-24,24,Saturday,4,1,January,1,2026,True,2026-08-15T12:00:00+00:00,GEN-20260815T120000Z-bcb100dcba34,GENERATED
20260125,2026-01-25,25,Sunday,4,1,January,1,2026,True,2026-08-15T12:00:00+00:00,GEN-20260815T120000Z-bcb100dcba34,GENERATED
20260126,2026-01-26,26,Monday,5,1,January,1,2026,False,2026-08-15T12:00:00+00:00,GEN-20260815T120000Z-bcb100dcba34,GENERATED
20260127,2026-01-27,27,Tuesday,5,1,January,1,2026,False,2026-08-15T12:00:00+00:00,GEN-20260815T120000Z-bcb100dcba34,GENERATED
20260128,2026-01-28,28,Wednesday,5,1,January,1,2026,False,2026-08-15T12:00:00+00:00,GEN-20260815T120000Z-bcb100dcba34,GENERATED
20260129,2026-01-29,29,Thursday,5,1,January,1,2026,False,2026-08-15T12:00:00+00:00,GEN-20260815T120000Z-bcb100dcba34,GENERATED
20260130,2026-01-30,30,Friday,5,1,January,1,2026,False,2026-08-15T12:00:00+00:00,GEN-20260815T120000Z-bcb100dcba34,GENERATED
20260131,2026-01-31,31,Saturday,5,1,January,1,2026,True,2026-08-15T12:00:00+00:00,GEN-20260815T120000Z-bcb100dcba34,GENERATED
20260201,2026-02-01,1,Sunday,5,2,February,1,2026,True,2026-08-15T12:00:00+00:00,GEN-20260815T120000Z-bcb100dcba34,GENERATED
20260202,2026-02-02,2,Monday,6,2,February,1,2026,False,2026-08-15T12:00:00+00:00,GEN-20260815T120000Z-bcb100dcba34,GENERATED
20260203,2026-02-03,3,Tuesday,6,2,February,1,2026,False,2026-08-15T12:00:00+00:00,GEN-20260815T120000Z-bcb100dcba34,GENERATED
20260204,2026-02-04,4,Wednesday,6,2,February,1,2026,False,2026-08-15T12:00:00+00:00,GEN-20260815T120000Z-bcb100dcba34,GENERATED
20260205,2026-02-05,5,Thursday,6,2,February,1,2026,False,2026-08-15T12:00:00+00:00,GEN-20260815T120000Z-bcb100dcba34,GENERATED
20260206,2026-02-06,6,Friday,6,2,February,1,2026,False,2026-08-15T12:00:00+00:00,GEN-20260815T120000Z-bcb100dcba34,GENERATED
20260207,2026-02-07,7,Saturday,6,2,February,1,2026,True,2026-08-15T12:00:00+00:00,GEN-20260815T120000Z-bcb100dcba34,GENERATED
20260208,2026-02-08,8,Sunday,6,2,February,1,2026,True,2026-08-15T12:00:00+00:00,GEN-20260815T120000Z-bcb100dcba34,GENERATED
20260209,2026-02-09,9,Monday,7,2,February,1,2026,False,2026-08-15T12:00:00+00:00,GEN-20260815T120000Z-bcb100dcba34,GENERATED
20260210,2026-02-10,10,Tuesday,7,2,February,1,2026,False,2026-08-15T12:00:00+00:00,GEN-20260815T120000Z-bcb100dcba34,GENERATED
20260211,2026-02-11,11,Wednesday,7,2,February,1,2026,False,2026-08-15T12:00:00+00:00,GEN-20260815T120000Z-bcb100dcba34,GENERATED
20260212,2026-02-12,12,Thursday,7,2,February,1,2026,False,2026-08-15T12:00:00+00:00,GEN-20260815T120000Z-bcb100dcba34,GENERATED
20260213,2026-02-13,13,Friday,7,2,February,1,2026,False,2026-08-15T12:00:00+00:00,GEN-20260815T120000Z-bcb100dcba34,GENERATED
20260214,2026-02-14,14,Saturday,7,2,February,1,2026,True,2026-08-15T12:00:00+00:00,GEN-20260815T120000Z-bcb100dcba34,GENERATED
20260215,2026-02-15,15,Sunday,7,2,February,1,2026,True,2026-08-15T12:00:00+00:00,GEN-20260815T120000Z-bcb100dcba34,GENERATED
20260216,2026-02-16,16,Monday,8,2,February,1,2026,False,2026-08-15T12:00:00+00:00,GEN-20260815T120000Z-bcb100dcba34,GENERATED
20260217,2026-02-17,17,Tuesday,8,2,February,1,2026,False,2026-08-15T12:00:00+00:00,GEN-20260815T120000Z-bcb100dcba34,GENERATED
20260218,2026-02-18,18,Wednesday,8,2,February,1,2026,False,2026-08-15T12:00:00+00:00,GEN-20260815T120000Z-bcb100dcba34,GENERATED
20260219,2026-02-19,19,Thursday,8,2,February,1,2026,False,2026-08-15T12:00:00+00:00,GEN-20260815T120000Z-bcb100dcba34,GENERATED
20260220,2026-02-20,20,Friday,8,2,February,1,2026,False,2026-08-15T12:00:00+00:00,GEN-20260815T120000Z-bcb100dcba34,GENERATED
20260221,2026-02-21,21,Saturday,8,2,February,1,2026,True,2026-08-15T12:00:00+00:00,GEN-20260815T120000Z-bcb100dcba34,GENERATED
20260222,2026-02-22,22,Sunday,8,2,February,1,2026,True,2026-08-15T12:00:00+00:00,GEN-20260815T120000Z-bcb100dcba34,GENERATED
20260223,2026-02-23,23,Monday,9,2,February,1,2026,False,2026-08-15T12:00:00+00:00,GEN-20260815T120000Z-bcb100dcba34,GENERATED
20260224,2026-02-24,24,Tuesday,9,2,February,1,2026,False,2026-08-15T12:00:00+00:00,GEN-20260815T120000Z-bcb100dcba34,GENERATED
20260225,2026-02-25,25,Wednesday,9,2,February,1,2026,False,2026-08-15T12:00:00+00:00,GEN-20260815T120000Z-bcb100dcba34,GENERATED
20260226,2026-02-26,26,Thursday,9,2,February,1,2026,False,2026-08-15T12:00:00+00:00,GEN-20260815T120000Z-bcb100dcba34,GENERATED
20260227,2026-02-27,27,Friday,9,2,February,1,2026,False,2026-08-15T12:00:00+00:00,GEN-20260815T120000Z-bcb100dcba34,GENERATED
20260228,2026-02-28,28,Saturday,9,2,February,1,2026,True,2026-08-15T12:00:00+00:00,GEN-20260815T120000Z-bcb100dcba34,GENERATED
20260301,2026-03-01,1,Sunday,9,3,March,1,2026,True,2026-08-15T12:00:00+00:00,GEN-20260815T120000Z-bcb100dcba34,GENERATED
20260302,2026-03-02,2,Monday,10,3,March,1,2026,False,2026-08-15T12:00:00+00:00,GEN-20260815T120000Z-bcb100dcba34,GENERATED
20260303,2026-03-03,3,Tuesday,10,3,March,1,2026,False,2026-08-15T12:00:00+00:00,GEN-20260815T120000Z-bcb100dcba34,GENERATED
20260304,2026-03-04,4,Wednesday,10,3,March,1,2026,False,2026-08-15T12:00:00+00:00,GEN-20260815T120000Z-bcb100dcba34,GENERATED
20260305,2026-03-05,5,Thursday,10,3,March,1,2026,False,2026-08-15T12:00:00+00:00,GEN-20260815T120000Z-bcb100dcba34,GENERATED
20260306,2026-03-06,6,Friday,10,3,March,1,2026,False,2026-08-15T12:00:00+00:00,GEN-20260815T120000Z-bcb100dcba34,GENERATED
20260307,2026-03-07,7,Saturday,10,3,March,1,2026,True,2026-08-15T12:00:00+00:00,GEN-20260815T120000Z-bcb100dcba34,GENERATED
20260308,2026-03-08,8,Sunday,10,3,March,1,2026,True,2026-08-15T12:00:00+00:00,GEN-20260815T120000Z-bcb100dcba34,GENERATED
20260309,2026-03-09,9,Monday,11,3,March,1,2026,False,2026-08-15T12:00:00+00:00,GEN-20260815T120000Z-bcb100dcba34,GENERATED
20260310,2026-03-10,10,Tuesday,11,3,March,1,2026,False,2026-08-15T12:00:00+00:00,GEN-20260815T120000Z-bcb100dcba34,GENERATED
20260311,2026-03-11,11,Wednesday,11,3,March,1,2026,False,2026-08-15T12:00:00+00:00,GEN-20260815T120000Z-bcb100dcba34,GENERATED
20260312,2026-03-12,12,Thursday,11,3,March,1,2026,False,2026-08-15T12:00:00+00:00,GEN-20260815T120000Z-bcb100dcba34,GENERATED
20260313,2026-03-13,13,Friday,11,3,March,1,2026,False,2026-08-15T12:00:00+00:00,GEN-20260815T120000Z-bcb100dcba34,GENERATED
20260314,2026-03-14,14,Saturday,11,3,March,1,2026,True,2026-08-15T12:00:00+00:00,GEN-20260815T120000Z-bcb100dcba34,GENERATED
20260315,2026-03-15,15,Sunday,11,3,March,1,2026,True,2026-08-15T12:00:00+00:00,GEN-20260815T120000Z-bcb100dcba34,GENERATED
20260316,2026-03-16,16,Monday,12,3,March,1,2026,False,2026-08-15T12:00:00+00:00,GEN-20260815T120000Z-bcb100dcba34,GENERATED
20260317,2026-03-17,17,Tuesday,12,3,March,1,2026,False,2026-08-15T12:00:00+00:00,GEN-20260815T120000Z-bcb100dcba34,GENERATED
20260318,2026-03-18,18,Wednesday,12,3,March,1,2026,False,2026-08-15T12:00:00+00:00,GEN-20260815T120000Z-bcb100dcba34,GENERATED
20260319,2026-03-19,19,Thursday,12,3,March,1,2026,False,2026-08-15T12:00:00+00:00,GEN-20260815T120000Z-bcb100dcba34,GENERATED
20260320,2026-03-20,20,Friday,12,3,March,1,2026,False,2026-08-15T12:00:00+00:00,GEN-20260815T120000Z-bcb100dcba34,GENERATED
20260321,2026-03-21,21,Saturday,12,3,March,1,2026,True,2026-08-15T12:00:00+00:00,GEN-20260815T120000Z-bcb100dcba34,GENERATED
20260322,2026-03-22,22,Sunday,12,3,March,1,2026,True,2026-08-15T12:00:00+00:00,GEN-20260815T120000Z-bcb100dcba34,GENERATED
20260323,2026-03-23,23,Monday,13,3,March,1,2026,False,2026-08-15T12:00:00+00:00,GEN-20260815T120000Z-bcb100dcba34,GENERATED
20260324,2026-03-24,24,Tuesday,13,3,March,1,2026,False,2026-08-15T12:00:00+00:00,GEN-20260815T120000Z-bcb100dcba34,GENERATED
20260325,2026-03-25,25,Wednesday,13,3,March,1,2026,False,2026-08-15T12:00:00+00:00,GEN-20260815T120000Z-bcb100dcba34,GENERATED
20260326,2026-03-26,26,Thursday,13,3,March,1,2026,False,2026-08-15T12:00:00+00:00,GEN-20260815T120000Z-bcb100dcba34,GENERATED
20260327,2026-03-27,27,Friday,13,3,March,1,2026,False,2026-08-15T12:00:00+00:00,GEN-20260815T120000Z-bcb100dcba34,GENERATED
20260328,2026-03-28,28,Saturday,13,3,March,1,2026,True,2026-08-15T12:00:00+00:00,GEN-20260815T120000Z-bcb100dcba34,GENERATED
20260329,2026-03-29,29,Sunday,13,3,March,1,2026,True,2026-08-15T12:00:00+00:00,GEN-20260815T120000Z-bcb100dcba34,GENERATED
20260330,2026-03-30,30,Monday,14,3,March,1,2026,False,2026-08-15T12:00:00+00:00,GEN-20260815T120000Z-bcb100dcba34,GENERATED
20260331,2026-03-31,31,Tuesday,14,3,March,1,2026,False,2026-08-15T12:00:00+00:00,GEN-20260815T120000Z-bcb100dcba34,GENERATED
20260401,2026-04-01,1,Wednesday,14,4,April,2,2026,False,2026-08-15T12:00:00+00:00,GEN-20260815T120000Z-bcb100dcba34,GENERATED
20260402,2026-04-02,2,Thursday,14,4,April,2,2026,False,2026-08-15T12:00:00+00:00,GEN-20260815T120000Z-bcb100dcba34,GENERATED
20260403,2026-04-03,3,Friday,14,4,April,2,2026,False,2026-08-15T12:00:00+00:00,GEN-20260815T120000Z-bcb100dcba34,GENERATED
20260404,2026-04-04,4,Saturday,14,4,April,2,2026,True,2026-08-15T12:00:00+00:00,GEN-20260815T120000Z-bcb100dcba34,GENERATED
20260405,2026-04-05,5,Sunday,14,4,April,2,2026,True,2026-08-15T12:00:00+00:00,GEN-20260815T120000Z-bcb100dcba34,GENERATED
20260406,2026-04-06,6,Monday,15,4,April,2,2026,False,2026-08-15T12:00:00+00:00,GEN-20260815T120000Z-bcb100dcba34,GENERATED
20260407,2026-04-07,7,Tuesday,15,4,April,2,2026,False,2026-08-15T12:00:00+00:00,GEN-20260815T120000Z-bcb100dcba34,GENERATED
20260408,2026-04-08,8,Wednesday,15,4,April,2,2026,False,2026-08-15T12:00:00+00:00,GEN-20260815T120000Z-bcb100dcba34,GENERATED
20260409,2026-04-09,9,Thursday,15,4,April,2,2026,False,2026-08-15T12:00:00+00:00,GEN-20260815T120000Z-bcb100dcba34,GENERATED
20260410,2026-04-10,10,Friday,15,4,April,2,2026,False,2026-08-15T12:00:00+00:00,GEN-20260815T120000Z-bcb100dcba34,GENERATED
20260411,2026-04-11,11,Saturday,15,4,April,2,2026,True,2026-08-15T12:00:00+00:00,GEN-20260815T120000Z-bcb100dcba34,GENERATED
20260412,2026-04-12,12,Sunday,15,4,April,2,2026,True,2026-08-15T12:00:00+00:00,GEN-20260815T120000Z-bcb100dcba34,GENERATED
20260413,2026-04-13,13,Monday,16,4,April,2,2026,False,2026-08-15T12:00:00+00:00,GEN-20260815T120000Z-bcb100dcba34,GENERATED
20260414,2026-04-14,14,Tuesday,16,4,April,2,2026,False,2026-08-15T12:00:00+00:00,GEN-20260815T120000Z-bcb100dcba34,GENERATED
20260415,2026-04-15,15,Wednesday,16,4,April,2,2026,False,2026-08-15T12:00:00+00:00,GEN-20260815T120000Z-bcb100dcba34,GENERATED
20260416,2026-04-16,16,Thursday,16,4,April,2,2026,False,2026-08-15T12:00:00+00:00,GEN-20260815T120000Z-bcb100dcba34,GENERATED
20260417,2026-04-17,17,Friday,16,4,April,2,2026,False,2026-08-15T12:00:00+00:00,GEN-20260815T120000Z-bcb100dcba34,GENERATED
20260418,2026-04-18,18,Saturday,16,4,April,2,2026,True,2026-08-15T12:00:00+00:00,GEN-20260815T120000Z-bcb100dcba34,GENERATED
20260419,2026-04-19,19,Sunday,16,4,April,2,2026,True,2026-08-15T12:00:00+00:00,GEN-20260815T120000Z-bcb100dcba34,GENERATED
20260420,2026-04-20,20,Monday,17,4,April,2,2026,False,2026-08-15T12:00:00+00:00,GEN-20260815T120000Z-bcb100dcba34,GENERATED
20260421,2026-04-21,21,Tuesday,17,4,April,2,2026,False,2026-08-15T12:00:00+00:00,GEN-20260815T120000Z-bcb100dcba34,GENERATED
20260422,2026-04-22,22,Wednesday,17,4,April,2,2026,False,2026-08-15T12:00:00+00:00,GEN-20260815T120000Z-bcb100dcba34,GENERATED
20260423,2026-04-23,23,Thursday,17,4,April,2,2026,False,2026-08-15T12:00:00+00:00,GEN-20260815T120000Z-bcb100dcba34,GENERATED
20260424,2026-04-24,24,Friday,17,4,April,2,2026,False,2026-08-15T12:00:00+00:00,GEN-20260815T120000Z-bcb100dcba34,GENERATED
20260425,2026-04-25,25,Saturday,17,4,April,2,2026,True,2026-08-15T12:00:00+00:00,GEN-20260815T120000Z-bcb100dcba34,GENERATED
20260426,2026-04-26,26,Sunday,17,4,April,2,2026,True,2026-08-15T12:00:00+00:00,GEN-20260815T120000Z-bcb100dcba34,GENERATED
20260427,2026-04-27,27,Monday,18,4,April,2,2026,False,2026-08-15T12:00:00+00:00,GEN-20260815T120000Z-bcb100dcba34,GENERATED
20260428,2026-04-28,28,Tuesday,18,4,April,2,2026,False,2026-08-15T12:00:00+00:00,GEN-20260815T120000Z-bcb100dcba34,GENERATED
20260429,2026-04-29,29,Wednesday,18,4,April,2,2026,False,2026-08-15T12:00:00+00:00,GEN-20260815T120000Z-bcb100dcba34,GENERATED
20260430,2026-04-30,30,Thursday,18,4,April,2,2026,False,2026-08-15T12:00:00+00:00,GEN-20260815T120000Z-bcb100dcba34,GENERATED
20260501,2026-05-01,1,Friday,18,5,May,2,2026,False,2026-08-15T12:00:00+00:00,GEN-20260815T120000Z-bcb100dcba34,GENERATED
20260502,2026-05-02,2,Saturday,18,5,May,2,2026,True,2026-08-15T12:00:00+00:00,GEN-20260815T120000Z-bcb100dcba34,GENERATED
20260503,2026-05-03,3,Sunday,18,5,May,2,2026,True,2026-08-15T12:00:00+00:00,GEN-20260815T120000Z-bcb100dcba34,GENERATED
20260504,2026-05-04,4,Monday,19,5,May,2,2026,False,2026-08-15T12:00:00+00:00,GEN-20260815T120000Z-bcb100dcba34,GENERATED
20260505,2026-05-05,5,Tuesday,19,5,May,2,2026,False,2026-08-15T12:00:00+00:00,GEN-20260815T120000Z-bcb100dcba34,GENERATED
20260506,2026-05-06,6,Wednesday,19,5,May,2,2026,False,2026-08-15T12:00:00+00:00,GEN-20260815T120000Z-bcb100dcba34,GENERATED
20260507,2026-05-07,7,Thursday,19,5,May,2,2026,False,2026-08-15T12:00:00+00:00,GEN-20260815T120000Z-bcb100dcba34,GENERATED
20260508,2026-05-08,8,Friday,19,5,May,2,2026,False,2026-08-15T12:00:00+00:00,GEN-20260815T120000Z-bcb100dcba34,GENERATED
20260509,2026-05-09,9,Saturday,19,5,May,2,2026,True,2026-08-15T12:00:00+00:00,GEN-20260815T120000Z-bcb100dcba34,GENERATED
20260510,2026-05-10,10,Sunday,19,5,May,2,2026,True,2026-08-15T12:00:00+00:00,GEN-20260815T120000Z-bcb100dcba34,GENERATED
20260511,2026-05-11,11,Monday,20,5,May,2,2026,False,2026-08-15T12:00:00+00:00,GEN-20260815T120000Z-bcb100dcba34,GENERATED
20260512,2026-05-12,12,Tuesday,20,5,May,2,2026,False,2026-08-15T12:00:00+00:00,GEN-20260815T120000Z-bcb100dcba34,GENERATED
20260513,2026-05-13,13,Wednesday,20,5,May,2,2026,False,2026-08-15T12:00:00+00:00,GEN-20260815T120000Z-bcb100dcba34,GENERATED
20260514,2026-05-14,14,Thursday,20,5,May,2,2026,False,2026-08-15T12:00:00+00:00,GEN-20260815T120000Z-bcb100dcba34,GENERATED
20260515,2026-05-15,15,Friday,20,5,May,2,2026,False,2026-08-15T12:00:00+00:00,GEN-20260815T120000Z-bcb100dcba34,GENERATED
20260516,2026-05-16,16,Saturday,20,5,May,2,2026,True,2026-08-15T12:00:00+00:00,GEN-20260815T120000Z-bcb100dcba34,GENERATED
20260517,2026-05-17,17,Sunday,20,5,May,2,2026,True,2026-08-15T12:00:00+00:00,GEN-20260815T120000Z-bcb100dcba34,GENERATED
20260518,2026-05-18,18,Monday,21,5,May,2,2026,False,2026-08-15T12:00:00+00:00,GEN-20260815T120000Z-bcb100dcba34,GENERATED
20260519,2026-05-19,19,Tuesday,21,5,May,2,2026,False,2026-08-15T12:00:00+00:00,GEN-20260815T120000Z-bcb100dcba34,GENERATED
20260520,2026-05-20,20,Wednesday,21,5,May,2,2026,False,2026-08-15T12:00:00+00:00,GEN-20260815T120000Z-bcb100dcba34,GENERATED
20260521,2026-05-21,21,Thursday,21,5,May,2,2026,False,2026-08-15T12:00:00+00:00,GEN-20260815T120000Z-bcb100dcba34,GENERATED
20260522,2026-05-22,22,Friday,21,5,May,2,2026,False,2026-08-15T12:00:00+00:00,GEN-20260815T120000Z-bcb100dcba34,GENERATED
20260523,2026-05-23,23,Saturday,21,5,May,2,2026,True,2026-08-15T12:00:00+00:00,GEN-20260815T120000Z-bcb100dcba34,GENERATED
20260524,2026-05-24,24,Sunday,21,5,May,2,2026,True,2026-08-15T12:00:00+00:00,GEN-20260815T120000Z-bcb100dcba34,GENERATED
20260525,2026-05-25,25,Monday,22,5,May,2,2026,False,2026-08-15T12:00:00+00:00,GEN-20260815T120000Z-bcb100dcba34,GENERATED
20260526,2026-05-26,26,Tuesday,22,5,May,2,2026,False,2026-08-15T12:00:00+00:00,GEN-20260815T120000Z-bcb100dcba34,GENERATED
20260527,2026-05-27,27,Wednesday,22,5,May,2,2026,False,2026-08-15T12:00:00+00:00,GEN-20260815T120000Z-bcb100dcba34,GENERATED
20260528,2026-05-28,28,Thursday,22,5,May,2,2026,False,2026-08-15T12:00:00+00:00,GEN-20260815T120000Z-bcb100dcba34,GENERATED
20260529,2026-05-29,29,Friday,22,5,May,2,2026,False,2026-08-15T12:00:00+00:00,GEN-20260815T120000Z-bcb100dcba34,GENERATED
20260530,2026-05-30,30,Saturday,22,5,May,2,2026,True,2026-08-15T12:00:00+00:00,GEN-20260815T120000Z-bcb100dcba34,GENERATED
20260531,2026-05-31,31,Sunday,22,5,May,2,2026,True,2026-08-15T12:00:00+00:00,GEN-20260815T120000Z-bcb100dcba34,GENERATED
20260601,2026-06-01,1,Monday,23,6,June,2,2026,False,2026-08-15T12:00:00+00:00,GEN-20260815T120000Z-bcb100dcba34,GENERATED
20260602,2026-06-02,2,Tuesday,23,6,June,2,2026,False,2026-08-15T12:00:00+00:00,GEN-20260815T120000Z-bcb100dcba34,GENERATED
20260603,2026-06-03,3,Wednesday,23,6,June,2,2026,False,2026-08-15T12:00:00+00:00,GEN-20260815T120000Z-bcb100dcba34,GENERATED
20260604,2026-06-04,4,Thursday,23,6,June,2,2026,False,2026-08-15T12:00:00+00:00,GEN-20260815T120000Z-bcb100dcba34,GENERATED
20260605,2026-06-05,5,Friday,23,6,June,2,2026,False,2026-08-15T12:00:00+00:00,GEN-20260815T120000Z-bcb100dcba34,GENERATED
20260606,2026-06-06,6,Saturday,23,6,June,2,2026,True,2026-08-15T12:00:00+00:00,GEN-20260815T120000Z-bcb100dcba34,GENERATED
20260607,2026-06-07,7,Sunday,23,6,June,2,2026,True,2026-08-15T12:00:00+00:00,GEN-20260815T120000Z-bcb100dcba34,GENERATED
20260608,2026-06-08,8,Monday,24,6,June,2,2026,False,2026-08-15T12:00:00+00:00,GEN-20260815T120000Z-bcb100dcba34,GENERATED
20260609,2026-06-09,9,Tuesday,24,6,June,2,2026,False,2026-08-15T12:00:00+00:00,GEN-20260815T120000Z-bcb100dcba34,GENERATED
20260610,2026-06-10,10,Wednesday,24,6,June,2,2026,False,2026-08-15T12:00:00+00:00,GEN-20260815T120000Z-bcb100dcba34,GENERATED
20260611,2026-06-11,11,Thursday,24,6,June,2,2026,False,2026-08-15T12:00:00+00:00,GEN-20260815T120000Z-bcb100dcba34,GENERATED
20260612,2026-06-12,12,Friday,24,6,June,2,2026,False,2026-08-15T12:00:00+00:00,GEN-20260815T120000Z-bcb100dcba34,GENERATED
20260613,2026-06-13,13,Saturday,24,6,June,2,2026,True,2026-08-15T12:00:00+00:00,GEN-20260815T120000Z-bcb100dcba34,GENERATED
20260614,2026-06-14,14,Sunday,24,6,June,2,2026,True,2026-08-15T12:00:00+00:00,GEN-20260815T120000Z-bcb100dcba34,GENERATED
20260615,2026-06-15,15,Monday,25,6,June,2,2026,False,2026-08-15T12:00:00+00:00,GEN-20260815T120000Z-bcb100dcba34,GENERATED
20260616,2026-06-16,16,Tuesday,25,6,June,2,2026,False,2026-08-15T12:00:00+00:00,GEN-20260815T120000Z-bcb100dcba34,GENERATED
20260617,2026-06-17,17,Wednesday,25,6,June,2,2026,False,2026-08-15T12:00:00+00:00,GEN-20260815T120000Z-bcb100dcba34,GENERATED
20260618,2026-06-18,18,Thursday,25,6,June,2,2026,False,2026-08-15T12:00:00+00:00,GEN-20260815T120000Z-bcb100dcba34,GENERATED
20260619,2026-06-19,19,Friday,25,6,June,2,2026,False,2026-08-15T12:00:00+00:00,GEN-20260815T120000Z-bcb100dcba34,GENERATED
20260620,2026-06-20,20,Saturday,25,6,June,2,2026,True,2026-08-15T12:00:00+00:00,GEN-20260815T120000Z-bcb100dcba34,GENERATED
20260621,2026-06-21,21,Sunday,25,6,June,2,2026,True,2026-08-15T12:00:00+00:00,GEN-20260815T120000Z-bcb100dcba34,GENERATED
20260622,2026-06-22,22,Monday,26,6,June,2,2026,False,2026-08-15T12:00:00+00:00,GEN-20260815T120000Z-bcb100dcba34,GENERATED
20260623,2026-06-23,23,Tuesday,26,6,June,2,2026,False,2026-08-15T12:00:00+00:00,GEN-20260815T120000Z-bcb100dcba34,GENERATED
20260624,2026-06-24,24,Wednesday,26,6,June,2,2026,False,2026-08-15T12:00:00+00:00,GEN-20260815T120000Z-bcb100dcba34,GENERATED
20260625,2026-06-25,25,Thursday,26,6,June,2,2026,False,2026-08-15T12:00:00+00:00,GEN-20260815T120000Z-bcb100dcba34,GENERATED
20260626,2026-06-26,26,Friday,26,6,June,2,2026,False,2026-08-15T12:00:00+00:00,GEN-20260815T120000Z-bcb100dcba34,GENERATED
20260627,2026-06-27,27,Saturday,26,6,June,2,2026,True,2026-08-15T12:00:00+00:00,GEN-20260815T120000Z-bcb100dcba34,GENERATED
20260628,2026-06-28,28,Sunday,26,6,June,2,2026,True,2026-08-15T12:00:00+00:00,GEN-20260815T120000Z-bcb100dcba34,GENERATED
20260629,2026-06-29,29,Monday,27,6,June,2,2026,False,2026-08-15T12:00:00+00:00,GEN-20260815T120000Z-bcb100dcba34,GENERATED
20260630,2026-06-30,30,Tuesday,27,6,June,2,2026,False,2026-08-15T12:00:00+00:00,GEN-20260815T120000Z-bcb100dcba34,GENERATED
20260701,2026-07-01,1,Wednesday,27,7,July,3,2026,False,2026-08-15T12:00:00+00:00,GEN-20260815T120000Z-bcb100dcba34,GENERATED
20260702,2026-07-02,2,Thursday,27,7,July,3,2026,False,2026-08-15T12:00:00+00:00,GEN-20260815T120000Z-bcb100dcba34,GENERATED
20260703,2026-07-03,3,Friday,27,7,July,3,2026,False,2026-08-15T12:00:00+00:00,GEN-20260815T120000Z-bcb100dcba34,GENERATED
20260704,2026-07-04,4,Saturday,27,7,July,3,2026,True,2026-08-15T12:00:00+00:00,GEN-20260815T120000Z-bcb100dcba34,GENERATED
20260705,2026-07-05,5,Sunday,27,7,July,3,2026,True,2026-08-15T12:00:00+00:00,GEN-20260815T120000Z-bcb100dcba34,GENERATED
20260706,2026-07-06,6,Monday,28,7,July,3,2026,False,2026-08-15T12:00:00+00:00,GEN-20260815T120000Z-bcb100dcba34,GENERATED
20260707,2026-07-07,7,Tuesday,28,7,July,3,2026,False,2026-08-15T12:00:00+00:00,GEN-20260815T120000Z-bcb100dcba34,GENERATED
20260708,2026-07-08,8,Wednesday,28,7,July,3,2026,False,2026-08-15T12:00:00+00:00,GEN-20260815T120000Z-bcb100dcba34,GENERATED
20260709,2026-07-09,9,Thursday,28,7,July,3,2026,False,2026-08-15T12:00:00+00:00,GEN-20260815T120000Z-bcb100dcba34,GENERATED
20260710,2026-07-10,10,Friday,28,7,July,3,2026,False,2026-08-15T12:00:00+00:00,GEN-20260815T120000Z-bcb100dcba34,GENERATED
20260711,2026-07-11,11,Saturday,28,7,July,3,2026,True,2026-08-15T12:00:00+00:00,GEN-20260815T120000Z-bcb100dcba34,GENERATED
20260712,2026-07-12,12,Sunday,28,7,July,3,2026,True,2026-08-15T12:00:00+00:00,GEN-20260815T120000Z-bcb100dcba34,GENERATED
20260713,2026-07-13,13,Monday,29,7,July,3,2026,False,2026-08-15T12:00:00+00:00,GEN-20260815T120000Z-bcb100dcba34,GENERATED
20260714,2026-07-14,14,Tuesday,29,7,July,3,2026,False,2026-08-15T12:00:00+00:00,GEN-20260815T120000Z-bcb100dcba34,GENERATED
20260715,2026-07-15,15,Wednesday,29,7,July,3,2026,False,2026-08-15T12:00:00+00:00,GEN-20260815T120000Z-bcb100dcba34,GENERATED
20260716,2026-07-16,16,Thursday,29,7,July,3,2026,False,2026-08-15T12:00:00+00:00,GEN-20260815T120000Z-bcb100dcba34,GENERATED
20260717,2026-07-17,17,Friday,29,7,July,3,2026,False,2026-08-15T12:00:00+00:00,GEN-20260815T120000Z-bcb100dcba34,GENERATED
20260718,2026-07-18,18,Saturday,29,7,July,3,2026,True,2026-08-15T12:00:00+00:00,GEN-20260815T120000Z-bcb100dcba34,GENERATED
20260719,2026-07-19,19,Sunday,29,7,July,3,2026,True,2026-08-15T12:00:00+00:00,GEN-20260815T120000Z-bcb100dcba34,GENERATED
20260720,2026-07-20,20,Monday,30,7,July,3,2026,False,2026-08-15T12:00:00+00:00,GEN-20260815T120000Z-bcb100dcba34,GENERATED
20260721,2026-07-21,21,Tuesday,30,7,July,3,2026,False,2026-08-15T12:00:00+00:00,GEN-20260815T120000Z-bcb100dcba34,GENERATED
20260722,2026-07-22,22,Wednesday,30,7,July,3,2026,False,2026-08-15T12:00:00+00:00,GEN-20260815T120000Z-bcb100dcba34,GENERATED
20260723,2026-07-23,23,Thursday,30,7,July,3,2026,False,2026-08-15T12:00:00+00:00,GEN-20260815T120000Z-bcb100dcba34,GENERATED
20260724,2026-07-24,24,Friday,30,7,July,3,2026,False,2026-08-15T12:00:00+00:00,GEN-20260815T120000Z-bcb100dcba34,GENERATED
20260725,2026-07-25,25,Saturday,30,7,July,3,2026,True,2026-08-15T12:00:00+00:00,GEN-20260815T120000Z-bcb100dcba34,GENERATED
20260726,2026-07-26,26,Sunday,30,7,July,3,2026,True,2026-08-15T12:00:00+00:00,GEN-20260815T120000Z-bcb100dcba34,GENERATED
20260727,2026-07-27,27,Monday,31,7,July,3,2026,False,2026-08-15T12:00:00+00:00,GEN-20260815T120000Z-bcb100dcba34,GENERATED
20260728,2026-07-28,28,Tuesday,31,7,July,3,2026,False,2026-08-15T12:00:00+00:00,GEN-20260815T120000Z-bcb100dcba34,GENERATED
20260729,2026-07-29,29,Wednesday,31,7,July,3,2026,False,2026-08-15T12:00:00+00:00,GEN-20260815T120000Z-bcb100dcba34,GENERATED
20260730,2026-07-30,30,Thursday,31,7,July,3,2026,False,2026-08-15T12:00:00+00:00,GEN-20260815T120000Z-bcb100dcba34,GENERATED
20260731,2026-07-31,31,Friday,31,7,July,3,2026,False,2026-08-15T12:00:00+00:00,GEN-20260815T120000Z-bcb100dcba34,GENERATED
20260801,2026-08-01,1,Saturday,31,8,August,3,2026,True,2026-08-15T12:00:00+00:00,GEN-20260815T120000Z-bcb100dcba34,GENERATED
20260802,2026-08-02,2,Sunday,31,8,August,3,2026,True,2026-08-15T12:00:00+00:00,GEN-20260815T120000Z-bcb100dcba34,GENERATED
20260803,2026-08-03,3,Monday,32,8,August,3,2026,False,2026-08-15T12:00:00+00:00,GEN-20260815T120000Z-bcb100dcba34,GENERATED
20260804,2026-08-04,4,Tuesday,32,8,August,3,2026,False,2026-08-15T12:00:00+00:00,GEN-20260815T120000Z-bcb100dcba34,GENERATED
20260805,2026-08-05,5,Wednesday,32,8,August,3,2026,False,2026-08-15T12:00:00+00:00,GEN-20260815T120000Z-bcb100dcba34,GENERATED
20260806,2026-08-06,6,Thursday,32,8,August,3,2026,False,2026-08-15T12:00:00+00:00,GEN-20260815T120000Z-bcb100dcba34,GENERATED
20260807,2026-08-07,7,Friday,32,8,August,3,2026,False,2026-08-15T12:00:00+00:00,GEN-20260815T120000Z-bcb100dcba34,GENERATED
20260808,2026-08-08,8,Saturday,32,8,August,3,2026,True,2026-08-15T12:00:00+00:00,GEN-20260815T120000Z-bcb100dcba34,GENERATED
20260809,2026-08-09,9,Sunday,32,8,August,3,2026,True,2026-08-15T12:00:00+00:00,GEN-20260815T120000Z-bcb100dcba34,GENERATED
20260810,2026-08-10,10,Monday,33,8,August,3,2026,False,2026-08-15T12:00:00+00:00,GEN-20260815T120000Z-bcb100dcba34,GENERATED
20260811,2026-08-11,11,Tuesday,33,8,August,3,2026,False,2026-08-15T12:00:00+00:00,GEN-20260815T120000Z-bcb100dcba34,GENERATED
20260812,2026-08-12,12,Wednesday,33,8,August,3,2026,False,2026-08-15T12:00:00+00:00,GEN-20260815T120000Z-bcb100dcba34,GENERATED
20260813,2026-08-13,13,Thursday,33,8,August,3,2026,False,2026-08-15T12:00:00+00:00,GEN-20260815T120000Z-bcb100dcba34,GENERATED
20260814,2026-08-14,14,Friday,33,8,August,3,2026,False,2026-08-15T12:00:00+00:00,GEN-20260815T120000Z-bcb100dcba34,GENERATED
20260815,2026-08-15,15,Saturday,33,8,August,3,2026,True,2026-08-15T12:00:00+00:00,GEN-20260815T120000Z-bcb100dcba34,GENERATED
20260816,2026-08-16,16,Sunday,33,8,August,3,2026,True,2026-08-15T12:00:00+00:00,GEN-20260815T120000Z-bcb100dcba34,GENERATED
20260817,2026-08-17,17,Monday,34,8,August,3,2026,False,2026-08-15T12:00:00+00:00,GEN-20260815T120000Z-bcb100dcba34,GENERATED
20260818,2026-08-18,18,Tuesday,34,8,August,3,2026,False,2026-08-15T12:00:00+00:00,GEN-20260815T120000Z-bcb100dcba34,GENERATED
20260819,2026-08-19,19,Wednesday,34,8,August,3,2026,False,2026-08-15T12:00:00+00:00,GEN-20260815T120000Z-bcb100dcba34,GENERATED
20260820,2026-08-20,20,Thursday,34,8,August,3,2026,False,2026-08-15T12:00:00+00:00,GEN-20260815T120000Z-bcb100dcba34,GENERATED
20260821,2026-08-21,21,Friday,34,8,August,3,2026,False,2026-08-15T12:00:00+00:00,GEN-20260815T120000Z-bcb100dcba34,GENERATED
20260822,2026-08-22,22,Saturday,34,8,August,3,2026,True,2026-08-15T12:00:00+00:00,GEN-20260815T120000Z-bcb100dcba34,GENERATED
20260823,2026-08-23,23,Sunday,34,8,August,3,2026,True,2026-08-15T12:00:00+00:00,GEN-20260815T120000Z-bcb100dcba34,GENERATED
20260824,2026-08-24,24,Monday,35,8,August,3,2026,False,2026-08-15T12:00:00+00:00,GEN-20260815T120000Z-bcb100dcba34,GENERATED
20260825,2026-08-25,25,Tuesday,35,8,August,3,2026,False,2026-08-15T12:00:00+00:00,GEN-20260815T120000Z-bcb100dcba34,GENERATED
20260826,2026-08-26,26,Wednesday,35,8,August,3,2026,False,2026-08-15T12:00:00+00:00,GEN-20260815T120000Z-bcb100dcba34,GENERATED
20260827,2026-08-27,27,Thursday,35,8,August,3,2026,False,2026-08-15T12:00:00+00:00,GEN-20260815T120000Z-bcb100dcba34,GENERATED
20260828,2026-08-28,28,Friday,35,8,August,3,2026,False,2026-08-15T12:00:00+00:00,GEN-20260815T120000Z-bcb100dcba34,GENERATED
20260829,2026-08-29,29,Saturday,35,8,August,3,2026,True,2026-08-15T12:00:00+00:00,GEN-20260815T120000Z-bcb100dcba34,GENERATED
20260830,2026-08-30,30,Sunday,35,8,August,3,2026,True,2026-08-15T12:00:00+00:00,GEN-20260815T120000Z-bcb100dcba34,GENERATED
20260831,2026-08-31,31,Monday,36,8,August,3,2026,False,2026-08-15T12:00:00+00:00,GEN-20260815T120000Z-bcb100dcba34,GENERATED
20260901,2026-09-01,1,Tuesday,36,9,September,3,2026,False,2026-08-15T12:00:00+00:00,GEN-20260815T120000Z-bcb100dcba34,GENERATED
20260902,2026-09-02,2,Wednesday,36,9,September,3,2026,False,2026-08-15T12:00:00+00:00,GEN-20260815T120000Z-bcb100dcba34,GENERATED
20260903,2026-09-03,3,Thursday,36,9,September,3,2026,False,2026-08-15T12:00:00+00:00,GEN-20260815T120000Z-bcb100dcba34,GENERATED
20260904,2026-09-04,4,Friday,36,9,September,3,2026,False,2026-08-15T12:00:00+00:00,GEN-20260815T120000Z-bcb100dcba34,GENERATED
20260905,2026-09-05,5,Saturday,36,9,September,3,2026,True,2026-08-15T12:00:00+00:00,GEN-20260815T120000Z-bcb100dcba34,GENERATED
20260906,2026-09-06,6,Sunday,36,9,September,3,2026,True,2026-08-15T12:00:00+00:00,GEN-20260815T120000Z-bcb100dcba34,GENERATED
20260907,2026-09-07,7,Monday,37,9,September,3,2026,False,2026-08-15T12:00:00+00:00,GEN-20260815T120000Z-bcb100dcba34,GENERATED
20260908,2026-09-08,8,Tuesday,37,9,September,3,2026,False,2026-08-15T12:00:00+00:00,GEN-20260815T120000Z-bcb100dcba34,GENERATED
20260909,2026-09-09,9,Wednesday,37,9,September,3,2026,False,2026-08-15T12:00:00+00:00,GEN-20260815T120000Z-bcb100dcba34,GENERATED
20260910,2026-09-10,10,Thursday,37,9,September,3,2026,False,2026-08-15T12:00:00+00:00,GEN-20260815T120000Z-bcb100dcba34,GENERATED
20260911,2026-09-11,11,Friday,37,9,September,3,2026,False,2026-08-15T12:00:00+00:00,GEN-20260815T120000Z-bcb100dcba34,GENERATED
20260912,2026-09-12,12,Saturday,37,9,September,3,2026,True,2026-08-15T12:00:00+00:00,GEN-20260815T120000Z-bcb100dcba34,GENERATED
20260913,2026-09-13,13,Sunday,37,9,September,3,2026,True,2026-08-15T12:00:00+00:00,GEN-20260815T120000Z-bcb100dcba34,GENERATED
20260914,2026-09-14,14,Monday,38,9,September,3,2026,False,2026-08-15T12:00:00+00:00,GEN-20260815T120000Z-bcb100dcba34,GENERATED
20260915,2026-09-15,15,Tuesday,38,9,September,3,2026,False,2026-08-15T12:00:00+00:00,GEN-20260815T120000Z-bcb100dcba34,GENERATED
20260916,2026-09-16,16,Wednesday,38,9,September,3,2026,False,2026-08-15T12:00:00+00:00,GEN-20260815T120000Z-bcb100dcba34,GENERATED
20260917,2026-09-17,17,Thursday,38,9,September,3,2026,False,2026-08-15T12:00:00+00:00,GEN-20260815T120000Z-bcb100dcba34,GENERATED
20260918,2026-09-18,18,Friday,38,9,September,3,2026,False,2026-08-15T12:00:00+00:00,GEN-20260815T120000Z-bcb100dcba34,GENERATED
20260919,2026-09-19,19,Saturday,38,9,September,3,2026,True,2026-08-15T12:00:00+00:00,GEN-20260815T120000Z-bcb100dcba34,GENERATED
20260920,2026-09-20,20,Sunday,38,9,September,3,2026,True,2026-08-15T12:00:00+00:00,GEN-20260815T120000Z-bcb100dcba34,GENERATED
20260921,2026-09-21,21,Monday,39,9,September,3,2026,False,2026-08-15T12:00:00+00:00,GEN-20260815T120000Z-bcb100dcba34,GENERATED
20260922,2026-09-22,22,Tuesday,39,9,September,3,2026,False,2026-08-15T12:00:00+00:00,GEN-20260815T120000Z-bcb100dcba34,GENERATED
20260923,2026-09-23,23,Wednesday,39,9,September,3,2026,False,2026-08-15T12:00:00+00:00,GEN-20260815T120000Z-bcb100dcba34,GENERATED
20260924,2026-09-24,24,Thursday,39,9,September,3,2026,False,2026-08-15T12:00:00+00:00,GEN-20260815T120000Z-bcb100dcba34,GENERATED
20260925,2026-09-25,25,Friday,39,9,September,3,2026,False,2026-08-15T12:00:00+00:00,GEN-20260815T120000Z-bcb100dcba34,GENERATED
20260926,2026-09-26,26,Saturday,39,9,September,3,2026,True,2026-08-15T12:00:00+00:00,GEN-20260815T120000Z-bcb100dcba34,GENERATED
20260927,2026-09-27,27,Sunday,39,9,September,3,2026,True,2026-08-15T12:00:00+00:00,GEN-20260815T120000Z-bcb100dcba34,GENERATED
20260928,2026-09-28,28,Monday,40,9,September,3,2026,False,2026-08-15T12:00:00+00:00,GEN-20260815T120000Z-bcb100dcba34,GENERATED
20260929,2026-09-29,29,Tuesday,40,9,September,3,2026,False,2026-08-15T12:00:00+00:00,GEN-20260815T120000Z-bcb100dcba34,GENERATED
20260930,2026-09-30,30,Wednesday,40,9,September,3,2026,False,2026-08-15T12:00:00+00:00,GEN-20260815T120000Z-bcb100dcba34,GENERATED
20261001,2026-10-01,1,Thursday,40,10,October,4,2026,False,2026-08-15T12:00:00+00:00,GEN-20260815T120000Z-bcb100dcba34,GENERATED
20261002,2026-10-02,2,Friday,40,10,October,4,2026,False,2026-08-15T12:00:00+00:00,GEN-20260815T120000Z-bcb100dcba34,GENERATED
20261003,2026-10-03,3,Saturday,40,10,October,4,2026,True,2026-08-15T12:00:00+00:00,GEN-20260815T120000Z-bcb100dcba34,GENERATED
20261004,2026-10-04,4,Sunday,40,10,October,4,2026,True,2026-08-15T12:00:00+00:00,GEN-20260815T120000Z-bcb100dcba34,GENERATED
20261005,2026-10-05,5,Monday,41,10,October,4,2026,False,2026-08-15T12:00:00+00:00,GEN-20260815T120000Z-bcb100dcba34,GENERATED
20261006,2026-10-06,6,Tuesday,41,10,October,4,2026,False,2026-08-15T12:00:00+00:00,GEN-20260815T120000Z-bcb100dcba34,GENERATED
20261007,2026-10-07,7,Wednesday,41,10,October,4,2026,False,2026-08-15T12:00:00+00:00,GEN-20260815T120000Z-bcb100dcba34,GENERATED
20261008,2026-10-08,8,Thursday,41,10,October,4,2026,False,2026-08-15T12:00:00+00:00,GEN-20260815T120000Z-bcb100dcba34,GENERATED
20261009,2026-10-09,9,Friday,41,10,October,4,2026,False,2026-08-15T12:00:00+00:00,GEN-20260815T120000Z-bcb100dcba34,GENERATED
20261010,2026-10-10,10,Saturday,41,10,October,4,2026,True,2026-08-15T12:00:00+00:00,GEN-20260815T120000Z-bcb100dcba34,GENERATED
20261011,2026-10-11,11,Sunday,41,10,October,4,2026,True,2026-08-15T12:00:00+00:00,GEN-20260815T120000Z-bcb100dcba34,GENERATED
20261012,2026-10-12,12,Monday,42,10,October,4,2026,False,2026-08-15T12:00:00+00:00,GEN-20260815T120000Z-bcb100dcba34,GENERATED
20261013,2026-10-13,13,Tuesday,42,10,October,4,2026,False,2026-08-15T12:00:00+00:00,GEN-20260815T120000Z-bcb100dcba34,GENERATED
20261014,2026-10-14,14,Wednesday,42,10,October,4,2026,False,2026-08-15T12:00:00+00:00,GEN-20260815T120000Z-bcb100dcba34,GENERATED
20261015,2026-10-15,15,Thursday,42,10,October,4,2026,False,2026-08-15T12:00:00+00:00,GEN-20260815T120000Z-bcb100dcba34,GENERATED
20261016,2026-10-16,16,Friday,42,10,October,4,2026,False,2026-08-15T12:00:00+00:00,GEN-20260815T120000Z-bcb100dcba34,GENERATED
20261017,2026-10-17,17,Saturday,42,10,October,4,2026,True,2026-08-15T12:00:00+00:00,GEN-20260815T120000Z-bcb100dcba34,GENERATED
20261018,2026-10-18,18,Sunday,42,10,October,4,2026,True,2026-08-15T12:00:00+00:00,GEN-20260815T120000Z-bcb100dcba34,GENERATED
20261019,2026-10-19,19,Monday,43,10,October,4,2026,False,2026-08-15T12:00:00+00:00,GEN-20260815T120000Z-bcb100dcba34,GENERATED
20261020,2026-10-20,20,Tuesday,43,10,October,4,2026,False,2026-08-15T12:00:00+00:00,GEN-20260815T120000Z-bcb100dcba34,GENERATED
20261021,2026-10-21,21,Wednesday,43,10,October,4,2026,False,2026-08-15T12:00:00+00:00,GEN-20260815T120000Z-bcb100dcba34,GENERATED
20261022,2026-10-22,22,Thursday,43,10,October,4,2026,False,2026-08-15T12:00:00+00:00,GEN-20260815T120000Z-bcb100dcba34,GENERATED
20261023,2026-10-23,23,Friday,43,10,October,4,2026,False,2026-08-15T12:00:00+00:00,GEN-20260815T120000Z-bcb100dcba34,GENERATED
20261024,2026-10-24,24,Saturday,43,10,October,4,2026,True,2026-08-15T12:00:00+00:00,GEN-20260815T120000Z-bcb100dcba34,GENERATED
20261025,2026-10-25,25,Sunday,43,10,October,4,2026,True,2026-08-15T12:00:00+00:00,GEN-20260815T120000Z-bcb100dcba34,GENERATED
20261026,2026-10-26,26,Monday,44,10,October,4,2026,False,2026-08-15T12:00:00+00:00,GEN-20260815T120000Z-bcb100dcba34,GENERATED
20261027,2026-10-27,27,Tuesday,44,10,October,4,2026,False,2026-08-15T12:00:00+00:00,GEN-20260815T120000Z-bcb100dcba34,GENERATED
20261028,2026-10-28,28,Wednesday,44,10,October,4,2026,False,2026-08-15T12:00:00+00:00,GEN-20260815T120000Z-bcb100dcba34,GENERATED
20261029,2026-10-29,29,Thursday,44,10,October,4,2026,False,2026-08-15T12:00:00+00:00,GEN-20260815T120000Z-bcb100dcba34,GENERATED
20261030,2026-10-30,30,Friday,44,10,October,4,2026,False,2026-08-15T12:00:00+00:00,GEN-20260815T120000Z-bcb100dcba34,GENERATED
20261031,2026-10-31,31,Saturday,44,10,October,4,2026,True,2026-08-15T12:00:00+00:00,GEN-20260815T120000Z-bcb100dcba34,GENERATED
20261101,2026-11-01,1,Sunday,44,11,November,4,2026,True,2026-08-15T12:00:00+00:00,GEN-20260815T120000Z-bcb100dcba34,GENERATED
20261102,2026-11-02,2,Monday,45,11,November,4,2026,False,2026-08-15T12:00:00+00:00,GEN-20260815T120000Z-bcb100dcba34,GENERATED
20261103,2026-11-03,3,Tuesday,45,11,November,4,2026,False,2026-08-15T12:00:00+00:00,GEN-20260815T120000Z-bcb100dcba34,GENERATED
20261104,2026-11-04,4,Wednesday,45,11,November,4,2026,False,2026-08-15T12:00:00+00:00,GEN-20260815T120000Z-bcb100dcba34,GENERATED
20261105,2026-11-05,5,Thursday,45,11,November,4,2026,False,2026-08-15T12:00:00+00:00,GEN-20260815T120000Z-bcb100dcba34,GENERATED
20261106,2026-11-06,6,Friday,45,11,November,4,2026,False,2026-08-15T12:00:00+00:00,GEN-20260815T120000Z-bcb100dcba34,GENERATED
20261107,2026-11-07,7,Saturday,45,11,November,4,2026,True,2026-08-15T12:00:00+00:00,GEN-20260815T120000Z-bcb100dcba34,GENERATED
20261108,2026-11-08,8,Sunday,45,11,November,4,2026,True,2026-08-15T12:00:00+00:00,GEN-20260815T120000Z-bcb100dcba34,GENERATED
20261109,2026-11-09,9,Monday,46,11,November,4,2026,False,2026-08-15T12:00:00+00:00,GEN-20260815T120000Z-bcb100dcba34,GENERATED
20261110,2026-11-10,10,Tuesday,46,11,November,4,2026,False,2026-08-15T12:00:00+00:00,GEN-20260815T120000Z-bcb100dcba34,GENERATED
20261111,2026-11-11,11,Wednesday,46,11,November,4,2026,False,2026-08-15T12:00:00+00:00,GEN-20260815T120000Z-bcb100dcba34,GENERATED
20261112,2026-11-12,12,Thursday,46,11,November,4,2026,False,2026-08-15T12:00:00+00:00,GEN-20260815T120000Z-bcb100dcba34,GENERATED
20261113,2026-11-13,13,Friday,46,11,November,4,2026,False,2026-08-15T12:00:00+00:00,GEN-20260815T120000Z-bcb100dcba34,GENERATED
20261114,2026-11-14,14,Saturday,46,11,November,4,2026,True,2026-08-15T12:00:00+00:00,GEN-20260815T120000Z-bcb100dcba34,GENERATED
20261115,2026-11-15,15,Sunday,46,11,November,4,2026,True,2026-08-15T12:00:00+00:00,GEN-20260815T120000Z-bcb100dcba34,GENERATED
20261116,2026-11-16,16,Monday,47,11,November,4,2026,False,2026-08-15T12:00:00+00:00,GEN-20260815T120000Z-bcb100dcba34,GENERATED
20261117,2026-11-17,17,Tuesday,47,11,November,4,2026,False,2026-08-15T12:00:00+00:00,GEN-20260815T120000Z-bcb100dcba34,GENERATED
20261118,2026-11-18,18,Wednesday,47,11,November,4,2026,False,2026-08-15T12:00:00+00:00,GEN-20260815T120000Z-bcb100dcba34,GENERATED
20261119,2026-11-19,19,Thursday,47,11,November,4,2026,False,2026-08-15T12:00:00+00:00,GEN-20260815T120000Z-bcb100dcba34,GENERATED
20261120,2026-11-20,20,Friday,47,11,November,4,2026,False,2026-08-15T12:00:00+00:00,GEN-20260815T120000Z-bcb100dcba34,GENERATED
20261121,2026-11-21,21,Saturday,47,11,November,4,2026,True,2026-08-15T12:00:00+00:00,GEN-20260815T120000Z-bcb100dcba34,GENERATED
20261122,2026-11-22,22,Sunday,47,11,November,4,2026,True,2026-08-15T12:00:00+00:00,GEN-20260815T120000Z-bcb100dcba34,GENERATED
20261123,2026-11-23,23,Monday,48,11,November,4,2026,False,2026-08-15T12:00:00+00:00,GEN-20260815T120000Z-bcb100dcba34,GENERATED
20261124,2026-11-24,24,Tuesday,48,11,November,4,2026,False,2026-08-15T12:00:00+00:00,GEN-20260815T120000Z-bcb100dcba34,GENERATED
20261125,2026-11-25,25,Wednesday,48,11,November,4,2026,False,2026-08-15T12:00:00+00:00,GEN-20260815T120000Z-bcb100dcba34,GENERATED
20261126,2026-11-26,26,Thursday,48,11,November,4,2026,False,2026-08-15T12:00:00+00:00,GEN-20260815T120000Z-bcb100dcba34,GENERATED
20261127,2026-11-27,27,Friday,48,11,November,4,2026,False,2026-08-15T12:00:00+00:00,GEN-20260815T120000Z-bcb100dcba34,GENERATED
20261128,2026-11-28,28,Saturday,48,11,November,4,2026,True,2026-08-15T12:00:00+00:00,GEN-20260815T120000Z-bcb100dcba34,GENERATED
20261129,2026-11-29,29,Sunday,48,11,November,4,2026,True,2026-08-15T12:00:00+00:00,GEN-20260815T120000Z-bcb100dcba34,GENERATED
20261130,2026-11-30,30,Monday,49,11,November,4,2026,False,2026-08-15T12:00:00+00:00,GEN-20260815T120000Z-bcb100dcba34,GENERATED
20261201,2026-12-01,1,Tuesday,49,12,December,4,2026,False,2026-08-15T12:00:00+00:00,GEN-20260815T120000Z-bcb100dcba34,GENERATED
20261202,2026-12-02,2,Wednesday,49,12,December,4,2026,False,2026-08-15T12:00:00+00:00,GEN-20260815T120000Z-bcb100dcba34,GENERATED
20261203,2026-12-03,3,Thursday,49,12,December,4,2026,False,2026-08-15T12:00:00+00:00,GEN-20260815T120000Z-bcb100dcba34,GENERATED
20261204,2026-12-04,4,Friday,49,12,December,4,2026,False,2026-08-15T12:00:00+00:00,GEN-20260815T120000Z-bcb100dcba34,GENERATED
20261205,2026-12-05,5,Saturday,49,12,December,4,2026,True,2026-08-15T12:00:00+00:00,GEN-20260815T120000Z-bcb100dcba34,GENERATED
20261206,2026-12-06,6,Sunday,49,12,December,4,2026,True,2026-08-15T12:00:00+00:00,GEN-20260815T120000Z-bcb100dcba34,GENERATED
20261207,2026-12-07,7,Monday,50,12,December,4,2026,False,2026-08-15T12:00:00+00:00,GEN-20260815T120000Z-bcb100dcba34,GENERATED
20261208,2026-12-08,8,Tuesday,50,12,December,4,2026,False,2026-08-15T12:00:00+00:00,GEN-20260815T120000Z-bcb100dcba34,GENERATED
20261209,2026-12-09,9,Wednesday,50,12,December,4,2026,False,2026-08-15T12:00:00+00:00,GEN-20260815T120000Z-bcb100dcba34,GENERATED
20261210,2026-12-10,10,Thursday,50,12,December,4,2026,False,2026-08-15T12:00:00+00:00,GEN-20260815T120000Z-bcb100dcba34,GENERATED
20261211,2026-12-11,11,Friday,50,12,December,4,2026,False,2026-08-15T12:00:00+00:00,GEN-20260815T120000Z-bcb100dcba34,GENERATED
20261212,2026-12-12,12,Saturday,50,12,December,4,2026,True,2026-08-15T12:00:00+00:00,GEN-20260815T120000Z-bcb100dcba34,GENERATED
20261213,2026-12-13,13,Sunday,50,12,December,4,2026,True,2026-08-15T12:00:00+00:00,GEN-20260815T120000Z-bcb100dcba34,GENERATED
20261214,2026-12-14,14,Monday,51,12,December,4,2026,False,2026-08-15T12:00:00+00:00,GEN-20260815T120000Z-bcb100dcba34,GENERATED
20261215,2026-12-15,15,Tuesday,51,12,December,4,2026,False,2026-08-15T12:00:00+00:00,GEN-20260815T120000Z-bcb100dcba34,GENERATED
20261216,2026-12-16,16,Wednesday,51,12,December,4,2026,False,2026-08-15T12:00:00+00:00,GEN-20260815T120000Z-bcb100dcba34,GENERATED
20261217,2026-12-17,17,Thursday,51,12,December,4,2026,False,2026-08-15T12:00:00+00:00,GEN-20260815T120000Z-bcb100dcba34,GENERATED
20261218,2026-12-18,18,Friday,51,12,December,4,2026,False,2026-08-15T12:00:00+00:00,GEN-20260815T120000Z-bcb100dcba34,GENERATED
20261219,2026-12-19,19,Saturday,51,12,December,4,2026,True,2026-08-15T12:00:00+00:00,GEN-20260815T120000Z-bcb100dcba34,GENERATED
20261220,2026-12-20,20,Sunday,51,12,December,4,2026,True,2026-08-15T12:00:00+00:00,GEN-20260815T120000Z-bcb100dcba34,GENERATED
20261221,2026-12-21,21,Monday,52,12,December,4,2026,False,2026-08-15T12:00:00+00:00,GEN-20260815T120000Z-bcb100dcba34,GENERATED
20261222,2026-12-22,22,Tuesday,52,12,December,4,2026,False,2026-08-15T12:00:00+00:00,GEN-20260815T120000Z-bcb100dcba34,GENERATED
20261223,2026-12-23,23,Wednesday,52,12,December,4,2026,False,2026-08-15T12:00:00+00:00,GEN-20260815T120000Z-bcb100dcba34,GENERATED
20261224,2026-12-24,24,Thursday,52,12,December,4,2026,False,2026-08-15T12:00:00+00:00,GEN-20260815T120000Z-bcb100dcba34,GENERATED
20261225,2026-12-25,25,Friday,52,12,December,4,2026,False,2026-08-15T12:00:00+00:00,GEN-20260815T120000Z-bcb100dcba34,GENERATED
20261226,2026-12-26,26,Saturday,52,12,December,4,2026,True,2026-08-15T12:00:00+00:00,GEN-20260815T120000Z-bcb100dcba34,GENERATED
20261227,2026-12-27,27,Sunday,52,12,December,4,2026,True,2026-08-15T12:00:00+00:00,GEN-20260815T120000Z-bcb100dcba34,GENERATED
20261228,2026-12-28,28,Monday,53,12,December,4,2026,False,2026-08-15T12:00:00+00:00,GEN-20260815T120000Z-bcb100dcba34,GENERATED
20261229,2026-12-29,29,Tuesday,53,12,December,4,2026,False,2026-08-15T12:00:00+00:00,GEN-20260815T120000Z-bcb100dcba34,GENERATED
20261230,2026-12-30,30,Wednesday,53,12,December,4,2026,False,2026-08-15T12:00:00+00:00,GEN-20260815T120000Z-bcb100dcba34,GENERATED
20261231,2026-12-31,31,Thursday,53,12,December,4,2026,False,2026-08-15T12:00:00+00:00,GEN-20260815T120000Z-bcb100dcba34,GENERATED
20270101,2027-01-01,1,Friday,53,1,January,1,2027,False,2026-08-15T12:00:00+00:00,GEN-20260815T120000Z-bcb100dcba34,GENERATED
20270102,2027-01-02,2,Saturday,53,1,January,1,2027,True,2026-08-15T12:00:00+00:00,GEN-20260815T120000Z-bcb100dcba34,GENERATED
20270103,2027-01-03,3,Sunday,53,1,January,1,2027,True,2026-08-15T12:00:00+00:00,GEN-20260815T120000Z-bcb100dcba34,GENERATED
20270104,2027-01-04,4,Monday,1,1,January,1,2027,False,2026-08-15T12:00:00+00:00,GEN-20260815T120000Z-bcb100dcba34,GENERATED
20270105,2027-01-05,5,Tuesday,1,1,January,1,2027,False,2026-08-15T12:00:00+00:00,GEN-20260815T120000Z-bcb100dcba34,GENERATED
20270106,2027-01-06,6,Wednesday,1,1,January,1,2027,False,2026-08-15T12:00:00+00:00,GEN-20260815T120000Z-bcb100dcba34,GENERATED
20270107,2027-01-07,7,Thursday,1,1,January,1,2027,False,2026-08-15T12:00:00+00:00,GEN-20260815T120000Z-bcb100dcba34,GENERATED
20270108,2027-01-08,8,Friday,1,1,January,1,2027,False,2026-08-15T12:00:00+00:00,GEN-20260815T120000Z-bcb100dcba34,GENERATED
20270109,2027-01-09,9,Saturday,1,1,January,1,2027,True,2026-08-15T12:00:00+00:00,GEN-20260815T120000Z-bcb100dcba34,GENERATED
20270110,2027-01-10,10,Sunday,1,1,January,1,2027,True,2026-08-15T12:00:00+00:00,GEN-20260815T120000Z-bcb100dcba34,GENERATED
20270111,2027-01-11,11,Monday,2,1,January,1,2027,False,2026-08-15T12:00:00+00:00,GEN-20260815T120000Z-bcb100dcba34,GENERATED
20270112,2027-01-12,12,Tuesday,2,1,January,1,2027,False,2026-08-15T12:00:00+00:00,GEN-20260815T120000Z-bcb100dcba34,GENERATED
20270113,2027-01-13,13,Wednesday,2,1,January,1,2027,False,2026-08-15T12:00:00+00:00,GEN-20260815T120000Z-bcb100dcba34,GENERATED
20270114,2027-01-14,14,Thursday,2,1,January,1,2027,False,2026-08-15T12:00:00+00:00,GEN-20260815T120000Z-bcb100dcba34,GENERATED
20270115,2027-01-15,15,Friday,2,1,January,1,2027,False,2026-08-15T12:00:00+00:00,GEN-20260815T120000Z-bcb100dcba34,GENERATED
20270116,2027-01-16,16,Saturday,2,1,January,1,2027,True,2026-08-15T12:00:00+00:00,GEN-20260815T120000Z-bcb100dcba34,GENERATED
20270117,2027-01-17,17,Sunday,2,1,January,1,2027,True,2026-08-15T12:00:00+00:00,GEN-20260815T120000Z-bcb100dcba34,GENERATED
20270118,2027-01-18,18,Monday,3,1,January,1,2027,False,2026-08-15T12:00:00+00:00,GEN-20260815T120000Z-bcb100dcba34,GENERATED
20270119,2027-01-19,19,Tuesday,3,1,January,1,2027,False,2026-08-15T12:00:00+00:00,GEN-20260815T120000Z-bcb100dcba34,GENERATED
20270120,2027-01-20,20,Wednesday,3,1,January,1,2027,False,2026-08-15T12:00:00+00:00,GEN-20260815T120000Z-bcb100dcba34,GENERATED
20270121,2027-01-21,21,Thursday,3,1,January,1,2027,False,2026-08-15T12:00:00+00:00,GEN-20260815T120000Z-bcb100dcba34,GENERATED
20270122,2027-01-22,22,Friday,3,1,January,1,2027,False,2026-08-15T12:00:00+00:00,GEN-20260815T120000Z-bcb100dcba34,GENERATED
20270123,2027-01-23,23,Saturday,3,1,January,1,2027,True,2026-08-15T12:00:00+00:00,GEN-20260815T120000Z-bcb100dcba34,GENERATED
20270124,2027-01-24,24,Sunday,3,1,January,1,2027,True,2026-08-15T12:00:00+00:00,GEN-20260815T120000Z-bcb100dcba34,GENERATED
20270125,2027-01-25,25,Monday,4,1,January,1,2027,False,2026-08-15T12:00:00+00:00,GEN-20260815T120000Z-bcb100dcba34,GENERATED
20270126,2027-01-26,26,Tuesday,4,1,January,1,2027,False,2026-08-15T12:00:00+00:00,GEN-20260815T120000Z-bcb100dcba34,GENERATED
20270127,2027-01-27,27,Wednesday,4,1,January,1,2027,False,2026-08-15T12:00:00+00:00,GEN-20260815T120000Z-bcb100dcba34,GENERATED
20270128,2027-01-28,28,Thursday,4,1,January,1,2027,False,2026-08-15T12:00:00+00:00,GEN-20260815T120000Z-bcb100dcba34,GENERATED
20270129,2027-01-29,29,Friday,4,1,January,1,2027,False,2026-08-15T12:00:00+00:00,GEN-20260815T120000Z-bcb100dcba34,GENERATED
20270130,2027-01-30,30,Saturday,4,1,January,1,2027,True,2026-08-15T12:00:00+00:00,GEN-20260815T120000Z-bcb100dcba34,GENERATED
20270131,2027-01-31,31,Sunday,4,1,January,1,2027,True,2026-08-15T12:00:00+00:00,GEN-20260815T120000Z-bcb100dcba34,GENERATED
20270201,2027-02-01,1,Monday,5,2,February,1,2027,False,2026-08-15T12:00:00+00:00,GEN-20260815T120000Z-bcb100dcba34,GENERATED
20270202,2027-02-02,2,Tuesday,5,2,February,1,2027,False,2026-08-15T12:00:00+00:00,GEN-20260815T120000Z-bcb100dcba34,GENERATED
20270203,2027-02-03,3,Wednesday,5,2,February,1,2027,False,2026-08-15T12:00:00+00:00,GEN-20260815T120000Z-bcb100dcba34,GENERATED
20270204,2027-02-04,4,Thursday,5,2,February,1,2027,False,2026-08-15T12:00:00+00:00,GEN-20260815T120000Z-bcb100dcba34,GENERATED
20270205,2027-02-05,5,Friday,5,2,February,1,2027,False,2026-08-15T12:00:00+00:00,GEN-20260815T120000Z-bcb100dcba34,GENERATED
20270206,2027-02-06,6,Saturday,5,2,February,1,2027,True,2026-08-15T12:00:00+00:00,GEN-20260815T120000Z-bcb100dcba34,GENERATED
20270207,2027-02-07,7,Sunday,5,2,February,1,2027,True,2026-08-15T12:00:00+00:00,GEN-20260815T120000Z-bcb100dcba34,GENERATED
20270208,2027-02-08,8,Monday,6,2,February,1,2027,False,2026-08-15T12:00:00+00:00,GEN-20260815T120000Z-bcb100dcba34,GENERATED
20270209,2027-02-09,9,Tuesday,6,2,February,1,2027,False,2026-08-15T12:00:00+00:00,GEN-20260815T120000Z-bcb100dcba34,GENERATED
20270210,2027-02-10,10,Wednesday,6,2,February,1,2027,False,2026-08-15T12:00:00+00:00,GEN-20260815T120000Z-bcb100dcba34,GENERATED
20270211,2027-02-11,11,Thursday,6,2,February,1,2027,False,2026-08-15T12:00:00+00:00,GEN-20260815T120000Z-bcb100dcba34,GENERATED
20270212,2027-02-12,12,Friday,6,2,February,1,2027,False,2026-08-15T12:00:00+00:00,GEN-20260815T120000Z-bcb100dcba34,GENERATED
20270213,2027-02-13,13,Saturday,6,2,February,1,2027,True,2026-08-15T12:00:00+00:00,GEN-20260815T120000Z-bcb100dcba34,GENERATED
20270214,2027-02-14,14,Sunday,6,2,February,1,2027,True,2026-08-15T12:00:00+00:00,GEN-20260815T120000Z-bcb100dcba34,GENERATED
20270215,2027-02-15,15,Monday,7,2,February,1,2027,False,2026-08-15T12:00:00+00:00,GEN-20260815T120000Z-bcb100dcba34,GENERATED
20270216,2027-02-16,16,Tuesday,7,2,February,1,2027,False,2026-08-15T12:00:00+00:00,GEN-20260815T120000Z-bcb100dcba34,GENERATED
20270217,2027-02-17,17,Wednesday,7,2,February,1,2027,False,2026-08-15T12:00:00+00:00,GEN-20260815T120000Z-bcb100dcba34,GENERATED
20270218,2027-02-18,18,Thursday,7,2,February,1,2027,False,2026-08-15T12:00:00+00:00,GEN-20260815T120000Z-bcb100dcba34,GENERATED
20270219,2027-02-19,19,Friday,7,2,February,1,2027,False,2026-08-15T12:00:00+00:00,GEN-20260815T120000Z-bcb100dcba34,GENERATED
20270220,2027-02-20,20,Saturday,7,2,February,1,2027,True,2026-08-15T12:00:00+00:00,GEN-20260815T120000Z-bcb100dcba34,GENERATED
20270221,2027-02-21,21,Sunday,7,2,February,1,2027,True,2026-08-15T12:00:00+00:00,GEN-20260815T120000Z-bcb100dcba34,GENERATED
20270222,2027-02-22,22,Monday,8,2,February,1,2027,False,2026-08-15T12:00:00+00:00,GEN-20260815T120000Z-bcb100dcba34,GENERATED
20270223,2027-02-23,23,Tuesday,8,2,February,1,2027,False,2026-08-15T12:00:00+00:00,GEN-20260815T120000Z-bcb100dcba34,GENERATED
20270224,2027-02-24,24,Wednesday,8,2,February,1,2027,False,2026-08-15T12:00:00+00:00,GEN-20260815T120000Z-bcb100dcba34,GENERATED
20270225,2027-02-25,25,Thursday,8,2,February,1,2027,False,2026-08-15T12:00:00+00:00,GEN-20260815T120000Z-bcb100dcba34,GENERATED
20270226,2027-02-26,26,Friday,8,2,February,1,2027,False,2026-08-15T12:00:00+00:00,GEN-20260815T120000Z-bcb100dcba34,GENERATED
20270227,2027-02-27,27,Saturday,8,2,February,1,2027,True,2026-08-15T12:00:00+00:00,GEN-20260815T120000Z-bcb100dcba34,GENERATED
20270228,2027-02-28,28,Sunday,8,2,February,1,2027,True,2026-08-15T12:00:00+00:00,GEN-20260815T120000Z-bcb100dcba34,GENERATED
20270301,2027-03-01,1,Monday,9,3,March,1,2027,False,2026-08-15T12:00:00+00:00,GEN-20260815T120000Z-bcb100dcba34,GENERATED
20270302,2027-03-02,2,Tuesday,9,3,March,1,2027,False,2026-08-15T12:00:00+00:00,GEN-20260815T120000Z-bcb100dcba34,GENERATED
20270303,2027-03-03,3,Wednesday,9,3,March,1,2027,False,2026-08-15T12:00:00+00:00,GEN-20260815T120000Z-bcb100dcba34,GENERATED
20270304,2027-03-04,4,Thursday,9,3,March,1,2027,False,2026-08-15T12:00:00+00:00,GEN-20260815T120000Z-bcb100dcba34,GENERATED
20270305,2027-03-05,5,Friday,9,3,March,1,2027,False,2026-08-15T12:00:00+00:00,GEN-20260815T120000Z-bcb100dcba34,GENERATED
20270306,2027-03-06,6,Saturday,9,3,March,1,2027,True,2026-08-15T12:00:00+00:00,GEN-20260815T120000Z-bcb100dcba34,GENERATED
20270307,2027-03-07,7,Sunday,9,3,March,1,2027,True,2026-08-15T12:00:00+00:00,GEN-20260815T120000Z-bcb100dcba34,GENERATED
20270308,2027-03-08,8,Monday,10,3,March,1,2027,False,2026-08-15T12:00:00+00:00,GEN-20260815T120000Z-bcb100dcba34,GENERATED
20270309,2027-03-09,9,Tuesday,10,3,March,1,2027,False,2026-08-15T12:00:00+00:00,GEN-20260815T120000Z-bcb100dcba34,GENERATED
20270310,2027-03-10,10,Wednesday,10,3,March,1,2027,False,2026-08-15T12:00:00+00:00,GEN-20260815T120000Z-bcb100dcba34,GENERATED
20270311,2027-03-11,11,Thursday,10,3,March,1,2027,False,2026-08-15T12:00:00+00:00,GEN-20260815T120000Z-bcb100dcba34,GENERATED
20270312,2027-03-12,12,Friday,10,3,March,1,2027,False,2026-08-15T12:00:00+00:00,GEN-20260815T120000Z-bcb100dcba34,GENERATED
20270313,2027-03-13,13,Saturday,10,3,March,1,2027,True,2026-08-15T12:00:00+00:00,GEN-20260815T120000Z-bcb100dcba34,GENERATED
20270314,2027-03-14,14,Sunday,10,3,March,1,2027,True,2026-08-15T12:00:00+00:00,GEN-20260815T120000Z-bcb100dcba34,GENERATED
20270315,2027-03-15,15,Monday,11,3,March,1,2027,False,2026-08-15T12:00:00+00:00,GEN-20260815T120000Z-bcb100dcba34,GENERATED
20270316,2027-03-16,16,Tuesday,11,3,March,1,2027,False,2026-08-15T12:00:00+00:00,GEN-20260815T120000Z-bcb100dcba34,GENERATED
20270317,2027-03-17,17,Wednesday,11,3,March,1,2027,False,2026-08-15T12:00:00+00:00,GEN-20260815T120000Z-bcb100dcba34,GENERATED
20270318,2027-03-18,18,Thursday,11,3,March,1,2027,False,2026-08-15T12:00:00+00:00,GEN-20260815T120000Z-bcb100dcba34,GENERATED
20270319,2027-03-19,19,Friday,11,3,March,1,2027,False,2026-08-15T12:00:00+00:00,GEN-20260815T120000Z-bcb100dcba34,GENERATED
20270320,2027-03-20,20,Saturday,11,3,March,1,2027,True,2026-08-15T12:00:00+00:00,GEN-20260815T120000Z-bcb100dcba34,GENERATED
20270321,2027-03-21,21,Sunday,11,3,March,1,2027,True,2026-08-15T12:00:00+00:00,GEN-20260815T120000Z-bcb100dcba34,GENERATED
20270322,2027-03-22,22,Monday,12,3,March,1,2027,False,2026-08-15T12:00:00+00:00,GEN-20260815T120000Z-bcb100dcba34,GENERATED
20270323,2027-03-23,23,Tuesday,12,3,March,1,2027,False,2026-08-15T12:00:00+00:00,GEN-20260815T120000Z-bcb100dcba34,GENERATED
20270324,2027-03-24,24,Wednesday,12,3,March,1,2027,False,2026-08-15T12:00:00+00:00,GEN-20260815T120000Z-bcb100dcba34,GENERATED
20270325,2027-03-25,25,Thursday,12,3,March,1,2027,False,2026-08-15T12:00:00+00:00,GEN-20260815T120000Z-bcb100dcba34,GENERATED
20270326,2027-03-26,26,Friday,12,3,March,1,2027,False,2026-08-15T12:00:00+00:00,GEN-20260815T120000Z-bcb100dcba34,GENERATED
20270327,2027-03-27,27,Saturday,12,3,March,1,2027,True,2026-08-15T12:00:00+00:00,GEN-20260815T120000Z-bcb100dcba34,GENERATED
20270328,2027-03-28,28,Sunday,12,3,March,1,2027,True,2026-08-15T12:00:00+00:00,GEN-20260815T120000Z-bcb100dcba34,GENERATED
20270329,2027-03-29,29,Monday,13,3,March,1,2027,False,2026-08-15T12:00:00+00:00,GEN-20260815T120000Z-bcb100dcba34,GENERATED
20270330,2027-03-30,30,Tuesday,13,3,March,1,2027,False,2026-08-15T12:00:00+00:00,GEN-20260815T120000Z-bcb100dcba34,GENERATED
20270331,2027-03-31,31,Wednesday,13,3,March,1,2027,False,2026-08-15T12:00:00+00:00,GEN-20260815T120000Z-bcb100dcba34,GENERATED
20270401,2027-04-01,1,Thursday,13,4,April,2,2027,False,2026-08-15T12:00:00+00:00,GEN-20260815T120000Z-bcb100dcba34,GENERATED
20270402,2027-04-02,2,Friday,13,4,April,2,2027,False,2026-08-15T12:00:00+00:00,GEN-20260815T120000Z-bcb100dcba34,GENERATED
20270403,2027-04-03,3,Saturday,13,4,April,2,2027,True,2026-08-15T12:00:00+00:00,GEN-20260815T120000Z-bcb100dcba34,GENERATED
20270404,2027-04-04,4,Sunday,13,4,April,2,2027,True,2026-08-15T12:00:00+00:00,GEN-20260815T120000Z-bcb100dcba34,GENERATED
20270405,2027-04-05,5,Monday,14,4,April,2,2027,False,2026-08-15T12:00:00+00:00,GEN-20260815T120000Z-bcb100dcba34,GENERATED
20270406,2027-04-06,6,Tuesday,14,4,April,2,2027,False,2026-08-15T12:00:00+00:00,GEN-20260815T120000Z-bcb100dcba34,GENERATED
20270407,2027-04-07,7,Wednesday,14,4,April,2,2027,False,2026-08-15T12:00:00+00:00,GEN-20260815T120000Z-bcb100dcba34,GENERATED
20270408,2027-04-08,8,Thursday,14,4,April,2,2027,False,2026-08-15T12:00:00+00:00,GEN-20260815T120000Z-bcb100dcba34,GENERATED
20270409,2027-04-09,9,Friday,14,4,April,2,2027,False,2026-08-15T12:00:00+00:00,GEN-20260815T120000Z-bcb100dcba34,GENERATED
20270410,2027-04-10,10,Saturday,14,4,April,2,2027,True,2026-08-15T12:00:00+00:00,GEN-20260815T120000Z-bcb100dcba34,GENERATED
20270411,2027-04-11,11,Sunday,14,4,April,2,2027,True,2026-08-15T12:00:00+00:00,GEN-20260815T120000Z-bcb100dcba34,GENERATED
20270412,2027-04-12,12,Monday,15,4,April,2,2027,False,2026-08-15T12:00:00+00:00,GEN-20260815T120000Z-bcb100dcba34,GENERATED
20270413,2027-04-13,13,Tuesday,15,4,April,2,2027,False,2026-08-15T12:00:00+00:00,GEN-20260815T120000Z-bcb100dcba34,GENERATED
20270414,2027-04-14,14,Wednesday,15,4,April,2,2027,False,2026-08-15T12:00:00+00:00,GEN-20260815T120000Z-bcb100dcba34,GENERATED
20270415,2027-04-15,15,Thursday,15,4,April,2,2027,False,2026-08-15T12:00:00+00:00,GEN-20260815T120000Z-bcb100dcba34,GENERATED
20270416,2027-04-16,16,Friday,15,4,April,2,2027,False,2026-08-15T12:00:00+00:00,GEN-20260815T120000Z-bcb100dcba34,GENERATED
20270417,2027-04-17,17,Saturday,15,4,April,2,2027,True,2026-08-15T12:00:00+00:00,GEN-20260815T120000Z-bcb100dcba34,GENERATED
20270418,2027-04-18,18,Sunday,15,4,April,2,2027,True,2026-08-15T12:00:00+00:00,GEN-20260815T120000Z-bcb100dcba34,GENERATED
20270419,2027-04-19,19,Monday,16,4,April,2,2027,False,2026-08-15T12:00:00+00:00,GEN-20260815T120000Z-bcb100dcba34,GENERATED
20270420,2027-04-20,20,Tuesday,16,4,April,2,2027,False,2026-08-15T12:00:00+00:00,GEN-20260815T120000Z-bcb100dcba34,GENERATED
20270421,2027-04-21,21,Wednesday,16,4,April,2,2027,False,2026-08-15T12:00:00+00:00,GEN-20260815T120000Z-bcb100dcba34,GENERATED
20270422,2027-04-22,22,Thursday,16,4,April,2,2027,False,2026-08-15T12:00:00+00:00,GEN-20260815T120000Z-bcb100dcba34,GENERATED
20270423,2027-04-23,23,Friday,16,4,April,2,2027,False,2026-08-15T12:00:00+00:00,GEN-20260815T120000Z-bcb100dcba34,GENERATED
20270424,2027-04-24,24,Saturday,16,4,April,2,2027,True,2026-08-15T12:00:00+00:00,GEN-20260815T120000Z-bcb100dcba34,GENERATED
20270425,2027-04-25,25,Sunday,16,4,April,2,2027,True,2026-08-15T12:00:00+00:00,GEN-20260815T120000Z-bcb100dcba34,GENERATED
20270426,2027-04-26,26,Monday,17,4,April,2,2027,False,2026-08-15T12:00:00+00:00,GEN-20260815T120000Z-bcb100dcba34,GENERATED
20270427,2027-04-27,27,Tuesday,17,4,April,2,2027,False,2026-08-15T12:00:00+00:00,GEN-20260815T120000Z-bcb100dcba34,GENERATED
20270428,2027-04-28,28,Wednesday,17,4,April,2,2027,False,2026-08-15T12:00:00+00:00,GEN-20260815T120000Z-bcb100dcba34,GENERATED
20270429,2027-04-29,29,Thursday,17,4,April,2,2027,False,2026-08-15T12:00:00+00:00,GEN-20260815T120000Z-bcb100dcba34,GENERATED
20270430,2027-04-30,30,Friday,17,4,April,2,2027,False,2026-08-15T12:00:00+00:00,GEN-20260815T120000Z-bcb100dcba34,GENERATED
20270501,2027-05-01,1,Saturday,17,5,May,2,2027,True,2026-08-15T12:00:00+00:00,GEN-20260815T120000Z-bcb100dcba34,GENERATED
20270502,2027-05-02,2,Sunday,17,5,May,2,2027,True,2026-08-15T12:00:00+00:00,GEN-20260815T120000Z-bcb100dcba34,GENERATED
20270503,2027-05-03,3,Monday,18,5,May,2,2027,False,2026-08-15T12:00:00+00:00,GEN-20260815T120000Z-bcb100dcba34,GENERATED
20270504,2027-05-04,4,Tuesday,18,5,May,2,2027,False,2026-08-15T12:00:00+00:00,GEN-20260815T120000Z-bcb100dcba34,GENERATED
20270505,2027-05-05,5,Wednesday,18,5,May,2,2027,False,2026-08-15T12:00:00+00:00,GEN-20260815T120000Z-bcb100dcba34,GENERATED
20270506,2027-05-06,6,Thursday,18,5,May,2,2027,False,2026-08-15T12:00:00+00:00,GEN-20260815T120000Z-bcb100dcba34,GENERATED
20270507,2027-05-07,7,Friday,18,5,May,2,2027,False,2026-08-15T12:00:00+00:00,GEN-20260815T120000Z-bcb100dcba34,GENERATED
20270508,2027-05-08,8,Saturday,18,5,May,2,2027,True,2026-08-15T12:00:00+00:00,GEN-20260815T120000Z-bcb100dcba34,GENERATED
20270509,2027-05-09,9,Sunday,18,5,May,2,2027,True,2026-08-15T12:00:00+00:00,GEN-20260815T120000Z-bcb100dcba34,GENERATED
20270510,2027-05-10,10,Monday,19,5,May,2,2027,False,2026-08-15T12:00:00+00:00,GEN-20260815T120000Z-bcb100dcba34,GENERATED
20270511,2027-05-11,11,Tuesday,19,5,May,2,2027,False,2026-08-15T12:00:00+00:00,GEN-20260815T120000Z-bcb100dcba34,GENERATED
20270512,2027-05-12,12,Wednesday,19,5,May,2,2027,False,2026-08-15T12:00:00+00:00,GEN-20260815T120000Z-bcb100dcba34,GENERATED
20270513,2027-05-13,13,Thursday,19,5,May,2,2027,False,2026-08-15T12:00:00+00:00,GEN-20260815T120000Z-bcb100dcba34,GENERATED
20270514,2027-05-14,14,Friday,19,5,May,2,2027,False,2026-08-15T12:00:00+00:00,GEN-20260815T120000Z-bcb100dcba34,GENERATED
20270515,2027-05-15,15,Saturday,19,5,May,2,2027,True,2026-08-15T12:00:00+00:00,GEN-20260815T120000Z-bcb100dcba34,GENERATED
20270516,2027-05-16,16,Sunday,19,5,May,2,2027,True,2026-08-15T12:00:00+00:00,GEN-20260815T120000Z-bcb100dcba34,GENERATED
20270517,2027-05-17,17,Monday,20,5,May,2,2027,False,2026-08-15T12:00:00+00:00,GEN-20260815T120000Z-bcb100dcba34,GENERATED
20270518,2027-05-18,18,Tuesday,20,5,May,2,2027,False,2026-08-15T12:00:00+00:00,GEN-20260815T120000Z-bcb100dcba34,GENERATED
20270519,2027-05-19,19,Wednesday,20,5,May,2,2027,False,2026-08-15T12:00:00+00:00,GEN-20260815T120000Z-bcb100dcba34,GENERATED
20270520,2027-05-20,20,Thursday,20,5,May,2,2027,False,2026-08-15T12:00:00+00:00,GEN-20260815T120000Z-bcb100dcba34,GENERATED
20270521,2027-05-21,21,Friday,20,5,May,2,2027,False,2026-08-15T12:00:00+00:00,GEN-20260815T120000Z-bcb100dcba34,GENERATED
20270522,2027-05-22,22,Saturday,20,5,May,2,2027,True,2026-08-15T12:00:00+00:00,GEN-20260815T120000Z-bcb100dcba34,GENERATED
20270523,2027-05-23,23,Sunday,20,5,May,2,2027,True,2026-08-15T12:00:00+00:00,GEN-20260815T120000Z-bcb100dcba34,GENERATED
20270524,2027-05-24,24,Monday,21,5,May,2,2027,False,2026-08-15T12:00:00+00:00,GEN-20260815T120000Z-bcb100dcba34,GENERATED
20270525,2027-05-25,25,Tuesday,21,5,May,2,2027,False,2026-08-15T12:00:00+00:00,GEN-20260815T120000Z-bcb100dcba34,GENERATED
20270526,2027-05-26,26,Wednesday,21,5,May,2,2027,False,2026-08-15T12:00:00+00:00,GEN-20260815T120000Z-bcb100dcba34,GENERATED
20270527,2027-05-27,27,Thursday,21,5,May,2,2027,False,2026-08-15T12:00:00+00:00,GEN-20260815T120000Z-bcb100dcba34,GENERATED
20270528,2027-05-28,28,Friday,21,5,May,2,2027,False,2026-08-15T12:00:00+00:00,GEN-20260815T120000Z-bcb100dcba34,GENERATED
20270529,2027-05-29,29,Saturday,21,5,May,2,2027,True,2026-08-15T12:00:00+00:00,GEN-20260815T120000Z-bcb100dcba34,GENERATED
20270530,2027-05-30,30,Sunday,21,5,May,2,2027,True,2026-08-15T12:00:00+00:00,GEN-20260815T120000Z-bcb100dcba34,GENERATED
20270531,2027-05-31,31,Monday,22,5,May,2,2027,False,2026-08-15T12:00:00+00:00,GEN-20260815T120000Z-bcb100dcba34,GENERATED
20270601,2027-06-01,1,Tuesday,22,6,June,2,2027,False,2026-08-15T12:00:00+00:00,GEN-20260815T120000Z-bcb100dcba34,GENERATED
20270602,2027-06-02,2,Wednesday,22,6,June,2,2027,False,2026-08-15T12:00:00+00:00,GEN-20260815T120000Z-bcb100dcba34,GENERATED
20270603,2027-06-03,3,Thursday,22,6,June,2,2027,False,2026-08-15T12:00:00+00:00,GEN-20260815T120000Z-bcb100dcba34,GENERATED
20270604,2027-06-04,4,Friday,22,6,June,2,2027,False,2026-08-15T12:00:00+00:00,GEN-20260815T120000Z-bcb100dcba34,GENERATED
20270605,2027-06-05,5,Saturday,22,6,June,2,2027,True,2026-08-15T12:00:00+00:00,GEN-20260815T120000Z-bcb100dcba34,GENERATED
20270606,2027-06-06,6,Sunday,22,6,June,2,2027,True,2026-08-15T12:00:00+00:00,GEN-20260815T120000Z-bcb100dcba34,GENERATED
20270607,2027-06-07,7,Monday,23,6,June,2,2027,False,2026-08-15T12:00:00+00:00,GEN-20260815T120000Z-bcb100dcba34,GENERATED
20270608,2027-06-08,8,Tuesday,23,6,June,2,2027,False,2026-08-15T12:00:00+00:00,GEN-20260815T120000Z-bcb100dcba34,GENERATED
20270609,2027-06-09,9,Wednesday,23,6,June,2,2027,False,2026-08-15T12:00:00+00:00,GEN-20260815T120000Z-bcb100dcba34,GENERATED
20270610,2027-06-10,10,Thursday,23,6,June,2,2027,False,2026-08-15T12:00:00+00:00,GEN-20260815T120000Z-bcb100dcba34,GENERATED
20270611,2027-06-11,11,Friday,23,6,June,2,2027,False,2026-08-15T12:00:00+00:00,GEN-20260815T120000Z-bcb100dcba34,GENERATED
20270612,2027-06-12,12,Saturday,23,6,June,2,2027,True,2026-08-15T12:00:00+00:00,GEN-20260815T120000Z-bcb100dcba34,GENERATED
20270613,2027-06-13,13,Sunday,23,6,June,2,2027,True,2026-08-15T12:00:00+00:00,GEN-20260815T120000Z-bcb100dcba34,GENERATED
20270614,2027-06-14,14,Monday,24,6,June,2,2027,False,2026-08-15T12:00:00+00:00,GEN-20260815T120000Z-bcb100dcba34,GENERATED
20270615,2027-06-15,15,Tuesday,24,6,June,2,2027,False,2026-08-15T12:00:00+00:00,GEN-20260815T120000Z-bcb100dcba34,GENERATED
20270616,2027-06-16,16,Wednesday,24,6,June,2,2027,False,2026-08-15T12:00:00+00:00,GEN-20260815T120000Z-bcb100dcba34,GENERATED
20270617,2027-06-17,17,Thursday,24,6,June,2,2027,False,2026-08-15T12:00:00+00:00,GEN-20260815T120000Z-bcb100dcba34,GENERATED
20270618,2027-06-18,18,Friday,24,6,June,2,2027,False,2026-08-15T12:00:00+00:00,GEN-20260815T120000Z-bcb100dcba34,GENERATED
20270619,2027-06-19,19,Saturday,24,6,June,2,2027,True,2026-08-15T12:00:00+00:00,GEN-20260815T120000Z-bcb100dcba34,GENERATED
20270620,2027-06-20,20,Sunday,24,6,June,2,2027,True,2026-08-15T12:00:00+00:00,GEN-20260815T120000Z-bcb100dcba34,GENERATED
20270621,2027-06-21,21,Monday,25,6,June,2,2027,False,2026-08-15T12:00:00+00:00,GEN-20260815T120000Z-bcb100dcba34,GENERATED
20270622,2027-06-22,22,Tuesday,25,6,June,2,2027,False,2026-08-15T12:00:00+00:00,GEN-20260815T120000Z-bcb100dcba34,GENERATED
20270623,2027-06-23,23,Wednesday,25,6,June,2,2027,False,2026-08-15T12:00:00+00:00,GEN-20260815T120000Z-bcb100dcba34,GENERATED
20270624,2027-06-24,24,Thursday,25,6,June,2,2027,False,2026-08-15T12:00:00+00:00,GEN-20260815T120000Z-bcb100dcba34,GENERATED
20270625,2027-06-25,25,Friday,25,6,June,2,2027,False,2026-08-15T12:00:00+00:00,GEN-20260815T120000Z-bcb100dcba34,GENERATED
20270626,2027-06-26,26,Saturday,25,6,June,2,2027,True,2026-08-15T12:00:00+00:00,GEN-20260815T120000Z-bcb100dcba34,GENERATED
20270627,2027-06-27,27,Sunday,25,6,June,2,2027,True,2026-08-15T12:00:00+00:00,GEN-20260815T120000Z-bcb100dcba34,GENERATED
20270628,2027-06-28,28,Monday,26,6,June,2,2027,False,2026-08-15T12:00:00+00:00,GEN-20260815T120000Z-bcb100dcba34,GENERATED
20270629,2027-06-29,29,Tuesday,26,6,June,2,2027,False,2026-08-15T12:00:00+00:00,GEN-20260815T120000Z-bcb100dcba34,GENERATED
20270630,2027-06-30,30,Wednesday,26,6,June,2,2027,False,2026-08-15T12:00:00+00:00,GEN-20260815T120000Z-bcb100dcba34,GENERATED
20270701,2027-07-01,1,Thursday,26,7,July,3,2027,False,2026-08-15T12:00:00+00:00,GEN-20260815T120000Z-bcb100dcba34,GENERATED
20270702,2027-07-02,2,Friday,26,7,July,3,2027,False,2026-08-15T12:00:00+00:00,GEN-20260815T120000Z-bcb100dcba34,GENERATED
20270703,2027-07-03,3,Saturday,26,7,July,3,2027,True,2026-08-15T12:00:00+00:00,GEN-20260815T120000Z-bcb100dcba34,GENERATED
20270704,2027-07-04,4,Sunday,26,7,July,3,2027,True,2026-08-15T12:00:00+00:00,GEN-20260815T120000Z-bcb100dcba34,GENERATED
20270705,2027-07-05,5,Monday,27,7,July,3,2027,False,2026-08-15T12:00:00+00:00,GEN-20260815T120000Z-bcb100dcba34,GENERATED
20270706,2027-07-06,6,Tuesday,27,7,July,3,2027,False,2026-08-15T12:00:00+00:00,GEN-20260815T120000Z-bcb100dcba34,GENERATED
20270707,2027-07-07,7,Wednesday,27,7,July,3,2027,False,2026-08-15T12:00:00+00:00,GEN-20260815T120000Z-bcb100dcba34,GENERATED
20270708,2027-07-08,8,Thursday,27,7,July,3,2027,False,2026-08-15T12:00:00+00:00,GEN-20260815T120000Z-bcb100dcba34,GENERATED
20270709,2027-07-09,9,Friday,27,7,July,3,2027,False,2026-08-15T12:00:00+00:00,GEN-20260815T120000Z-bcb100dcba34,GENERATED
20270710,2027-07-10,10,Saturday,27,7,July,3,2027,True,2026-08-15T12:00:00+00:00,GEN-20260815T120000Z-bcb100dcba34,GENERATED
20270711,2027-07-11,11,Sunday,27,7,July,3,2027,True,2026-08-15T12:00:00+00:00,GEN-20260815T120000Z-bcb100dcba34,GENERATED
20270712,2027-07-12,12,Monday,28,7,July,3,2027,False,2026-08-15T12:00:00+00:00,GEN-20260815T120000Z-bcb100dcba34,GENERATED
20270713,2027-07-13,13,Tuesday,28,7,July,3,2027,False,2026-08-15T12:00:00+00:00,GEN-20260815T120000Z-bcb100dcba34,GENERATED
20270714,2027-07-14,14,Wednesday,28,7,July,3,2027,False,2026-08-15T12:00:00+00:00,GEN-20260815T120000Z-bcb100dcba34,GENERATED
20270715,2027-07-15,15,Thursday,28,7,July,3,2027,False,2026-08-15T12:00:00+00:00,GEN-20260815T120000Z-bcb100dcba34,GENERATED
20270716,2027-07-16,16,Friday,28,7,July,3,2027,False,2026-08-15T12:00:00+00:00,GEN-20260815T120000Z-bcb100dcba34,GENERATED
20270717,2027-07-17,17,Saturday,28,7,July,3,2027,True,2026-08-15T12:00:00+00:00,GEN-20260815T120000Z-bcb100dcba34,GENERATED
20270718,2027-07-18,18,Sunday,28,7,July,3,2027,True,2026-08-15T12:00:00+00:00,GEN-20260815T120000Z-bcb100dcba34,GENERATED
20270719,2027-07-19,19,Monday,29,7,July,3,2027,False,2026-08-15T12:00:00+00:00,GEN-20260815T120000Z-bcb100dcba34,GENERATED
20270720,2027-07-20,20,Tuesday,29,7,July,3,2027,False,2026-08-15T12:00:00+00:00,GEN-20260815T120000Z-bcb100dcba34,GENERATED
20270721,2027-07-21,21,Wednesday,29,7,July,3,2027,False,2026-08-15T12:00:00+00:00,GEN-20260815T120000Z-bcb100dcba34,GENERATED
20270722,2027-07-22,22,Thursday,29,7,July,3,2027,False,2026-08-15T12:00:00+00:00,GEN-20260815T120000Z-bcb100dcba34,GENERATED
20270723,2027-07-23,23,Friday,29,7,July,3,2027,False,2026-08-15T12:00:00+00:00,GEN-20260815T120000Z-bcb100dcba34,GENERATED
20270724,2027-07-24,24,Saturday,29,7,July,3,2027,True,2026-08-15T12:00:00+00:00,GEN-20260815T120000Z-bcb100dcba34,GENERATED
20270725,2027-07-25,25,Sunday,29,7,July,3,2027,True,2026-08-15T12:00:00+00:00,GEN-20260815T120000Z-bcb100dcba34,GENERATED
20270726,2027-07-26,26,Monday,30,7,July,3,2027,False,2026-08-15T12:00:00+00:00,GEN-20260815T120000Z-bcb100dcba34,GENERATED
20270727,2027-07-27,27,Tuesday,30,7,July,3,2027,False,2026-08-15T12:00:00+00:00,GEN-20260815T120000Z-bcb100dcba34,GENERATED
20270728,2027-07-28,28,Wednesday,30,7,July,3,2027,False,2026-08-15T12:00:00+00:00,GEN-20260815T120000Z-bcb100dcba34,GENERATED
20270729,2027-07-29,29,Thursday,30,7,July,3,2027,False,2026-08-15T12:00:00+00:00,GEN-20260815T120000Z-bcb100dcba34,GENERATED
20270730,2027-07-30,30,Friday,30,7,July,3,2027,False,2026-08-15T12:00:00+00:00,GEN-20260815T120000Z-bcb100dcba34,GENERATED
20270731,2027-07-31,31,Saturday,30,7,July,3,2027,True,2026-08-15T12:00:00+00:00,GEN-20260815T120000Z-bcb100dcba34,GENERATED
20270801,2027-08-01,1,Sunday,30,8,August,3,2027,True,2026-08-15T12:00:00+00:00,GEN-20260815T120000Z-bcb100dcba34,GENERATED
20270802,2027-08-02,2,Monday,31,8,August,3,2027,False,2026-08-15T12:00:00+00:00,GEN-20260815T120000Z-bcb100dcba34,GENERATED
20270803,2027-08-03,3,Tuesday,31,8,August,3,2027,False,2026-08-15T12:00:00+00:00,GEN-20260815T120000Z-bcb100dcba34,GENERATED
20270804,2027-08-04,4,Wednesday,31,8,August,3,2027,False,2026-08-15T12:00:00+00:00,GEN-20260815T120000Z-bcb100dcba34,GENERATED
20270805,2027-08-05,5,Thursday,31,8,August,3,2027,False,2026-08-15T12:00:00+00:00,GEN-20260815T120000Z-bcb100dcba34,GENERATED
20270806,2027-08-06,6,Friday,31,8,August,3,2027,False,2026-08-15T12:00:00+00:00,GEN-20260815T120000Z-bcb100dcba34,GENERATED
20270807,2027-08-07,7,Saturday,31,8,August,3,2027,True,2026-08-15T12:00:00+00:00,GEN-20260815T120000Z-bcb100dcba34,GENERATED
20270808,2027-08-08,8,Sunday,31,8,August,3,2027,True,2026-08-15T12:00:00+00:00,GEN-20260815T120000Z-bcb100dcba34,GENERATED
20270809,2027-08-09,9,Monday,32,8,August,3,2027,False,2026-08-15T12:00:00+00:00,GEN-20260815T120000Z-bcb100dcba34,GENERATED
20270810,2027-08-10,10,Tuesday,32,8,August,3,2027,False,2026-08-15T12:00:00+00:00,GEN-20260815T120000Z-bcb100dcba34,GENERATED
20270811,2027-08-11,11,Wednesday,32,8,August,3,2027,False,2026-08-15T12:00:00+00:00,GEN-20260815T120000Z-bcb100dcba34,GENERATED
20270812,2027-08-12,12,Thursday,32,8,August,3,2027,False,2026-08-15T12:00:00+00:00,GEN-20260815T120000Z-bcb100dcba34,GENERATED
20270813,2027-08-13,13,Friday,32,8,August,3,2027,False,2026-08-15T12:00:00+00:00,GEN-20260815T120000Z-bcb100dcba34,GENERATED
20270814,2027-08-14,14,Saturday,32,8,August,3,2027,True,2026-08-15T12:00:00+00:00,GEN-20260815T120000Z-bcb100dcba34,GENERATED
20270815,2027-08-15,15,Sunday,32,8,August,3,2027,True,2026-08-15T12:00:00+00:00,GEN-20260815T120000Z-bcb100dcba34,GENERATED
20270816,2027-08-16,16,Monday,33,8,August,3,2027,False,2026-08-15T12:00:00+00:00,GEN-20260815T120000Z-bcb100dcba34,GENERATED
20270817,2027-08-17,17,Tuesday,33,8,August,3,2027,False,2026-08-15T12:00:00+00:00,GEN-20260815T120000Z-bcb100dcba34,GENERATED
20270818,2027-08-18,18,Wednesday,33,8,August,3,2027,False,2026-08-15T12:00:00+00:00,GEN-20260815T120000Z-bcb100dcba34,GENERATED
20270819,2027-08-19,19,Thursday,33,8,August,3,2027,False,2026-08-15T12:00:00+00:00,GEN-20260815T120000Z-bcb100dcba34,GENERATED
20270820,2027-08-20,20,Friday,33,8,August,3,2027,False,2026-08-15T12:00:00+00:00,GEN-20260815T120000Z-bcb100dcba34,GENERATED
20270821,2027-08-21,21,Saturday,33,8,August,3,2027,True,2026-08-15T12:00:00+00:00,GEN-20260815T120000Z-bcb100dcba34,GENERATED
20270822,2027-08-22,22,Sunday,33,8,August,3,2027,True,2026-08-15T12:00:00+00:00,GEN-20260815T120000Z-bcb100dcba34,GENERATED
20270823,2027-08-23,23,Monday,34,8,August,3,2027,False,2026-08-15T12:00:00+00:00,GEN-20260815T120000Z-bcb100dcba34,GENERATED
20270824,2027-08-24,24,Tuesday,34,8,August,3,2027,False,2026-08-15T12:00:00+00:00,GEN-20260815T120000Z-bcb100dcba34,GENERATED
20270825,2027-08-25,25,Wednesday,34,8,August,3,2027,False,2026-08-15T12:00:00+00:00,GEN-20260815T120000Z-bcb100dcba34,GENERATED
20270826,2027-08-26,26,Thursday,34,8,August,3,2027,False,2026-08-15T12:00:00+00:00,GEN-20260815T120000Z-bcb100dcba34,GENERATED
20270827,2027-08-27,27,Friday,34,8,August,3,2027,False,2026-08-15T12:00:00+00:00,GEN-20260815T120000Z-bcb100dcba34,GENERATED
20270828,2027-08-28,28,Saturday,34,8,August,3,2027,True,2026-08-15T12:00:00+00:00,GEN-20260815T120000Z-bcb100dcba34,GENERATED
20270829,2027-08-29,29,Sunday,34,8,August,3,2027,True,2026-08-15T12:00:00+00:00,GEN-20260815T120000Z-bcb100dcba34,GENERATED
20270830,2027-08-30,30,Monday,35,8,August,3,2027,False,2026-08-15T12:00:00+00:00,GEN-20260815T120000Z-bcb100dcba34,GENERATED
20270831,2027-08-31,31,Tuesday,35,8,August,3,2027,False,2026-08-15T12:00:00+00:00,GEN-20260815T120000Z-bcb100dcba34,GENERATED
20270901,2027-09-01,1,Wednesday,35,9,September,3,2027,False,2026-08-15T12:00:00+00:00,GEN-20260815T120000Z-bcb100dcba34,GENERATED
20270902,2027-09-02,2,Thursday,35,9,September,3,2027,False,2026-08-15T12:00:00+00:00,GEN-20260815T120000Z-bcb100dcba34,GENERATED
20270903,2027-09-03,3,Friday,35,9,September,3,2027,False,2026-08-15T12:00:00+00:00,GEN-20260815T120000Z-bcb100dcba34,GENERATED
20270904,2027-09-04,4,Saturday,35,9,September,3,2027,True,2026-08-15T12:00:00+00:00,GEN-20260815T120000Z-bcb100dcba34,GENERATED
20270905,2027-09-05,5,Sunday,35,9,September,3,2027,True,2026-08-15T12:00:00+00:00,GEN-20260815T120000Z-bcb100dcba34,GENERATED
20270906,2027-09-06,6,Monday,36,9,September,3,2027,False,2026-08-15T12:00:00+00:00,GEN-20260815T120000Z-bcb100dcba34,GENERATED
20270907,2027-09-07,7,Tuesday,36,9,September,3,2027,False,2026-08-15T12:00:00+00:00,GEN-20260815T120000Z-bcb100dcba34,GENERATED
20270908,2027-09-08,8,Wednesday,36,9,September,3,2027,False,2026-08-15T12:00:00+00:00,GEN-20260815T120000Z-bcb100dcba34,GENERATED
20270909,2027-09-09,9,Thursday,36,9,September,3,2027,False,2026-08-15T12:00:00+00:00,GEN-20260815T120000Z-bcb100dcba34,GENERATED
20270910,2027-09-10,10,Friday,36,9,September,3,2027,False,2026-08-15T12:00:00+00:00,GEN-20260815T120000Z-bcb100dcba34,GENERATED
20270911,2027-09-11,11,Saturday,36,9,September,3,2027,True,2026-08-15T12:00:00+00:00,GEN-20260815T120000Z-bcb100dcba34,GENERATED
20270912,2027-09-12,12,Sunday,36,9,September,3,2027,True,2026-08-15T12:00:00+00:00,GEN-20260815T120000Z-bcb100dcba34,GENERATED
20270913,2027-09-13,13,Monday,37,9,September,3,2027,False,2026-08-15T12:00:00+00:00,GEN-20260815T120000Z-bcb100dcba34,GENERATED
20270914,2027-09-14,14,Tuesday,37,9,September,3,2027,False,2026-08-15T12:00:00+00:00,GEN-20260815T120000Z-bcb100dcba34,GENERATED
20270915,2027-09-15,15,Wednesday,37,9,September,3,2027,False,2026-08-15T12:00:00+00:00,GEN-20260815T120000Z-bcb100dcba34,GENERATED
20270916,2027-09-16,16,Thursday,37,9,September,3,2027,False,2026-08-15T12:00:00+00:00,GEN-20260815T120000Z-bcb100dcba34,GENERATED
20270917,2027-09-17,17,Friday,37,9,September,3,2027,False,2026-08-15T12:00:00+00:00,GEN-20260815T120000Z-bcb100dcba34,GENERATED
20270918,2027-09-18,18,Saturday,37,9,September,3,2027,True,2026-08-15T12:00:00+00:00,GEN-20260815T120000Z-bcb100dcba34,GENERATED
20270919,2027-09-19,19,Sunday,37,9,September,3,2027,True,2026-08-15T12:00:00+00:00,GEN-20260815T120000Z-bcb100dcba34,GENERATED
20270920,2027-09-20,20,Monday,38,9,September,3,2027,False,2026-08-15T12:00:00+00:00,GEN-20260815T120000Z-bcb100dcba34,GENERATED
20270921,2027-09-21,21,Tuesday,38,9,September,3,2027,False,2026-08-15T12:00:00+00:00,GEN-20260815T120000Z-bcb100dcba34,GENERATED
20270922,2027-09-22,22,Wednesday,38,9,September,3,2027,False,2026-08-15T12:00:00+00:00,GEN-20260815T120000Z-bcb100dcba34,GENERATED
20270923,2027-09-23,23,Thursday,38,9,September,3,2027,False,2026-08-15T12:00:00+00:00,GEN-20260815T120000Z-bcb100dcba34,GENERATED
20270924,2027-09-24,24,Friday,38,9,September,3,2027,False,2026-08-15T12:00:00+00:00,GEN-20260815T120000Z-bcb100dcba34,GENERATED
20270925,2027-09-25,25,Saturday,38,9,September,3,2027,True,2026-08-15T12:00:00+00:00,GEN-20260815T120000Z-bcb100dcba34,GENERATED
20270926,2027-09-26,26,Sunday,38,9,September,3,2027,True,2026-08-15T12:00:00+00:00,GEN-20260815T120000Z-bcb100dcba34,GENERATED
20270927,2027-09-27,27,Monday,39,9,September,3,2027,False,2026-08-15T12:00:00+00:00,GEN-20260815T120000Z-bcb100dcba34,GENERATED
20270928,2027-09-28,28,Tuesday,39,9,September,3,2027,False,2026-08-15T12:00:00+00:00,GEN-20260815T120000Z-bcb100dcba34,GENERATED
20270929,2027-09-29,29,Wednesday,39,9,September,3,2027,False,2026-08-15T12:00:00+00:00,GEN-20260815T120000Z-bcb100dcba34,GENERATED
20270930,2027-09-30,30,Thursday,39,9,September,3,2027,False,2026-08-15T12:00:00+00:00,GEN-20260815T120000Z-bcb100dcba34,GENERATED
20271001,2027-10-01,1,Friday,39,10,October,4,2027,False,2026-08-15T12:00:00+00:00,GEN-20260815T120000Z-bcb100dcba34,GENERATED
20271002,2027-10-02,2,Saturday,39,10,October,4,2027,True,2026-08-15T12:00:00+00:00,GEN-20260815T120000Z-bcb100dcba34,GENERATED
20271003,2027-10-03,3,Sunday,39,10,October,4,2027,True,2026-08-15T12:00:00+00:00,GEN-20260815T120000Z-bcb100dcba34,GENERATED
20271004,2027-10-04,4,Monday,40,10,October,4,2027,False,2026-08-15T12:00:00+00:00,GEN-20260815T120000Z-bcb100dcba34,GENERATED
20271005,2027-10-05,5,Tuesday,40,10,October,4,2027,False,2026-08-15T12:00:00+00:00,GEN-20260815T120000Z-bcb100dcba34,GENERATED
20271006,2027-10-06,6,Wednesday,40,10,October,4,2027,False,2026-08-15T12:00:00+00:00,GEN-20260815T120000Z-bcb100dcba34,GENERATED
20271007,2027-10-07,7,Thursday,40,10,October,4,2027,False,2026-08-15T12:00:00+00:00,GEN-20260815T120000Z-bcb100dcba34,GENERATED
20271008,2027-10-08,8,Friday,40,10,October,4,2027,False,2026-08-15T12:00:00+00:00,GEN-20260815T120000Z-bcb100dcba34,GENERATED
20271009,2027-10-09,9,Saturday,40,10,October,4,2027,True,2026-08-15T12:00:00+00:00,GEN-20260815T120000Z-bcb100dcba34,GENERATED
20271010,2027-10-10,10,Sunday,40,10,October,4,2027,True,2026-08-15T12:00:00+00:00,GEN-20260815T120000Z-bcb100dcba34,GENERATED
20271011,2027-10-11,11,Monday,41,10,October,4,2027,False,2026-08-15T12:00:00+00:00,GEN-20260815T120000Z-bcb100dcba34,GENERATED
20271012,2027-10-12,12,Tuesday,41,10,October,4,2027,False,2026-08-15T12:00:00+00:00,GEN-20260815T120000Z-bcb100dcba34,GENERATED
20271013,2027-10-13,13,Wednesday,41,10,October,4,2027,False,2026-08-15T12:00:00+00:00,GEN-20260815T120000Z-bcb100dcba34,GENERATED
20271014,2027-10-14,14,Thursday,41,10,October,4,2027,False,2026-08-15T12:00:00+00:00,GEN-20260815T120000Z-bcb100dcba34,GENERATED
20271015,2027-10-15,15,Friday,41,10,October,4,2027,False,2026-08-15T12:00:00+00:00,GEN-20260815T120000Z-bcb100dcba34,GENERATED
20271016,2027-10-16,16,Saturday,41,10,October,4,2027,True,2026-08-15T12:00:00+00:00,GEN-20260815T120000Z-bcb100dcba34,GENERATED
20271017,2027-10-17,17,Sunday,41,10,October,4,2027,True,2026-08-15T12:00:00+00:00,GEN-20260815T120000Z-bcb100dcba34,GENERATED
20271018,2027-10-18,18,Monday,42,10,October,4,2027,False,2026-08-15T12:00:00+00:00,GEN-20260815T120000Z-bcb100dcba34,GENERATED
20271019,2027-10-19,19,Tuesday,42,10,October,4,2027,False,2026-08-15T12:00:00+00:00,GEN-20260815T120000Z-bcb100dcba34,GENERATED
20271020,2027-10-20,20,Wednesday,42,10,October,4,2027,False,2026-08-15T12:00:00+00:00,GEN-20260815T120000Z-bcb100dcba34,GENERATED
20271021,2027-10-21,21,Thursday,42,10,October,4,2027,False,2026-08-15T12:00:00+00:00,GEN-20260815T120000Z-bcb100dcba34,GENERATED
20271022,2027-10-22,22,Friday,42,10,October,4,2027,False,2026-08-15T12:00:00+00:00,GEN-20260815T120000Z-bcb100dcba34,GENERATED
20271023,2027-10-23,23,Saturday,42,10,October,4,2027,True,2026-08-15T12:00:00+00:00,GEN-20260815T120000Z-bcb100dcba34,GENERATED
20271024,2027-10-24,24,Sunday,42,10,October,4,2027,True,2026-08-15T12:00:00+00:00,GEN-20260815T120000Z-bcb100dcba34,GENERATED
20271025,2027-10-25,25,Monday,43,10,October,4,2027,False,2026-08-15T12:00:00+00:00,GEN-20260815T120000Z-bcb100dcba34,GENERATED
20271026,2027-10-26,26,Tuesday,43,10,October,4,2027,False,2026-08-15T12:00:00+00:00,GEN-20260815T120000Z-bcb100dcba34,GENERATED
20271027,2027-10-27,27,Wednesday,43,10,October,4,2027,False,2026-08-15T12:00:00+00:00,GEN-20260815T120000Z-bcb100dcba34,GENERATED
20271028,2027-10-28,28,Thursday,43,10,October,4,2027,False,2026-08-15T12:00:00+00:00,GEN-20260815T120000Z-bcb100dcba34,GENERATED
20271029,2027-10-29,29,Friday,43,10,October,4,2027,False,2026-08-15T12:00:00+00:00,GEN-20260815T120000Z-bcb100dcba34,GENERATED
20271030,2027-10-30,30,Saturday,43,10,October,4,2027,True,2026-08-15T12:00:00+00:00,GEN-20260815T120000Z-bcb100dcba34,GENERATED
20271031,2027-10-31,31,Sunday,43,10,October,4,2027,True,2026-08-15T12:00:00+00:00,GEN-20260815T120000Z-bcb100dcba34,GENERATED
20271101,2027-11-01,1,Monday,44,11,November,4,2027,False,2026-08-15T12:00:00+00:00,GEN-20260815T120000Z-bcb100dcba34,GENERATED
20271102,2027-11-02,2,Tuesday,44,11,November,4,2027,False,2026-08-15T12:00:00+00:00,GEN-20260815T120000Z-bcb100dcba34,GENERATED
20271103,2027-11-03,3,Wednesday,44,11,November,4,2027,False,2026-08-15T12:00:00+00:00,GEN-20260815T120000Z-bcb100dcba34,GENERATED
20271104,2027-11-04,4,Thursday,44,11,November,4,2027,False,2026-08-15T12:00:00+00:00,GEN-20260815T120000Z-bcb100dcba34,GENERATED
20271105,2027-11-05,5,Friday,44,11,November,4,2027,False,2026-08-15T12:00:00+00:00,GEN-20260815T120000Z-bcb100dcba34,GENERATED
20271106,2027-11-06,6,Saturday,44,11,November,4,2027,True,2026-08-15T12:00:00+00:00,GEN-20260815T120000Z-bcb100dcba34,GENERATED
20271107,2027-11-07,7,Sunday,44,11,November,4,2027,True,2026-08-15T12:00:00+00:00,GEN-20260815T120000Z-bcb100dcba34,GENERATED
20271108,2027-11-08,8,Monday,45,11,November,4,2027,False,2026-08-15T12:00:00+00:00,GEN-20260815T120000Z-bcb100dcba34,GENERATED
20271109,2027-11-09,9,Tuesday,45,11,November,4,2027,False,2026-08-15T12:00:00+00:00,GEN-20260815T120000Z-bcb100dcba34,GENERATED
20271110,2027-11-10,10,Wednesday,45,11,November,4,2027,False,2026-08-15T12:00:00+00:00,GEN-20260815T120000Z-bcb100dcba34,GENERATED
20271111,2027-11-11,11,Thursday,45,11,November,4,2027,False,2026-08-15T12:00:00+00:00,GEN-20260815T120000Z-bcb100dcba34,GENERATED
20271112,2027-11-12,12,Friday,45,11,November,4,2027,False,2026-08-15T12:00:00+00:00,GEN-20260815T120000Z-bcb100dcba34,GENERATED
20271113,2027-11-13,13,Saturday,45,11,November,4,2027,True,2026-08-15T12:00:00+00:00,GEN-20260815T120000Z-bcb100dcba34,GENERATED
20271114,2027-11-14,14,Sunday,45,11,November,4,2027,True,2026-08-15T12:00:00+00:00,GEN-20260815T120000Z-bcb100dcba34,GENERATED
20271115,2027-11-15,15,Monday,46,11,November,4,2027,False,2026-08-15T12:00:00+00:00,GEN-20260815T120000Z-bcb100dcba34,GENERATED
20271116,2027-11-16,16,Tuesday,46,11,November,4,2027,False,2026-08-15T12:00:00+00:00,GEN-20260815T120000Z-bcb100dcba34,GENERATED
20271117,2027-11-17,17,Wednesday,46,11,November,4,2027,False,2026-08-15T12:00:00+00:00,GEN-20260815T120000Z-bcb100dcba34,GENERATED
20271118,2027-11-18,18,Thursday,46,11,November,4,2027,False,2026-08-15T12:00:00+00:00,GEN-20260815T120000Z-bcb100dcba34,GENERATED
20271119,2027-11-19,19,Friday,46,11,November,4,2027,False,2026-08-15T12:00:00+00:00,GEN-20260815T120000Z-bcb100dcba34,GENERATED
20271120,2027-11-20,20,Saturday,46,11,November,4,2027,True,2026-08-15T12:00:00+00:00,GEN-20260815T120000Z-bcb100dcba34,GENERATED
20271121,2027-11-21,21,Sunday,46,11,November,4,2027,True,2026-08-15T12:00:00+00:00,GEN-20260815T120000Z-bcb100dcba34,GENERATED
20271122,2027-11-22,22,Monday,47,11,November,4,2027,False,2026-08-15T12:00:00+00:00,GEN-20260815T120000Z-bcb100dcba34,GENERATED
20271123,2027-11-23,23,Tuesday,47,11,November,4,2027,False,2026-08-15T12:00:00+00:00,GEN-20260815T120000Z-bcb100dcba34,GENERATED
20271124,2027-11-24,24,Wednesday,47,11,November,4,2027,False,2026-08-15T12:00:00+00:00,GEN-20260815T120000Z-bcb100dcba34,GENERATED
20271125,2027-11-25,25,Thursday,47,11,November,4,2027,False,2026-08-15T12:00:00+00:00,GEN-20260815T120000Z-bcb100dcba34,GENERATED
20271126,2027-11-26,26,Friday,47,11,November,4,2027,False,2026-08-15T12:00:00+00:00,GEN-20260815T120000Z-bcb100dcba34,GENERATED
20271127,2027-11-27,27,Saturday,47,11,November,4,2027,True,2026-08-15T12:00:00+00:00,GEN-20260815T120000Z-bcb100dcba34,GENERATED
20271128,2027-11-28,28,Sunday,47,11,November,4,2027,True,2026-08-15T12:00:00+00:00,GEN-20260815T120000Z-bcb100dcba34,GENERATED
20271129,2027-11-29,29,Monday,48,11,November,4,2027,False,2026-08-15T12:00:00+00:00,GEN-20260815T120000Z-bcb100dcba34,GENERATED
20271130,2027-11-30,30,Tuesday,48,11,November,4,2027,False,2026-08-15T12:00:00+00:00,GEN-20260815T120000Z-bcb100dcba34,GENERATED
20271201,2027-12-01,1,Wednesday,48,12,December,4,2027,False,2026-08-15T12:00:00+00:00,GEN-20260815T120000Z-bcb100dcba34,GENERATED
20271202,2027-12-02,2,Thursday,48,12,December,4,2027,False,2026-08-15T12:00:00+00:00,GEN-20260815T120000Z-bcb100dcba34,GENERATED
20271203,2027-12-03,3,Friday,48,12,December,4,2027,False,2026-08-15T12:00:00+00:00,GEN-20260815T120000Z-bcb100dcba34,GENERATED
20271204,2027-12-04,4,Saturday,48,12,December,4,2027,True,2026-08-15T12:00:00+00:00,GEN-20260815T120000Z-bcb100dcba34,GENERATED
20271205,2027-12-05,5,Sunday,48,12,December,4,2027,True,2026-08-15T12:00:00+00:00,GEN-20260815T120000Z-bcb100dcba34,GENERATED
20271206,2027-12-06,6,Monday,49,12,December,4,2027,False,2026-08-15T12:00:00+00:00,GEN-20260815T120000Z-bcb100dcba34,GENERATED
20271207,2027-12-07,7,Tuesday,49,12,December,4,2027,False,2026-08-15T12:00:00+00:00,GEN-20260815T120000Z-bcb100dcba34,GENERATED
20271208,2027-12-08,8,Wednesday,49,12,December,4,2027,False,2026-08-15T12:00:00+00:00,GEN-20260815T120000Z-bcb100dcba34,GENERATED
20271209,2027-12-09,9,Thursday,49,12,December,4,2027,False,2026-08-15T12:00:00+00:00,GEN-20260815T120000Z-bcb100dcba34,GENERATED
20271210,2027-12-10,10,Friday,49,12,December,4,2027,False,2026-08-15T12:00:00+00:00,GEN-20260815T120000Z-bcb100dcba34,GENERATED
20271211,2027-12-11,11,Saturday,49,12,December,4,2027,True,2026-08-15T12:00:00+00:00,GEN-20260815T120000Z-bcb100dcba34,GENERATED
20271212,2027-12-12,12,Sunday,49,12,December,4,2027,True,2026-08-15T12:00:00+00:00,GEN-20260815T120000Z-bcb100dcba34,GENERATED
20271213,2027-12-13,13,Monday,50,12,December,4,2027,False,2026-08-15T12:00:00+00:00,GEN-20260815T120000Z-bcb100dcba34,GENERATED
20271214,2027-12-14,14,Tuesday,50,12,December,4,2027,False,2026-08-15T12:00:00+00:00,GEN-20260815T120000Z-bcb100dcba34,GENERATED
20271215,2027-12-15,15,Wednesday,50,12,December,4,2027,False,2026-08-15T12:00:00+00:00,GEN-20260815T120000Z-bcb100dcba34,GENERATED
20271216,2027-12-16,16,Thursday,50,12,December,4,2027,False,2026-08-15T12:00:00+00:00,GEN-20260815T120000Z-bcb100dcba34,GENERATED
20271217,2027-12-17,17,Friday,50,12,December,4,2027,False,2026-08-15T12:00:00+00:00,GEN-20260815T120000Z-bcb100dcba34,GENERATED
20271218,2027-12-18,18,Saturday,50,12,December,4,2027,True,2026-08-15T12:00:00+00:00,GEN-20260815T120000Z-bcb100dcba34,GENERATED
20271219,2027-12-19,19,Sunday,50,12,December,4,2027,True,2026-08-15T12:00:00+00:00,GEN-20260815T120000Z-bcb100dcba34,GENERATED
20271220,2027-12-20,20,Monday,51,12,December,4,2027,False,2026-08-15T12:00:00+00:00,GEN-20260815T120000Z-bcb100dcba34,GENERATED
20271221,2027-12-21,21,Tuesday,51,12,December,4,2027,False,2026-08-15T12:00:00+00:00,GEN-20260815T120000Z-bcb100dcba34,GENERATED
20271222,2027-12-22,22,Wednesday,51,12,December,4,2027,False,2026-08-15T12:00:00+00:00,GEN-20260815T120000Z-bcb100dcba34,GENERATED
20271223,2027-12-23,23,Thursday,51,12,December,4,2027,False,2026-08-15T12:00:00+00:00,GEN-20260815T120000Z-bcb100dcba34,GENERATED
20271224,2027-12-24,24,Friday,51,12,December,4,2027,False,2026-08-15T12:00:00+00:00,GEN-20260815T120000Z-bcb100dcba34,GENERATED
20271225,2027-12-25,25,Saturday,51,12,December,4,2027,True,2026-08-15T12:00:00+00:00,GEN-20260815T120000Z-bcb100dcba34,GENERATED
20271226,2027-12-26,26,Sunday,51,12,December,4,2027,True,2026-08-15T12:00:00+00:00,GEN-20260815T120000Z-bcb100dcba34,GENERATED
20271227,2027-12-27,27,Monday,52,12,December,4,2027,False,2026-08-15T12:00:00+00:00,GEN-20260815T120000Z-bcb100dcba34,GENERATED
20271228,2027-12-28,28,Tuesday,52,12,December,4,2027,False,2026-08-15T12:00:00+00:00,GEN-20260815T120000Z-bcb100dcba34,GENERATED
20271229,2027-12-29,29,Wednesday,52,12,December,4,2027,False,2026-08-15T12:00:00+00:00,GEN-20260815T120000Z-bcb100dcba34,GENERATED
20271230,2027-12-30,30,Thursday,52,12,December,4,2027,False,2026-08-15T12:00:00+00:00,GEN-20260815T120000Z-bcb100dcba34,GENERATED
20271231,2027-12-31,31,Friday,52,12,December,4,2027,False,2026-08-15T12:00:00+00:00,GEN-20260815T120000Z-bcb100dcba34,GENERATED
20280101,2028-01-01,1,Saturday,52,1,January,1,2028,True,2026-08-15T12:00:00+00:00,GEN-20260815T120000Z-bcb100dcba34,GENERATED
20280102,2028-01-02,2,Sunday,52,1,January,1,2028,True,2026-08-15T12:00:00+00:00,GEN-20260815T120000Z-bcb100dcba34,GENERATED
20280103,2028-01-03,3,Monday,1,1,January,1,2028,False,2026-08-15T12:00:00+00:00,GEN-20260815T120000Z-bcb100dcba34,GENERATED
20280104,2028-01-04,4,Tuesday,1,1,January,1,2028,False,2026-08-15T12:00:00+00:00,GEN-20260815T120000Z-bcb100dcba34,GENERATED
20280105,2028-01-05,5,Wednesday,1,1,January,1,2028,False,2026-08-15T12:00:00+00:00,GEN-20260815T120000Z-bcb100dcba34,GENERATED
20280106,2028-01-06,6,Thursday,1,1,January,1,2028,False,2026-08-15T12:00:00+00:00,GEN-20260815T120000Z-bcb100dcba34,GENERATED
20280107,2028-01-07,7,Friday,1,1,January,1,2028,False,2026-08-15T12:00:00+00:00,GEN-20260815T120000Z-bcb100dcba34,GENERATED
20280108,2028-01-08,8,Saturday,1,1,January,1,2028,True,2026-08-15T12:00:00+00:00,GEN-20260815T120000Z-bcb100dcba34,GENERATED
20280109,2028-01-09,9,Sunday,1,1,January,1,2028,True,2026-08-15T12:00:00+00:00,GEN-20260815T120000Z-bcb100dcba34,GENERATED
20280110,2028-01-10,10,Monday,2,1,January,1,2028,False,2026-08-15T12:00:00+00:00,GEN-20260815T120000Z-bcb100dcba34,GENERATED
20280111,2028-01-11,11,Tuesday,2,1,January,1,2028,False,2026-08-15T12:00:00+00:00,GEN-20260815T120000Z-bcb100dcba34,GENERATED
20280112,2028-01-12,12,Wednesday,2,1,January,1,2028,False,2026-08-15T12:00:00+00:00,GEN-20260815T120000Z-bcb100dcba34,GENERATED
20280113,2028-01-13,13,Thursday,2,1,January,1,2028,False,2026-08-15T12:00:00+00:00,GEN-20260815T120000Z-bcb100dcba34,GENERATED
20280114,2028-01-14,14,Friday,2,1,January,1,2028,False,2026-08-15T12:00:00+00:00,GEN-20260815T120000Z-bcb100dcba34,GENERATED
20280115,2028-01-15,15,Saturday,2,1,January,1,2028,True,2026-08-15T12:00:00+00:00,GEN-20260815T120000Z-bcb100dcba34,GENERATED
20280116,2028-01-16,16,Sunday,2,1,January,1,2028,True,2026-08-15T12:00:00+00:00,GEN-20260815T120000Z-bcb100dcba34,GENERATED
20280117,2028-01-17,17,Monday,3,1,January,1,2028,False,2026-08-15T12:00:00+00:00,GEN-20260815T120000Z-bcb100dcba34,GENERATED
20280118,2028-01-18,18,Tuesday,3,1,January,1,2028,False,2026-08-15T12:00:00+00:00,GEN-20260815T120000Z-bcb100dcba34,GENERATED
20280119,2028-01-19,19,Wednesday,3,1,January,1,2028,False,2026-08-15T12:00:00+00:00,GEN-20260815T120000Z-bcb100dcba34,GENERATED
20280120,2028-01-20,20,Thursday,3,1,January,1,2028,False,2026-08-15T12:00:00+00:00,GEN-20260815T120000Z-bcb100dcba34,GENERATED
20280121,2028-01-21,21,Friday,3,1,January,1,2028,False,2026-08-15T12:00:00+00:00,GEN-20260815T120000Z-bcb100dcba34,GENERATED
20280122,2028-01-22,22,Saturday,3,1,January,1,2028,True,2026-08-15T12:00:00+00:00,GEN-20260815T120000Z-bcb100dcba34,GENERATED
20280123,2028-01-23,23,Sunday,3,1,January,1,2028,True,2026-08-15T12:00:00+00:00,GEN-20260815T120000Z-bcb100dcba34,GENERATED
20280124,2028-01-24,24,Monday,4,1,January,1,2028,False,2026-08-15T12:00:00+00:00,GEN-20260815T120000Z-bcb100dcba34,GENERATED
20280125,2028-01-25,25,Tuesday,4,1,January,1,2028,False,2026-08-15T12:00:00+00:00,GEN-20260815T120000Z-bcb100dcba34,GENERATED
20280126,2028-01-26,26,Wednesday,4,1,January,1,2028,False,2026-08-15T12:00:00+00:00,GEN-20260815T120000Z-bcb100dcba34,GENERATED
20280127,2028-01-27,27,Thursday,4,1,January,1,2028,False,2026-08-15T12:00:00+00:00,GEN-20260815T120000Z-bcb100dcba34,GENERATED
20280128,2028-01-28,28,Friday,4,1,January,1,2028,False,2026-08-15T12:00:00+00:00,GEN-20260815T120000Z-bcb100dcba34,GENERATED
20280129,2028-01-29,29,Saturday,4,1,January,1,2028,True,2026-08-15T12:00:00+00:00,GEN-20260815T120000Z-bcb100dcba34,GENERATED
20280130,2028-01-30,30,Sunday,4,1,January,1,2028,True,2026-08-15T12:00:00+00:00,GEN-20260815T120000Z-bcb100dcba34,GENERATED
20280131,2028-01-31,31,Monday,5,1,January,1,2028,False,2026-08-15T12:00:00+00:00,GEN-20260815T120000Z-bcb100dcba34,GENERATED
20280201,2028-02-01,1,Tuesday,5,2,February,1,2028,False,2026-08-15T12:00:00+00:00,GEN-20260815T120000Z-bcb100dcba34,GENERATED
20280202,2028-02-02,2,Wednesday,5,2,February,1,2028,False,2026-08-15T12:00:00+00:00,GEN-20260815T120000Z-bcb100dcba34,GENERATED
20280203,2028-02-03,3,Thursday,5,2,February,1,2028,False,2026-08-15T12:00:00+00:00,GEN-20260815T120000Z-bcb100dcba34,GENERATED
20280204,2028-02-04,4,Friday,5,2,February,1,2028,False,2026-08-15T12:00:00+00:00,GEN-20260815T120000Z-bcb100dcba34,GENERATED
20280205,2028-02-05,5,Saturday,5,2,February,1,2028,True,2026-08-15T12:00:00+00:00,GEN-20260815T120000Z-bcb100dcba34,GENERATED
20280206,2028-02-06,6,Sunday,5,2,February,1,2028,True,2026-08-15T12:00:00+00:00,GEN-20260815T120000Z-bcb100dcba34,GENERATED
20280207,2028-02-07,7,Monday,6,2,February,1,2028,False,2026-08-15T12:00:00+00:00,GEN-20260815T120000Z-bcb100dcba34,GENERATED
20280208,2028-02-08,8,Tuesday,6,2,February,1,2028,False,2026-08-15T12:00:00+00:00,GEN-20260815T120000Z-bcb100dcba34,GENERATED
20280209,2028-02-09,9,Wednesday,6,2,February,1,2028,False,2026-08-15T12:00:00+00:00,GEN-20260815T120000Z-bcb100dcba34,GENERATED
20280210,2028-02-10,10,Thursday,6,2,February,1,2028,False,2026-08-15T12:00:00+00:00,GEN-20260815T120000Z-bcb100dcba34,GENERATED
20280211,2028-02-11,11,Friday,6,2,February,1,2028,False,2026-08-15T12:00:00+00:00,GEN-20260815T120000Z-bcb100dcba34,GENERATED
20280212,2028-02-12,12,Saturday,6,2,February,1,2028,True,2026-08-15T12:00:00+00:00,GEN-20260815T120000Z-bcb100dcba34,GENERATED
20280213,2028-02-13,13,Sunday,6,2,February,1,2028,True,2026-08-15T12:00:00+00:00,GEN-20260815T120000Z-bcb100dcba34,GENERATED
20280214,2028-02-14,14,Monday,7,2,February,1,2028,False,2026-08-15T12:00:00+00:00,GEN-20260815T120000Z-bcb100dcba34,GENERATED
20280215,2028-02-15,15,Tuesday,7,2,February,1,2028,False,2026-08-15T12:00:00+00:00,GEN-20260815T120000Z-bcb100dcba34,GENERATED
20280216,2028-02-16,16,Wednesday,7,2,February,1,2028,False,2026-08-15T12:00:00+00:00,GEN-20260815T120000Z-bcb100dcba34,GENERATED
20280217,2028-02-17,17,Thursday,7,2,February,1,2028,False,2026-08-15T12:00:00+00:00,GEN-20260815T120000Z-bcb100dcba34,GENERATED
20280218,2028-02-18,18,Friday,7,2,February,1,2028,False,2026-08-15T12:00:00+00:00,GEN-20260815T120000Z-bcb100dcba34,GENERATED
20280219,2028-02-19,19,Saturday,7,2,February,1,2028,True,2026-08-15T12:00:00+00:00,GEN-20260815T120000Z-bcb100dcba34,GENERATED
20280220,2028-02-20,20,Sunday,7,2,February,1,2028,True,2026-08-15T12:00:00+00:00,GEN-20260815T120000Z-bcb100dcba34,GENERATED
20280221,2028-02-21,21,Monday,8,2,February,1,2028,False,2026-08-15T12:00:00+00:00,GEN-20260815T120000Z-bcb100dcba34,GENERATED
20280222,2028-02-22,22,Tuesday,8,2,February,1,2028,False,2026-08-15T12:00:00+00:00,GEN-20260815T120000Z-bcb100dcba34,GENERATED
20280223,2028-02-23,23,Wednesday,8,2,February,1,2028,False,2026-08-15T12:00:00+00:00,GEN-20260815T120000Z-bcb100dcba34,GENERATED
20280224,2028-02-24,24,Thursday,8,2,February,1,2028,False,2026-08-15T12:00:00+00:00,GEN-20260815T120000Z-bcb100dcba34,GENERATED
20280225,2028-02-25,25,Friday,8,2,February,1,2028,False,2026-08-15T12:00:00+00:00,GEN-20260815T120000Z-bcb100dcba34,GENERATED
20280226,2028-02-26,26,Saturday,8,2,February,1,2028,True,2026-08-15T12:00:00+00:00,GEN-20260815T120000Z-bcb100dcba34,GENERATED
20280227,2028-02-27,27,Sunday,8,2,February,1,2028,True,2026-08-15T12:00:00+00:00,GEN-20260815T120000Z-bcb100dcba34,GENERATED
20280228,2028-02-28,28,Monday,9,2,February,1,2028,False,2026-08-15T12:00:00+00:00,GEN-20260815T120000Z-bcb100dcba34,GENERATED
20280229,2028-02-29,29,Tuesday,9,2,February,1,2028,False,2026-08-15T12:00:00+00:00,GEN-20260815T120000Z-bcb100dcba34,GENERATED
20280301,2028-03-01,1,Wednesday,9,3,March,1,2028,False,2026-08-15T12:00:00+00:00,GEN-20260815T120000Z-bcb100dcba34,GENERATED
20280302,2028-03-02,2,Thursday,9,3,March,1,2028,False,2026-08-15T12:00:00+00:00,GEN-20260815T120000Z-bcb100dcba34,GENERATED
20280303,2028-03-03,3,Friday,9,3,March,1,2028,False,2026-08-15T12:00:00+00:00,GEN-20260815T120000Z-bcb100dcba34,GENERATED
20280304,2028-03-04,4,Saturday,9,3,March,1,2028,True,2026-08-15T12:00:00+00:00,GEN-20260815T120000Z-bcb100dcba34,GENERATED
20280305,2028-03-05,5,Sunday,9,3,March,1,2028,True,2026-08-15T12:00:00+00:00,GEN-20260815T120000Z-bcb100dcba34,GENERATED
20280306,2028-03-06,6,Monday,10,3,March,1,2028,False,2026-08-15T12:00:00+00:00,GEN-20260815T120000Z-bcb100dcba34,GENERATED
20280307,2028-03-07,7,Tuesday,10,3,March,1,2028,False,2026-08-15T12:00:00+00:00,GEN-20260815T120000Z-bcb100dcba34,GENERATED
20280308,2028-03-08,8,Wednesday,10,3,March,1,2028,False,2026-08-15T12:00:00+00:00,GEN-20260815T120000Z-bcb100dcba34,GENERATED
20280309,2028-03-09,9,Thursday,10,3,March,1,2028,False,2026-08-15T12:00:00+00:00,GEN-20260815T120000Z-bcb100dcba34,GENERATED
20280310,2028-03-10,10,Friday,10,3,March,1,2028,False,2026-08-15T12:00:00+00:00,GEN-20260815T120000Z-bcb100dcba34,GENERATED
20280311,2028-03-11,11,Saturday,10,3,March,1,2028,True,2026-08-15T12:00:00+00:00,GEN-20260815T120000Z-bcb100dcba34,GENERATED
20280312,2028-03-12,12,Sunday,10,3,March,1,2028,True,2026-08-15T12:00:00+00:00,GEN-20260815T120000Z-bcb100dcba34,GENERATED
20280313,2028-03-13,13,Monday,11,3,March,1,2028,False,2026-08-15T12:00:00+00:00,GEN-20260815T120000Z-bcb100dcba34,GENERATED
20280314,2028-03-14,14,Tuesday,11,3,March,1,2028,False,2026-08-15T12:00:00+00:00,GEN-20260815T120000Z-bcb100dcba34,GENERATED
20280315,2028-03-15,15,Wednesday,11,3,March,1,2028,False,2026-08-15T12:00:00+00:00,GEN-20260815T120000Z-bcb100dcba34,GENERATED
20280316,2028-03-16,16,Thursday,11,3,March,1,2028,False,2026-08-15T12:00:00+00:00,GEN-20260815T120000Z-bcb100dcba34,GENERATED
20280317,2028-03-17,17,Friday,11,3,March,1,2028,False,2026-08-15T12:00:00+00:00,GEN-20260815T120000Z-bcb100dcba34,GENERATED
20280318,2028-03-18,18,Saturday,11,3,March,1,2028,True,2026-08-15T12:00:00+00:00,GEN-20260815T120000Z-bcb100dcba34,GENERATED
20280319,2028-03-19,19,Sunday,11,3,March,1,2028,True,2026-08-15T12:00:00+00:00,GEN-20260815T120000Z-bcb100dcba34,GENERATED
20280320,2028-03-20,20,Monday,12,3,March,1,2028,False,2026-08-15T12:00:00+00:00,GEN-20260815T120000Z-bcb100dcba34,GENERATED
20280321,2028-03-21,21,Tuesday,12,3,March,1,2028,False,2026-08-15T12:00:00+00:00,GEN-20260815T120000Z-bcb100dcba34,GENERATED
20280322,2028-03-22,22,Wednesday,12,3,March,1,2028,False,2026-08-15T12:00:00+00:00,GEN-20260815T120000Z-bcb100dcba34,GENERATED
20280323,2028-03-23,23,Thursday,12,3,March,1,2028,False,2026-08-15T12:00:00+00:00,GEN-20260815T120000Z-bcb100dcba34,GENERATED
20280324,2028-03-24,24,Friday,12,3,March,1,2028,False,2026-08-15T12:00:00+00:00,GEN-20260815T120000Z-bcb100dcba34,GENERATED
20280325,2028-03-25,25,Saturday,12,3,March,1,2028,True,2026-08-15T12:00:00+00:00,GEN-20260815T120000Z-bcb100dcba34,GENERATED
20280326,2028-03-26,26,Sunday,12,3,March,1,2028,True,2026-08-15T12:00:00+00:00,GEN-20260815T120000Z-bcb100dcba34,GENERATED
20280327,2028-03-27,27,Monday,13,3,March,1,2028,False,2026-08-15T12:00:00+00:00,GEN-20260815T120000Z-bcb100dcba34,GENERATED
20280328,2028-03-28,28,Tuesday,13,3,March,1,2028,False,2026-08-15T12:00:00+00:00,GEN-20260815T120000Z-bcb100dcba34,GENERATED
20280329,2028-03-29,29,Wednesday,13,3,March,1,2028,False,2026-08-15T12:00:00+00:00,GEN-20260815T120000Z-bcb100dcba34,GENERATED
20280330,2028-03-30,30,Thursday,13,3,March,1,2028,False,2026-08-15T12:00:00+00:00,GEN-20260815T120000Z-bcb100dcba34,GENERATED
20280331,2028-03-31,31,Friday,13,3,March,1,2028,False,2026-08-15T12:00:00+00:00,GEN-20260815T120000Z-bcb100dcba34,GENERATED
20280401,2028-04-01,1,Saturday,13,4,April,2,2028,True,2026-08-15T12:00:00+00:00,GEN-20260815T120000Z-bcb100dcba34,GENERATED
20280402,2028-04-02,2,Sunday,13,4,April,2,2028,True,2026-08-15T12:00:00+00:00,GEN-20260815T120000Z-bcb100dcba34,GENERATED
20280403,2028-04-03,3,Monday,14,4,April,2,2028,False,2026-08-15T12:00:00+00:00,GEN-20260815T120000Z-bcb100dcba34,GENERATED
20280404,2028-04-04,4,Tuesday,14,4,April,2,2028,False,2026-08-15T12:00:00+00:00,GEN-20260815T120000Z-bcb100dcba34,GENERATED
20280405,2028-04-05,5,Wednesday,14,4,April,2,2028,False,2026-08-15T12:00:00+00:00,GEN-20260815T120000Z-bcb100dcba34,GENERATED
20280406,2028-04-06,6,Thursday,14,4,April,2,2028,False,2026-08-15T12:00:00+00:00,GEN-20260815T120000Z-bcb100dcba34,GENERATED
20280407,2028-04-07,7,Friday,14,4,April,2,2028,False,2026-08-15T12:00:00+00:00,GEN-20260815T120000Z-bcb100dcba34,GENERATED
20280408,2028-04-08,8,Saturday,14,4,April,2,2028,True,2026-08-15T12:00:00+00:00,GEN-20260815T120000Z-bcb100dcba34,GENERATED
20280409,2028-04-09,9,Sunday,14,4,April,2,2028,True,2026-08-15T12:00:00+00:00,GEN-20260815T120000Z-bcb100dcba34,GENERATED
20280410,2028-04-10,10,Monday,15,4,April,2,2028,False,2026-08-15T12:00:00+00:00,GEN-20260815T120000Z-bcb100dcba34,GENERATED
20280411,2028-04-11,11,Tuesday,15,4,April,2,2028,False,2026-08-15T12:00:00+00:00,GEN-20260815T120000Z-bcb100dcba34,GENERATED
20280412,2028-04-12,12,Wednesday,15,4,April,2,2028,False,2026-08-15T12:00:00+00:00,GEN-20260815T120000Z-bcb100dcba34,GENERATED
20280413,2028-04-13,13,Thursday,15,4,April,2,2028,False,2026-08-15T12:00:00+00:00,GEN-20260815T120000Z-bcb100dcba34,GENERATED
20280414,2028-04-14,14,Friday,15,4,April,2,2028,False,2026-08-15T12:00:00+00:00,GEN-20260815T120000Z-bcb100dcba34,GENERATED
20280415,2028-04-15,15,Saturday,15,4,April,2,2028,True,2026-08-15T12:00:00+00:00,GEN-20260815T120000Z-bcb100dcba34,GENERATED
20280416,2028-04-16,16,Sunday,15,4,April,2,2028,True,2026-08-15T12:00:00+00:00,GEN-20260815T120000Z-bcb100dcba34,GENERATED
20280417,2028-04-17,17,Monday,16,4,April,2,2028,False,2026-08-15T12:00:00+00:00,GEN-20260815T120000Z-bcb100dcba34,GENERATED
20280418,2028-04-18,18,Tuesday,16,4,April,2,2028,False,2026-08-15T12:00:00+00:00,GEN-20260815T120000Z-bcb100dcba34,GENERATED
20280419,2028-04-19,19,Wednesday,16,4,April,2,2028,False,2026-08-15T12:00:00+00:00,GEN-20260815T120000Z-bcb100dcba34,GENERATED
20280420,2028-04-20,20,Thursday,16,4,April,2,2028,False,2026-08-15T12:00:00+00:00,GEN-20260815T120000Z-bcb100dcba34,GENERATED
20280421,2028-04-21,21,Friday,16,4,April,2,2028,False,2026-08-15T12:00:00+00:00,GEN-20260815T120000Z-bcb100dcba34,GENERATED
20280422,2028-04-22,22,Saturday,16,4,April,2,2028,True,2026-08-15T12:00:00+00:00,GEN-20260815T120000Z-bcb100dcba34,GENERATED
20280423,2028-04-23,23,Sunday,16,4,April,2,2028,True,2026-08-15T12:00:00+00:00,GEN-20260815T120000Z-bcb100dcba34,GENERATED
20280424,2028-04-24,24,Monday,17,4,April,2,2028,False,2026-08-15T12:00:00+00:00,GEN-20260815T120000Z-bcb100dcba34,GENERATED
20280425,2028-04-25,25,Tuesday,17,4,April,2,2028,False,2026-08-15T12:00:00+00:00,GEN-20260815T120000Z-bcb100dcba34,GENERATED
20280426,2028-04-26,26,Wednesday,17,4,April,2,2028,False,2026-08-15T12:00:00+00:00,GEN-20260815T120000Z-bcb100dcba34,GENERATED
20280427,2028-04-27,27,Thursday,17,4,April,2,2028,False,2026-08-15T12:00:00+00:00,GEN-20260815T120000Z-bcb100dcba34,GENERATED
20280428,2028-04-28,28,Friday,17,4,April,2,2028,False,2026-08-15T12:00:00+00:00,GEN-20260815T120000Z-bcb100dcba34,GENERATED
20280429,2028-04-29,29,Saturday,17,4,April,2,2028,True,2026-08-15T12:00:00+00:00,GEN-20260815T120000Z-bcb100dcba34,GENERATED
20280430,2028-04-30,30,Sunday,17,4,April,2,2028,True,2026-08-15T12:00:00+00:00,GEN-20260815T120000Z-bcb100dcba34,GENERATED
20280501,2028-05-01,1,Monday,18,5,May,2,2028,False,2026-08-15T12:00:00+00:00,GEN-20260815T120000Z-bcb100dcba34,GENERATED
20280502,2028-05-02,2,Tuesday,18,5,May,2,2028,False,2026-08-15T12:00:00+00:00,GEN-20260815T120000Z-bcb100dcba34,GENERATED
20280503,2028-05-03,3,Wednesday,18,5,May,2,2028,False,2026-08-15T12:00:00+00:00,GEN-20260815T120000Z-bcb100dcba34,GENERATED
20280504,2028-05-04,4,Thursday,18,5,May,2,2028,False,2026-08-15T12:00:00+00:00,GEN-20260815T120000Z-bcb100dcba34,GENERATED
20280505,2028-05-05,5,Friday,18,5,May,2,2028,False,2026-08-15T12:00:00+00:00,GEN-20260815T120000Z-bcb100dcba34,GENERATED
20280506,2028-05-06,6,Saturday,18,5,May,2,2028,True,2026-08-15T12:00:00+00:00,GEN-20260815T120000Z-bcb100dcba34,GENERATED
20280507,2028-05-07,7,Sunday,18,5,May,2,2028,True,2026-08-15T12:00:00+00:00,GEN-20260815T120000Z-bcb100dcba34,GENERATED
20280508,2028-05-08,8,Monday,19,5,May,2,2028,False,2026-08-15T12:00:00+00:00,GEN-20260815T120000Z-bcb100dcba34,GENERATED
20280509,2028-05-09,9,Tuesday,19,5,May,2,2028,False,2026-08-15T12:00:00+00:00,GEN-20260815T120000Z-bcb100dcba34,GENERATED
20280510,2028-05-10,10,Wednesday,19,5,May,2,2028,False,2026-08-15T12:00:00+00:00,GEN-20260815T120000Z-bcb100dcba34,GENERATED
20280511,2028-05-11,11,Thursday,19,5,May,2,2028,False,2026-08-15T12:00:00+00:00,GEN-20260815T120000Z-bcb100dcba34,GENERATED
20280512,2028-05-12,12,Friday,19,5,May,2,2028,False,2026-08-15T12:00:00+00:00,GEN-20260815T120000Z-bcb100dcba34,GENERATED
20280513,2028-05-13,13,Saturday,19,5,May,2,2028,True,2026-08-15T12:00:00+00:00,GEN-20260815T120000Z-bcb100dcba34,GENERATED
20280514,2028-05-14,14,Sunday,19,5,May,2,2028,True,2026-08-15T12:00:00+00:00,GEN-20260815T120000Z-bcb100dcba34,GENERATED
20280515,2028-05-15,15,Monday,20,5,May,2,2028,False,2026-08-15T12:00:00+00:00,GEN-20260815T120000Z-bcb100dcba34,GENERATED
20280516,2028-05-16,16,Tuesday,20,5,May,2,2028,False,2026-08-15T12:00:00+00:00,GEN-20260815T120000Z-bcb100dcba34,GENERATED
20280517,2028-05-17,17,Wednesday,20,5,May,2,2028,False,2026-08-15T12:00:00+00:00,GEN-20260815T120000Z-bcb100dcba34,GENERATED
20280518,2028-05-18,18,Thursday,20,5,May,2,2028,False,2026-08-15T12:00:00+00:00,GEN-20260815T120000Z-bcb100dcba34,GENERATED
20280519,2028-05-19,19,Friday,20,5,May,2,2028,False,2026-08-15T12:00:00+00:00,GEN-20260815T120000Z-bcb100dcba34,GENERATED
20280520,2028-05-20,20,Saturday,20,5,May,2,2028,True,2026-08-15T12:00:00+00:00,GEN-20260815T120000Z-bcb100dcba34,GENERATED
20280521,2028-05-21,21,Sunday,20,5,May,2,2028,True,2026-08-15T12:00:00+00:00,GEN-20260815T120000Z-bcb100dcba34,GENERATED
20280522,2028-05-22,22,Monday,21,5,May,2,2028,False,2026-08-15T12:00:00+00:00,GEN-20260815T120000Z-bcb100dcba34,GENERATED
20280523,2028-05-23,23,Tuesday,21,5,May,2,2028,False,2026-08-15T12:00:00+00:00,GEN-20260815T120000Z-bcb100dcba34,GENERATED
20280524,2028-05-24,24,Wednesday,21,5,May,2,2028,False,2026-08-15T12:00:00+00:00,GEN-20260815T120000Z-bcb100dcba34,GENERATED
20280525,2028-05-25,25,Thursday,21,5,May,2,2028,False,2026-08-15T12:00:00+00:00,GEN-20260815T120000Z-bcb100dcba34,GENERATED
20280526,2028-05-26,26,Friday,21,5,May,2,2028,False,2026-08-15T12:00:00+00:00,GEN-20260815T120000Z-bcb100dcba34,GENERATED
20280527,2028-05-27,27,Saturday,21,5,May,2,2028,True,2026-08-15T12:00:00+00:00,GEN-20260815T120000Z-bcb100dcba34,GENERATED
20280528,2028-05-28,28,Sunday,21,5,May,2,2028,True,2026-08-15T12:00:00+00:00,GEN-20260815T120000Z-bcb100dcba34,GENERATED
20280529,2028-05-29,29,Monday,22,5,May,2,2028,False,2026-08-15T12:00:00+00:00,GEN-20260815T120000Z-bcb100dcba34,GENERATED
20280530,2028-05-30,30,Tuesday,22,5,May,2,2028,False,2026-08-15T12:00:00+00:00,GEN-20260815T120000Z-bcb100dcba34,GENERATED
20280531,2028-05-31,31,Wednesday,22,5,May,2,2028,False,2026-08-15T12:00:00+00:00,GEN-20260815T120000Z-bcb100dcba34,GENERATED
20280601,2028-06-01,1,Thursday,22,6,June,2,2028,False,2026-08-15T12:00:00+00:00,GEN-20260815T120000Z-bcb100dcba34,GENERATED
20280602,2028-06-02,2,Friday,22,6,June,2,2028,False,2026-08-15T12:00:00+00:00,GEN-20260815T120000Z-bcb100dcba34,GENERATED
20280603,2028-06-03,3,Saturday,22,6,June,2,2028,True,2026-08-15T12:00:00+00:00,GEN-20260815T120000Z-bcb100dcba34,GENERATED
20280604,2028-06-04,4,Sunday,22,6,June,2,2028,True,2026-08-15T12:00:00+00:00,GEN-20260815T120000Z-bcb100dcba34,GENERATED
20280605,2028-06-05,5,Monday,23,6,June,2,2028,False,2026-08-15T12:00:00+00:00,GEN-20260815T120000Z-bcb100dcba34,GENERATED
20280606,2028-06-06,6,Tuesday,23,6,June,2,2028,False,2026-08-15T12:00:00+00:00,GEN-20260815T120000Z-bcb100dcba34,GENERATED
20280607,2028-06-07,7,Wednesday,23,6,June,2,2028,False,2026-08-15T12:00:00+00:00,GEN-20260815T120000Z-bcb100dcba34,GENERATED
20280608,2028-06-08,8,Thursday,23,6,June,2,2028,False,2026-08-15T12:00:00+00:00,GEN-20260815T120000Z-bcb100dcba34,GENERATED
20280609,2028-06-09,9,Friday,23,6,June,2,2028,False,2026-08-15T12:00:00+00:00,GEN-20260815T120000Z-bcb100dcba34,GENERATED
20280610,2028-06-10,10,Saturday,23,6,June,2,2028,True,2026-08-15T12:00:00+00:00,GEN-20260815T120000Z-bcb100dcba34,GENERATED
20280611,2028-06-11,11,Sunday,23,6,June,2,2028,True,2026-08-15T12:00:00+00:00,GEN-20260815T120000Z-bcb100dcba34,GENERATED
20280612,2028-06-12,12,Monday,24,6,June,2,2028,False,2026-08-15T12:00:00+00:00,GEN-20260815T120000Z-bcb100dcba34,GENERATED
20280613,2028-06-13,13,Tuesday,24,6,June,2,2028,False,2026-08-15T12:00:00+00:00,GEN-20260815T120000Z-bcb100dcba34,GENERATED
20280614,2028-06-14,14,Wednesday,24,6,June,2,2028,False,2026-08-15T12:00:00+00:00,GEN-20260815T120000Z-bcb100dcba34,GENERATED
20280615,2028-06-15,15,Thursday,24,6,June,2,2028,False,2026-08-15T12:00:00+00:00,GEN-20260815T120000Z-bcb100dcba34,GENERATED
20280616,2028-06-16,16,Friday,24,6,June,2,2028,False,2026-08-15T12:00:00+00:00,GEN-20260815T120000Z-bcb100dcba34,GENERATED
20280617,2028-06-17,17,Saturday,24,6,June,2,2028,True,2026-08-15T12:00:00+00:00,GEN-20260815T120000Z-bcb100dcba34,GENERATED
20280618,2028-06-18,18,Sunday,24,6,June,2,2028,True,2026-08-15T12:00:00+00:00,GEN-20260815T120000Z-bcb100dcba34,GENERATED
20280619,2028-06-19,19,Monday,25,6,June,2,2028,False,2026-08-15T12:00:00+00:00,GEN-20260815T120000Z-bcb100dcba34,GENERATED
20280620,2028-06-20,20,Tuesday,25,6,June,2,2028,False,2026-08-15T12:00:00+00:00,GEN-20260815T120000Z-bcb100dcba34,GENERATED
20280621,2028-06-21,21,Wednesday,25,6,June,2,2028,False,2026-08-15T12:00:00+00:00,GEN-20260815T120000Z-bcb100dcba34,GENERATED
20280622,2028-06-22,22,Thursday,25,6,June,2,2028,False,2026-08-15T12:00:00+00:00,GEN-20260815T120000Z-bcb100dcba34,GENERATED
20280623,2028-06-23,23,Friday,25,6,June,2,2028,False,2026-08-15T12:00:00+00:00,GEN-20260815T120000Z-bcb100dcba34,GENERATED
20280624,2028-06-24,24,Saturday,25,6,June,2,2028,True,2026-08-15T12:00:00+00:00,GEN-20260815T120000Z-bcb100dcba34,GENERATED
20280625,2028-06-25,25,Sunday,25,6,June,2,2028,True,2026-08-15T12:00:00+00:00,GEN-20260815T120000Z-bcb100dcba34,GENERATED
20280626,2028-06-26,26,Monday,26,6,June,2,2028,False,2026-08-15T12:00:00+00:00,GEN-20260815T120000Z-bcb100dcba34,GENERATED
20280627,2028-06-27,27,Tuesday,26,6,June,2,2028,False,2026-08-15T12:00:00+00:00,GEN-20260815T120000Z-bcb100dcba34,GENERATED
20280628,2028-06-28,28,Wednesday,26,6,June,2,2028,False,2026-08-15T12:00:00+00:00,GEN-20260815T120000Z-bcb100dcba34,GENERATED
20280629,2028-06-29,29,Thursday,26,6,June,2,2028,False,2026-08-15T12:00:00+00:00,GEN-20260815T120000Z-bcb100dcba34,GENERATED
20280630,2028-06-30,30,Friday,26,6,June,2,2028,False,2026-08-15T12:00:00+00:00,GEN-20260815T120000Z-bcb100dcba34,GENERATED
20280701,2028-07-01,1,Saturday,26,7,July,3,2028,True,2026-08-15T12:00:00+00:00,GEN-20260815T120000Z-bcb100dcba34,GENERATED
20280702,2028-07-02,2,Sunday,26,7,July,3,2028,True,2026-08-15T12:00:00+00:00,GEN-20260815T120000Z-bcb100dcba34,GENERATED
20280703,2028-07-03,3,Monday,27,7,July,3,2028,False,2026-08-15T12:00:00+00:00,GEN-20260815T120000Z-bcb100dcba34,GENERATED
20280704,2028-07-04,4,Tuesday,27,7,July,3,2028,False,2026-08-15T12:00:00+00:00,GEN-20260815T120000Z-bcb100dcba34,GENERATED
20280705,2028-07-05,5,Wednesday,27,7,July,3,2028,False,2026-08-15T12:00:00+00:00,GEN-20260815T120000Z-bcb100dcba34,GENERATED
20280706,2028-07-06,6,Thursday,27,7,July,3,2028,False,2026-08-15T12:00:00+00:00,GEN-20260815T120000Z-bcb100dcba34,GENERATED
20280707,2028-07-07,7,Friday,27,7,July,3,2028,False,2026-08-15T12:00:00+00:00,GEN-20260815T120000Z-bcb100dcba34,GENERATED
20280708,2028-07-08,8,Saturday,27,7,July,3,2028,True,2026-08-15T12:00:00+00:00,GEN-20260815T120000Z-bcb100dcba34,GENERATED
20280709,2028-07-09,9,Sunday,27,7,July,3,2028,True,2026-08-15T12:00:00+00:00,GEN-20260815T120000Z-bcb100dcba34,GENERATED
20280710,2028-07-10,10,Monday,28,7,July,3,2028,False,2026-08-15T12:00:00+00:00,GEN-20260815T120000Z-bcb100dcba34,GENERATED
20280711,2028-07-11,11,Tuesday,28,7,July,3,2028,False,2026-08-15T12:00:00+00:00,GEN-20260815T120000Z-bcb100dcba34,GENERATED
20280712,2028-07-12,12,Wednesday,28,7,July,3,2028,False,2026-08-15T12:00:00+00:00,GEN-20260815T120000Z-bcb100dcba34,GENERATED
20280713,2028-07-13,13,Thursday,28,7,July,3,2028,False,2026-08-15T12:00:00+00:00,GEN-20260815T120000Z-bcb100dcba34,GENERATED
20280714,2028-07-14,14,Friday,28,7,July,3,2028,False,2026-08-15T12:00:00+00:00,GEN-20260815T120000Z-bcb100dcba34,GENERATED
20280715,2028-07-15,15,Saturday,28,7,July,3,2028,True,2026-08-15T12:00:00+00:00,GEN-20260815T120000Z-bcb100dcba34,GENERATED
20280716,2028-07-16,16,Sunday,28,7,July,3,2028,True,2026-08-15T12:00:00+00:00,GEN-20260815T120000Z-bcb100dcba34,GENERATED
20280717,2028-07-17,17,Monday,29,7,July,3,2028,False,2026-08-15T12:00:00+00:00,GEN-20260815T120000Z-bcb100dcba34,GENERATED
20280718,2028-07-18,18,Tuesday,29,7,July,3,2028,False,2026-08-15T12:00:00+00:00,GEN-20260815T120000Z-bcb100dcba34,GENERATED
20280719,2028-07-19,19,Wednesday,29,7,July,3,2028,False,2026-08-15T12:00:00+00:00,GEN-20260815T120000Z-bcb100dcba34,GENERATED
20280720,2028-07-20,20,Thursday,29,7,July,3,2028,False,2026-08-15T12:00:00+00:00,GEN-20260815T120000Z-bcb100dcba34,GENERATED
20280721,2028-07-21,21,Friday,29,7,July,3,2028,False,2026-08-15T12:00:00+00:00,GEN-20260815T120000Z-bcb100dcba34,GENERATED
20280722,2028-07-22,22,Saturday,29,7,July,3,2028,True,2026-08-15T12:00:00+00:00,GEN-20260815T120000Z-bcb100dcba34,GENERATED
20280723,2028-07-23,23,Sunday,29,7,July,3,2028,True,2026-08-15T12:00:00+00:00,GEN-20260815T120000Z-bcb100dcba34,GENERATED
20280724,2028-07-24,24,Monday,30,7,July,3,2028,False,2026-08-15T12:00:00+00:00,GEN-20260815T120000Z-bcb100dcba34,GENERATED
20280725,2028-07-25,25,Tuesday,30,7,July,3,2028,False,2026-08-15T12:00:00+00:00,GEN-20260815T120000Z-bcb100dcba34,GENERATED
20280726,2028-07-26,26,Wednesday,30,7,July,3,2028,False,2026-08-15T12:00:00+00:00,GEN-20260815T120000Z-bcb100dcba34,GENERATED
20280727,2028-07-27,27,Thursday,30,7,July,3,2028,False,2026-08-15T12:00:00+00:00,GEN-20260815T120000Z-bcb100dcba34,GENERATED
20280728,2028-07-28,28,Friday,30,7,July,3,2028,False,2026-08-15T12:00:00+00:00,GEN-20260815T120000Z-bcb100dcba34,GENERATED
20280729,2028-07-29,29,Saturday,30,7,July,3,2028,True,2026-08-15T12:00:00+00:00,GEN-20260815T120000Z-bcb100dcba34,GENERATED
20280730,2028-07-30,30,Sunday,30,7,July,3,2028,True,2026-08-15T12:00:00+00:00,GEN-20260815T120000Z-bcb100dcba34,GENERATED
20280731,2028-07-31,31,Monday,31,7,July,3,2028,False,2026-08-15T12:00:00+00:00,GEN-20260815T120000Z-bcb100dcba34,GENERATED
20280801,2028-08-01,1,Tuesday,31,8,August,3,2028,False,2026-08-15T12:00:00+00:00,GEN-20260815T120000Z-bcb100dcba34,GENERATED
20280802,2028-08-02,2,Wednesday,31,8,August,3,2028,False,2026-08-15T12:00:00+00:00,GEN-20260815T120000Z-bcb100dcba34,GENERATED
20280803,2028-08-03,3,Thursday,31,8,August,3,2028,False,2026-08-15T12:00:00+00:00,GEN-20260815T120000Z-bcb100dcba34,GENERATED
20280804,2028-08-04,4,Friday,31,8,August,3,2028,False,2026-08-15T12:00:00+00:00,GEN-20260815T120000Z-bcb100dcba34,GENERATED
20280805,2028-08-05,5,Saturday,31,8,August,3,2028,True,2026-08-15T12:00:00+00:00,GEN-20260815T120000Z-bcb100dcba34,GENERATED
20280806,2028-08-06,6,Sunday,31,8,August,3,2028,True,2026-08-15T12:00:00+00:00,GEN-20260815T120000Z-bcb100dcba34,GENERATED
20280807,2028-08-07,7,Monday,32,8,August,3,2028,False,2026-08-15T12:00:00+00:00,GEN-20260815T120000Z-bcb100dcba34,GENERATED
20280808,2028-08-08,8,Tuesday,32,8,August,3,2028,False,2026-08-15T12:00:00+00:00,GEN-20260815T120000Z-bcb100dcba34,GENERATED
20280809,2028-08-09,9,Wednesday,32,8,August,3,2028,False,2026-08-15T12:00:00+00:00,GEN-20260815T120000Z-bcb100dcba34,GENERATED
20280810,2028-08-10,10,Thursday,32,8,August,3,2028,False,2026-08-15T12:00:00+00:00,GEN-20260815T120000Z-bcb100dcba34,GENERATED
20280811,2028-08-11,11,Friday,32,8,August,3,2028,False,2026-08-15T12:00:00+00:00,GEN-20260815T120000Z-bcb100dcba34,GENERATED
20280812,2028-08-12,12,Saturday,32,8,August,3,2028,True,2026-08-15T12:00:00+00:00,GEN-20260815T120000Z-bcb100dcba34,GENERATED
20280813,2028-08-13,13,Sunday,32,8,August,3,2028,True,2026-08-15T12:00:00+00:00,GEN-20260815T120000Z-bcb100dcba34,GENERATED
20280814,2028-08-14,14,Monday,33,8,August,3,2028,False,2026-08-15T12:00:00+00:00,GEN-20260815T120000Z-bcb100dcba34,GENERATED
20280815,2028-08-15,15,Tuesday,33,8,August,3,2028,False,2026-08-15T12:00:00+00:00,GEN-20260815T120000Z-bcb100dcba34,GENERATED
20280816,2028-08-16,16,Wednesday,33,8,August,3,2028,False,2026-08-15T12:00:00+00:00,GEN-20260815T120000Z-bcb100dcba34,GENERATED
20280817,2028-08-17,17,Thursday,33,8,August,3,2028,False,2026-08-15T12:00:00+00:00,GEN-20260815T120000Z-bcb100dcba34,GENERATED
20280818,2028-08-18,18,Friday,33,8,August,3,2028,False,2026-08-15T12:00:00+00:00,GEN-20260815T120000Z-bcb100dcba34,GENERATED
20280819,2028-08-19,19,Saturday,33,8,August,3,2028,True,2026-08-15T12:00:00+00:00,GEN-20260815T120000Z-bcb100dcba34,GENERATED
20280820,2028-08-20,20,Sunday,33,8,August,3,2028,True,2026-08-15T12:00:00+00:00,GEN-20260815T120000Z-bcb100dcba34,GENERATED
20280821,2028-08-21,21,Monday,34,8,August,3,2028,False,2026-08-15T12:00:00+00:00,GEN-20260815T120000Z-bcb100dcba34,GENERATED
20280822,2028-08-22,22,Tuesday,34,8,August,3,2028,False,2026-08-15T12:00:00+00:00,GEN-20260815T120000Z-bcb100dcba34,GENERATED
20280823,2028-08-23,23,Wednesday,34,8,August,3,2028,False,2026-08-15T12:00:00+00:00,GEN-20260815T120000Z-bcb100dcba34,GENERATED
20280824,2028-08-24,24,Thursday,34,8,August,3,2028,False,2026-08-15T12:00:00+00:00,GEN-20260815T120000Z-bcb100dcba34,GENERATED
20280825,2028-08-25,25,Friday,34,8,August,3,2028,False,2026-08-15T12:00:00+00:00,GEN-20260815T120000Z-bcb100dcba34,GENERATED
20280826,2028-08-26,26,Saturday,34,8,August,3,2028,True,2026-08-15T12:00:00+00:00,GEN-20260815T120000Z-bcb100dcba34,GENERATED
20280827,2028-08-27,27,Sunday,34,8,August,3,2028,True,2026-08-15T12:00:00+00:00,GEN-20260815T120000Z-bcb100dcba34,GENERATED
20280828,2028-08-28,28,Monday,35,8,August,3,2028,False,2026-08-15T12:00:00+00:00,GEN-20260815T120000Z-bcb100dcba34,GENERATED
20280829,2028-08-29,29,Tuesday,35,8,August,3,2028,False,2026-08-15T12:00:00+00:00,GEN-20260815T120000Z-bcb100dcba34,GENERATED
20280830,2028-08-30,30,Wednesday,35,8,August,3,2028,False,2026-08-15T12:00:00+00:00,GEN-20260815T120000Z-bcb100dcba34,GENERATED
20280831,2028-08-31,31,Thursday,35,8,August,3,2028,False,2026-08-15T12:00:00+00:00,GEN-20260815T120000Z-bcb100dcba34,GENERATED
20280901,2028-09-01,1,Friday,35,9,September,3,2028,False,2026-08-15T12:00:00+00:00,GEN-20260815T120000Z-bcb100dcba34,GENERATED
20280902,2028-09-02,2,Saturday,35,9,September,3,2028,True,2026-08-15T12:00:00+00:00,GEN-20260815T120000Z-bcb100dcba34,GENERATED
20280903,2028-09-03,3,Sunday,35,9,September,3,2028,True,2026-08-15T12:00:00+00:00,GEN-20260815T120000Z-bcb100dcba34,GENERATED
20280904,2028-09-04,4,Monday,36,9,September,3,2028,False,2026-08-15T12:00:00+00:00,GEN-20260815T120000Z-bcb100dcba34,GENERATED
20280905,2028-09-05,5,Tuesday,36,9,September,3,2028,False,2026-08-15T12:00:00+00:00,GEN-20260815T120000Z-bcb100dcba34,GENERATED
20280906,2028-09-06,6,Wednesday,36,9,September,3,2028,False,2026-08-15T12:00:00+00:00,GEN-20260815T120000Z-bcb100dcba34,GENERATED
20280907,2028-09-07,7,Thursday,36,9,September,3,2028,False,2026-08-15T12:00:00+00:00,GEN-20260815T120000Z-bcb100dcba34,GENERATED
20280908,2028-09-08,8,Friday,36,9,September,3,2028,False,2026-08-15T12:00:00+00:00,GEN-20260815T120000Z-bcb100dcba34,GENERATED
20280909,2028-09-09,9,Saturday,36,9,September,3,2028,True,2026-08-15T12:00:00+00:00,GEN-20260815T120000Z-bcb100dcba34,GENERATED
20280910,2028-09-10,10,Sunday,36,9,September,3,2028,True,2026-08-15T12:00:00+00:00,GEN-20260815T120000Z-bcb100dcba34,GENERATED
20280911,2028-09-11,11,Monday,37,9,September,3,2028,False,2026-08-15T12:00:00+00:00,GEN-20260815T120000Z-bcb100dcba34,GENERATED
20280912,2028-09-12,12,Tuesday,37,9,September,3,2028,False,2026-08-15T12:00:00+00:00,GEN-20260815T120000Z-bcb100dcba34,GENERATED
20280913,2028-09-13,13,Wednesday,37,9,September,3,2028,False,2026-08-15T12:00:00+00:00,GEN-20260815T120000Z-bcb100dcba34,GENERATED
20280914,2028-09-14,14,Thursday,37,9,September,3,2028,False,2026-08-15T12:00:00+00:00,GEN-20260815T120000Z-bcb100dcba34,GENERATED
20280915,2028-09-15,15,Friday,37,9,September,3,2028,False,2026-08-15T12:00:00+00:00,GEN-20260815T120000Z-bcb100dcba34,GENERATED
20280916,2028-09-16,16,Saturday,37,9,September,3,2028,True,2026-08-15T12:00:00+00:00,GEN-20260815T120000Z-bcb100dcba34,GENERATED
20280917,2028-09-17,17,Sunday,37,9,September,3,2028,True,2026-08-15T12:00:00+00:00,GEN-20260815T120000Z-bcb100dcba34,GENERATED
20280918,2028-09-18,18,Monday,38,9,September,3,2028,False,2026-08-15T12:00:00+00:00,GEN-20260815T120000Z-bcb100dcba34,GENERATED
20280919,2028-09-19,19,Tuesday,38,9,September,3,2028,False,2026-08-15T12:00:00+00:00,GEN-20260815T120000Z-bcb100dcba34,GENERATED
20280920,2028-09-20,20,Wednesday,38,9,September,3,2028,False,2026-08-15T12:00:00+00:00,GEN-20260815T120000Z-bcb100dcba34,GENERATED
20280921,2028-09-21,21,Thursday,38,9,September,3,2028,False,2026-08-15T12:00:00+00:00,GEN-20260815T120000Z-bcb100dcba34,GENERATED
20280922,2028-09-22,22,Friday,38,9,September,3,2028,False,2026-08-15T12:00:00+00:00,GEN-20260815T120000Z-bcb100dcba34,GENERATED
20280923,2028-09-23,23,Saturday,38,9,September,3,2028,True,2026-08-15T12:00:00+00:00,GEN-20260815T120000Z-bcb100dcba34,GENERATED
20280924,2028-09-24,24,Sunday,38,9,September,3,2028,True,2026-08-15T12:00:00+00:00,GEN-20260815T120000Z-bcb100dcba34,GENERATED
20280925,2028-09-25,25,Monday,39,9,September,3,2028,False,2026-08-15T12:00:00+00:00,GEN-20260815T120000Z-bcb100dcba34,GENERATED
20280926,2028-09-26,26,Tuesday,39,9,September,3,2028,False,2026-08-15T12:00:00+00:00,GEN-20260815T120000Z-bcb100dcba34,GENERATED
20280927,2028-09-27,27,Wednesday,39,9,September,3,2028,False,2026-08-15T12:00:00+00:00,GEN-20260815T120000Z-bcb100dcba34,GENERATED
20280928,2028-09-28,28,Thursday,39,9,September,3,2028,False,2026-08-15T12:00:00+00:00,GEN-20260815T120000Z-bcb100dcba34,GENERATED
20280929,2028-09-29,29,Friday,39,9,September,3,2028,False,2026-08-15T12:00:00+00:00,GEN-20260815T120000Z-bcb100dcba34,GENERATED
20280930,2028-09-30,30,Saturday,39,9,September,3,2028,True,2026-08-15T12:00:00+00:00,GEN-20260815T120000Z-bcb100dcba34,GENERATED
20281001,2028-10-01,1,Sunday,39,10,October,4,2028,True,2026-08-15T12:00:00+00:00,GEN-20260815T120000Z-bcb100dcba34,GENERATED
20281002,2028-10-02,2,Monday,40,10,October,4,2028,False,2026-08-15T12:00:00+00:00,GEN-20260815T120000Z-bcb100dcba34,GENERATED
20281003,2028-10-03,3,Tuesday,40,10,October,4,2028,False,2026-08-15T12:00:00+00:00,GEN-20260815T120000Z-bcb100dcba34,GENERATED
20281004,2028-10-04,4,Wednesday,40,10,October,4,2028,False,2026-08-15T12:00:00+00:00,GEN-20260815T120000Z-bcb100dcba34,GENERATED
20281005,2028-10-05,5,Thursday,40,10,October,4,2028,False,2026-08-15T12:00:00+00:00,GEN-20260815T120000Z-bcb100dcba34,GENERATED
20281006,2028-10-06,6,Friday,40,10,October,4,2028,False,2026-08-15T12:00:00+00:00,GEN-20260815T120000Z-bcb100dcba34,GENERATED
20281007,2028-10-07,7,Saturday,40,10,October,4,2028,True,2026-08-15T12:00:00+00:00,GEN-20260815T120000Z-bcb100dcba34,GENERATED
20281008,2028-10-08,8,Sunday,40,10,October,4,2028,True,2026-08-15T12:00:00+00:00,GEN-20260815T120000Z-bcb100dcba34,GENERATED
20281009,2028-10-09,9,Monday,41,10,October,4,2028,False,2026-08-15T12:00:00+00:00,GEN-20260815T120000Z-bcb100dcba34,GENERATED
20281010,2028-10-10,10,Tuesday,41,10,October,4,2028,False,2026-08-15T12:00:00+00:00,GEN-20260815T120000Z-bcb100dcba34,GENERATED
20281011,2028-10-11,11,Wednesday,41,10,October,4,2028,False,2026-08-15T12:00:00+00:00,GEN-20260815T120000Z-bcb100dcba34,GENERATED
20281012,2028-10-12,12,Thursday,41,10,October,4,2028,False,2026-08-15T12:00:00+00:00,GEN-20260815T120000Z-bcb100dcba34,GENERATED
20281013,2028-10-13,13,Friday,41,10,October,4,2028,False,2026-08-15T12:00:00+00:00,GEN-20260815T120000Z-bcb100dcba34,GENERATED
20281014,2028-10-14,14,Saturday,41,10,October,4,2028,True,2026-08-15T12:00:00+00:00,GEN-20260815T120000Z-bcb100dcba34,GENERATED
20281015,2028-10-15,15,Sunday,41,10,October,4,2028,True,2026-08-15T12:00:00+00:00,GEN-20260815T120000Z-bcb100dcba34,GENERATED
20281016,2028-10-16,16,Monday,42,10,October,4,2028,False,2026-08-15T12:00:00+00:00,GEN-20260815T120000Z-bcb100dcba34,GENERATED
20281017,2028-10-17,17,Tuesday,42,10,October,4,2028,False,2026-08-15T12:00:00+00:00,GEN-20260815T120000Z-bcb100dcba34,GENERATED
20281018,2028-10-18,18,Wednesday,42,10,October,4,2028,False,2026-08-15T12:00:00+00:00,GEN-20260815T120000Z-bcb100dcba34,GENERATED
20281019,2028-10-19,19,Thursday,42,10,October,4,2028,False,2026-08-15T12:00:00+00:00,GEN-20260815T120000Z-bcb100dcba34,GENERATED
20281020,2028-10-20,20,Friday,42,10,October,4,2028,False,2026-08-15T12:00:00+00:00,GEN-20260815T120000Z-bcb100dcba34,GENERATED
20281021,2028-10-21,21,Saturday,42,10,October,4,2028,True,2026-08-15T12:00:00+00:00,GEN-20260815T120000Z-bcb100dcba34,GENERATED
20281022,2028-10-22,22,Sunday,42,10,October,4,2028,True,2026-08-15T12:00:00+00:00,GEN-20260815T120000Z-bcb100dcba34,GENERATED
20281023,2028-10-23,23,Monday,43,10,October,4,2028,False,2026-08-15T12:00:00+00:00,GEN-20260815T120000Z-bcb100dcba34,GENERATED
20281024,2028-10-24,24,Tuesday,43,10,October,4,2028,False,2026-08-15T12:00:00+00:00,GEN-20260815T120000Z-bcb100dcba34,GENERATED
20281025,2028-10-25,25,Wednesday,43,10,October,4,2028,False,2026-08-15T12:00:00+00:00,GEN-20260815T120000Z-bcb100dcba34,GENERATED
20281026,2028-10-26,26,Thursday,43,10,October,4,2028,False,2026-08-15T12:00:00+00:00,GEN-20260815T120000Z-bcb100dcba34,GENERATED
20281027,2028-10-27,27,Friday,43,10,October,4,2028,False,2026-08-15T12:00:00+00:00,GEN-20260815T120000Z-bcb100dcba34,GENERATED
20281028,2028-10-28,28,Saturday,43,10,October,4,2028,True,2026-08-15T12:00:00+00:00,GEN-20260815T120000Z-bcb100dcba34,GENERATED
20281029,2028-10-29,29,Sunday,43,10,October,4,2028,True,2026-08-15T12:00:00+00:00,GEN-20260815T120000Z-bcb100dcba34,GENERATED
20281030,2028-10-30,30,Monday,44,10,October,4,2028,False,2026-08-15T12:00:00+00:00,GEN-20260815T120000Z-bcb100dcba34,GENERATED
20281031,2028-10-31,31,Tuesday,44,10,October,4,2028,False,2026-08-15T12:00:00+00:00,GEN-20260815T120000Z-bcb100dcba34,GENERATED
20281101,2028-11-01,1,Wednesday,44,11,November,4,2028,False,2026-08-15T12:00:00+00:00,GEN-20260815T120000Z-bcb100dcba34,GENERATED
20281102,2028-11-02,2,Thursday,44,11,November,4,2028,False,2026-08-15T12:00:00+00:00,GEN-20260815T120000Z-bcb100dcba34,GENERATED
20281103,2028-11-03,3,Friday,44,11,November,4,2028,False,2026-08-15T12:00:00+00:00,GEN-20260815T120000Z-bcb100dcba34,GENERATED
20281104,2028-11-04,4,Saturday,44,11,November,4,2028,True,2026-08-15T12:00:00+00:00,GEN-20260815T120000Z-bcb100dcba34,GENERATED
20281105,2028-11-05,5,Sunday,44,11,November,4,2028,True,2026-08-15T12:00:00+00:00,GEN-20260815T120000Z-bcb100dcba34,GENERATED
20281106,2028-11-06,6,Monday,45,11,November,4,2028,False,2026-08-15T12:00:00+00:00,GEN-20260815T120000Z-bcb100dcba34,GENERATED
20281107,2028-11-07,7,Tuesday,45,11,November,4,2028,False,2026-08-15T12:00:00+00:00,GEN-20260815T120000Z-bcb100dcba34,GENERATED
20281108,2028-11-08,8,Wednesday,45,11,November,4,2028,False,2026-08-15T12:00:00+00:00,GEN-20260815T120000Z-bcb100dcba34,GENERATED
20281109,2028-11-09,9,Thursday,45,11,November,4,2028,False,2026-08-15T12:00:00+00:00,GEN-20260815T120000Z-bcb100dcba34,GENERATED
20281110,2028-11-10,10,Friday,45,11,November,4,2028,False,2026-08-15T12:00:00+00:00,GEN-20260815T120000Z-bcb100dcba34,GENERATED
20281111,2028-11-11,11,Saturday,45,11,November,4,2028,True,2026-08-15T12:00:00+00:00,GEN-20260815T120000Z-bcb100dcba34,GENERATED
20281112,2028-11-12,12,Sunday,45,11,November,4,2028,True,2026-08-15T12:00:00+00:00,GEN-20260815T120000Z-bcb100dcba34,GENERATED
20281113,2028-11-13,13,Monday,46,11,November,4,2028,False,2026-08-15T12:00:00+00:00,GEN-20260815T120000Z-bcb100dcba34,GENERATED
20281114,2028-11-14,14,Tuesday,46,11,November,4,2028,False,2026-08-15T12:00:00+00:00,GEN-20260815T120000Z-bcb100dcba34,GENERATED
20281115,2028-11-15,15,Wednesday,46,11,November,4,2028,False,2026-08-15T12:00:00+00:00,GEN-20260815T120000Z-bcb100dcba34,GENERATED
20281116,2028-11-16,16,Thursday,46,11,November,4,2028,False,2026-08-15T12:00:00+00:00,GEN-20260815T120000Z-bcb100dcba34,GENERATED
20281117,2028-11-17,17,Friday,46,11,November,4,2028,False,2026-08-15T12:00:00+00:00,GEN-20260815T120000Z-bcb100dcba34,GENERATED
20281118,2028-11-18,18,Saturday,46,11,November,4,2028,True,2026-08-15T12:00:00+00:00,GEN-20260815T120000Z-bcb100dcba34,GENERATED
20281119,2028-11-19,19,Sunday,46,11,November,4,2028,True,2026-08-15T12:00:00+00:00,GEN-20260815T120000Z-bcb100dcba34,GENERATED
20281120,2028-11-20,20,Monday,47,11,November,4,2028,False,2026-08-15T12:00:00+00:00,GEN-20260815T120000Z-bcb100dcba34,GENERATED
20281121,2028-11-21,21,Tuesday,47,11,November,4,2028,False,2026-08-15T12:00:00+00:00,GEN-20260815T120000Z-bcb100dcba34,GENERATED
20281122,2028-11-22,22,Wednesday,47,11,November,4,2028,False,2026-08-15T12:00:00+00:00,GEN-20260815T120000Z-bcb100dcba34,GENERATED
20281123,2028-11-23,23,Thursday,47,11,November,4,2028,False,2026-08-15T12:00:00+00:00,GEN-20260815T120000Z-bcb100dcba34,GENERATED
20281124,2028-11-24,24,Friday,47,11,November,4,2028,False,2026-08-15T12:00:00+00:00,GEN-20260815T120000Z-bcb100dcba34,GENERATED
20281125,2028-11-25,25,Saturday,47,11,November,4,2028,True,2026-08-15T12:00:00+00:00,GEN-20260815T120000Z-bcb100dcba34,GENERATED
20281126,2028-11-26,26,Sunday,47,11,November,4,2028,True,2026-08-15T12:00:00+00:00,GEN-20260815T120000Z-bcb100dcba34,GENERATED
20281127,2028-11-27,27,Monday,48,11,November,4,2028,False,2026-08-15T12:00:00+00:00,GEN-20260815T120000Z-bcb100dcba34,GENERATED
20281128,2028-11-28,28,Tuesday,48,11,November,4,2028,False,2026-08-15T12:00:00+00:00,GEN-20260815T120000Z-bcb100dcba34,GENERATED
20281129,2028-11-29,29,Wednesday,48,11,November,4,2028,False,2026-08-15T12:00:00+00:00,GEN-20260815T120000Z-bcb100dcba34,GENERATED
20281130,2028-11-30,30,Thursday,48,11,November,4,2028,False,2026-08-15T12:00:00+00:00,GEN-20260815T120000Z-bcb100dcba34,GENERATED
20281201,2028-12-01,1,Friday,48,12,December,4,2028,False,2026-08-15T12:00:00+00:00,GEN-20260815T120000Z-bcb100dcba34,GENERATED
20281202,2028-12-02,2,Saturday,48,12,December,4,2028,True,2026-08-15T12:00:00+00:00,GEN-20260815T120000Z-bcb100dcba34,GENERATED
20281203,2028-12-03,3,Sunday,48,12,December,4,2028,True,2026-08-15T12:00:00+00:00,GEN-20260815T120000Z-bcb100dcba34,GENERATED
20281204,2028-12-04,4,Monday,49,12,December,4,2028,False,2026-08-15T12:00:00+00:00,GEN-20260815T120000Z-bcb100dcba34,GENERATED
20281205,2028-12-05,5,Tuesday,49,12,December,4,2028,False,2026-08-15T12:00:00+00:00,GEN-20260815T120000Z-bcb100dcba34,GENERATED
20281206,2028-12-06,6,Wednesday,49,12,December,4,2028,False,2026-08-15T12:00:00+00:00,GEN-20260815T120000Z-bcb100dcba34,GENERATED
20281207,2028-12-07,7,Thursday,49,12,December,4,2028,False,2026-08-15T12:00:00+00:00,GEN-20260815T120000Z-bcb100dcba34,GENERATED
20281208,2028-12-08,8,Friday,49,12,December,4,2028,False,2026-08-15T12:00:00+00:00,GEN-20260815T120000Z-bcb100dcba34,GENERATED
20281209,2028-12-09,9,Saturday,49,12,December,4,2028,True,2026-08-15T12:00:00+00:00,GEN-20260815T120000Z-bcb100dcba34,GENERATED
20281210,2028-12-10,10,Sunday,49,12,December,4,2028,True,2026-08-15T12:00:00+00:00,GEN-20260815T120000Z-bcb100dcba34,GENERATED
20281211,2028-12-11,11,Monday,50,12,December,4,2028,False,2026-08-15T12:00:00+00:00,GEN-20260815T120000Z-bcb100dcba34,GENERATED
20281212,2028-12-12,12,Tuesday,50,12,December,4,2028,False,2026-08-15T12:00:00+00:00,GEN-20260815T120000Z-bcb100dcba34,GENERATED
20281213,2028-12-13,13,Wednesday,50,12,December,4,2028,False,2026-08-15T12:00:00+00:00,GEN-20260815T120000Z-bcb100dcba34,GENERATED
20281214,2028-12-14,14,Thursday,50,12,December,4,2028,False,2026-08-15T12:00:00+00:00,GEN-20260815T120000Z-bcb100dcba34,GENERATED
20281215,2028-12-15,15,Friday,50,12,December,4,2028,False,2026-08-15T12:00:00+00:00,GEN-20260815T120000Z-bcb100dcba34,GENERATED
20281216,2028-12-16,16,Saturday,50,12,December,4,2028,True,2026-08-15T12:00:00+00:00,GEN-20260815T120000Z-bcb100dcba34,GENERATED
20281217,2028-12-17,17,Sunday,50,12,December,4,2028,True,2026-08-15T12:00:00+00:00,GEN-20260815T120000Z-bcb100dcba34,GENERATED
20281218,2028-12-18,18,Monday,51,12,December,4,2028,False,2026-08-15T12:00:00+00:00,GEN-20260815T120000Z-bcb100dcba34,GENERATED
20281219,2028-12-19,19,Tuesday,51,12,December,4,2028,False,2026-08-15T12:00:00+00:00,GEN-20260815T120000Z-bcb100dcba34,GENERATED
20281220,2028-12-20,20,Wednesday,51,12,December,4,2028,False,2026-08-15T12:00:00+00:00,GEN-20260815T120000Z-bcb100dcba34,GENERATED
20281221,2028-12-21,21,Thursday,51,12,December,4,2028,False,2026-08-15T12:00:00+00:00,GEN-20260815T120000Z-bcb100dcba34,GENERATED
20281222,2028-12-22,22,Friday,51,12,December,4,2028,False,2026-08-15T12:00:00+00:00,GEN-20260815T120000Z-bcb100dcba34,GENERATED
20281223,2028-12-23,23,Saturday,51,12,December,4,2028,True,2026-08-15T12:00:00+00:00,GEN-20260815T120000Z-bcb100dcba34,GENERATED
20281224,2028-12-24,24,Sunday,51,12,December,4,2028,True,2026-08-15T12:00:00+00:00,GEN-20260815T120000Z-bcb100dcba34,GENERATED
20281225,2028-12-25,25,Monday,52,12,December,4,2028,False,2026-08-15T12:00:00+00:00,GEN-20260815T120000Z-bcb100dcba34,GENERATED
20281226,2028-12-26,26,Tuesday,52,12,December,4,2028,False,2026-08-15T12:00:00+00:00,GEN-20260815T120000Z-bcb100dcba34,GENERATED
20281227,2028-12-27,27,Wednesday,52,12,December,4,2028,False,2026-08-15T12:00:00+00:00,GEN-20260815T120000Z-bcb100dcba34,GENERATED
20281228,2028-12-28,28,Thursday,52,12,December,4,2028,False,2026-08-15T12:00:00+00:00,GEN-20260815T120000Z-bcb100dcba34,GENERATED
20281229,2028-12-29,29,Friday,52,12,December,4,2028,False,2026-08-15T12:00:00+00:00,GEN-20260815T120000Z-bcb100dcba34,GENERATED
20281230,2028-12-30,30,Saturday,52,12,December,4,2028,True,2026-08-15T12:00:00+00:00,GEN-20260815T120000Z-bcb100dcba34,GENERATED
20281231,2028-12-31,31,Sunday,52,12,December,4,2028,True,2026-08-15T12:00:00+00:00,GEN-20260815T120000Z-bcb100dcba34,GENERATED
20290101,2029-01-01,1,Monday,1,1,January,1,2029,False,2026-08-15T12:00:00+00:00,GEN-20260815T120000Z-bcb100dcba34,GENERATED
20290102,2029-01-02,2,Tuesday,1,1,January,1,2029,False,2026-08-15T12:00:00+00:00,GEN-20260815T120000Z-bcb100dcba34,GENERATED
20290103,2029-01-03,3,Wednesday,1,1,January,1,2029,False,2026-08-15T12:00:00+00:00,GEN-20260815T120000Z-bcb100dcba34,GENERATED
20290104,2029-01-04,4,Thursday,1,1,January,1,2029,False,2026-08-15T12:00:00+00:00,GEN-20260815T120000Z-bcb100dcba34,GENERATED
20290105,2029-01-05,5,Friday,1,1,January,1,2029,False,2026-08-15T12:00:00+00:00,GEN-20260815T120000Z-bcb100dcba34,GENERATED
20290106,2029-01-06,6,Saturday,1,1,January,1,2029,True,2026-08-15T12:00:00+00:00,GEN-20260815T120000Z-bcb100dcba34,GENERATED
20290107,2029-01-07,7,Sunday,1,1,January,1,2029,True,2026-08-15T12:00:00+00:00,GEN-20260815T120000Z-bcb100dcba34,GENERATED
20290108,2029-01-08,8,Monday,2,1,January,1,2029,False,2026-08-15T12:00:00+00:00,GEN-20260815T120000Z-bcb100dcba34,GENERATED
20290109,2029-01-09,9,Tuesday,2,1,January,1,2029,False,2026-08-15T12:00:00+00:00,GEN-20260815T120000Z-bcb100dcba34,GENERATED
20290110,2029-01-10,10,Wednesday,2,1,January,1,2029,False,2026-08-15T12:00:00+00:00,GEN-20260815T120000Z-bcb100dcba34,GENERATED
20290111,2029-01-11,11,Thursday,2,1,January,1,2029,False,2026-08-15T12:00:00+00:00,GEN-20260815T120000Z-bcb100dcba34,GENERATED
20290112,2029-01-12,12,Friday,2,1,January,1,2029,False,2026-08-15T12:00:00+00:00,GEN-20260815T120000Z-bcb100dcba34,GENERATED
20290113,2029-01-13,13,Saturday,2,1,January,1,2029,True,2026-08-15T12:00:00+00:00,GEN-20260815T120000Z-bcb100dcba34,GENERATED
20290114,2029-01-14,14,Sunday,2,1,January,1,2029,True,2026-08-15T12:00:00+00:00,GEN-20260815T120000Z-bcb100dcba34,GENERATED
20290115,2029-01-15,15,Monday,3,1,January,1,2029,False,2026-08-15T12:00:00+00:00,GEN-20260815T120000Z-bcb100dcba34,GENERATED
20290116,2029-01-16,16,Tuesday,3,1,January,1,2029,False,2026-08-15T12:00:00+00:00,GEN-20260815T120000Z-bcb100dcba34,GENERATED
20290117,2029-01-17,17,Wednesday,3,1,January,1,2029,False,2026-08-15T12:00:00+00:00,GEN-20260815T120000Z-bcb100dcba34,GENERATED
20290118,2029-01-18,18,Thursday,3,1,January,1,2029,False,2026-08-15T12:00:00+00:00,GEN-20260815T120000Z-bcb100dcba34,GENERATED
20290119,2029-01-19,19,Friday,3,1,January,1,2029,False,2026-08-15T12:00:00+00:00,GEN-20260815T120000Z-bcb100dcba34,GENERATED
20290120,2029-01-20,20,Saturday,3,1,January,1,2029,True,2026-08-15T12:00:00+00:00,GEN-20260815T120000Z-bcb100dcba34,GENERATED
20290121,2029-01-21,21,Sunday,3,1,January,1,2029,True,2026-08-15T12:00:00+00:00,GEN-20260815T120000Z-bcb100dcba34,GENERATED
20290122,2029-01-22,22,Monday,4,1,January,1,2029,False,2026-08-15T12:00:00+00:00,GEN-20260815T120000Z-bcb100dcba34,GENERATED
20290123,2029-01-23,23,Tuesday,4,1,January,1,2029,False,2026-08-15T12:00:00+00:00,GEN-20260815T120000Z-bcb100dcba34,GENERATED
20290124,2029-01-24,24,Wednesday,4,1,January,1,2029,False,2026-08-15T12:00:00+00:00,GEN-20260815T120000Z-bcb100dcba34,GENERATED
20290125,2029-01-25,25,Thursday,4,1,January,1,2029,False,2026-08-15T12:00:00+00:00,GEN-20260815T120000Z-bcb100dcba34,GENERATED
20290126,2029-01-26,26,Friday,4,1,January,1,2029,False,2026-08-15T12:00:00+00:00,GEN-20260815T120000Z-bcb100dcba34,GENERATED
20290127,2029-01-27,27,Saturday,4,1,January,1,2029,True,2026-08-15T12:00:00+00:00,GEN-20260815T120000Z-bcb100dcba34,GENERATED
20290128,2029-01-28,28,Sunday,4,1,January,1,2029,True,2026-08-15T12:00:00+00:00,GEN-20260815T120000Z-bcb100dcba34,GENERATED
20290129,2029-01-29,29,Monday,5,1,January,1,2029,False,2026-08-15T12:00:00+00:00,GEN-20260815T120000Z-bcb100dcba34,GENERATED
20290130,2029-01-30,30,Tuesday,5,1,January,1,2029,False,2026-08-15T12:00:00+00:00,GEN-20260815T120000Z-bcb100dcba34,GENERATED
20290131,2029-01-31,31,Wednesday,5,1,January,1,2029,False,2026-08-15T12:00:00+00:00,GEN-20260815T120000Z-bcb100dcba34,GENERATED
20290201,2029-02-01,1,Thursday,5,2,February,1,2029,False,2026-08-15T12:00:00+00:00,GEN-20260815T120000Z-bcb100dcba34,GENERATED
20290202,2029-02-02,2,Friday,5,2,February,1,2029,False,2026-08-15T12:00:00+00:00,GEN-20260815T120000Z-bcb100dcba34,GENERATED
20290203,2029-02-03,3,Saturday,5,2,February,1,2029,True,2026-08-15T12:00:00+00:00,GEN-20260815T120000Z-bcb100dcba34,GENERATED
20290204,2029-02-04,4,Sunday,5,2,February,1,2029,True,2026-08-15T12:00:00+00:00,GEN-20260815T120000Z-bcb100dcba34,GENERATED
20290205,2029-02-05,5,Monday,6,2,February,1,2029,False,2026-08-15T12:00:00+00:00,GEN-20260815T120000Z-bcb100dcba34,GENERATED
20290206,2029-02-06,6,Tuesday,6,2,February,1,2029,False,2026-08-15T12:00:00+00:00,GEN-20260815T120000Z-bcb100dcba34,GENERATED
20290207,2029-02-07,7,Wednesday,6,2,February,1,2029,False,2026-08-15T12:00:00+00:00,GEN-20260815T120000Z-bcb100dcba34,GENERATED
20290208,2029-02-08,8,Thursday,6,2,February,1,2029,False,2026-08-15T12:00:00+00:00,GEN-20260815T120000Z-bcb100dcba34,GENERATED
20290209,2029-02-09,9,Friday,6,2,February,1,2029,False,2026-08-15T12:00:00+00:00,GEN-20260815T120000Z-bcb100dcba34,GENERATED
20290210,2029-02-10,10,Saturday,6,2,February,1,2029,True,2026-08-15T12:00:00+00:00,GEN-20260815T120000Z-bcb100dcba34,GENERATED
20290211,2029-02-11,11,Sunday,6,2,February,1,2029,True,2026-08-15T12:00:00+00:00,GEN-20260815T120000Z-bcb100dcba34,GENERATED
20290212,2029-02-12,12,Monday,7,2,February,1,2029,False,2026-08-15T12:00:00+00:00,GEN-20260815T120000Z-bcb100dcba34,GENERATED
20290213,2029-02-13,13,Tuesday,7,2,February,1,2029,False,2026-08-15T12:00:00+00:00,GEN-20260815T120000Z-bcb100dcba34,GENERATED
20290214,2029-02-14,14,Wednesday,7,2,February,1,2029,False,2026-08-15T12:00:00+00:00,GEN-20260815T120000Z-bcb100dcba34,GENERATED
20290215,2029-02-15,15,Thursday,7,2,February,1,2029,False,2026-08-15T12:00:00+00:00,GEN-20260815T120000Z-bcb100dcba34,GENERATED
20290216,2029-02-16,16,Friday,7,2,February,1,2029,False,2026-08-15T12:00:00+00:00,GEN-20260815T120000Z-bcb100dcba34,GENERATED
20290217,2029-02-17,17,Saturday,7,2,February,1,2029,True,2026-08-15T12:00:00+00:00,GEN-20260815T120000Z-bcb100dcba34,GENERATED
20290218,2029-02-18,18,Sunday,7,2,February,1,2029,True,2026-08-15T12:00:00+00:00,GEN-20260815T120000Z-bcb100dcba34,GENERATED
20290219,2029-02-19,19,Monday,8,2,February,1,2029,False,2026-08-15T12:00:00+00:00,GEN-20260815T120000Z-bcb100dcba34,GENERATED
20290220,2029-02-20,20,Tuesday,8,2,February,1,2029,False,2026-08-15T12:00:00+00:00,GEN-20260815T120000Z-bcb100dcba34,GENERATED
20290221,2029-02-21,21,Wednesday,8,2,February,1,2029,False,2026-08-15T12:00:00+00:00,GEN-20260815T120000Z-bcb100dcba34,GENERATED
20290222,2029-02-22,22,Thursday,8,2,February,1,2029,False,2026-08-15T12:00:00+00:00,GEN-20260815T120000Z-bcb100dcba34,GENERATED
20290223,2029-02-23,23,Friday,8,2,February,1,2029,False,2026-08-15T12:00:00+00:00,GEN-20260815T120000Z-bcb100dcba34,GENERATED
20290224,2029-02-24,24,Saturday,8,2,February,1,2029,True,2026-08-15T12:00:00+00:00,GEN-20260815T120000Z-bcb100dcba34,GENERATED
20290225,2029-02-25,25,Sunday,8,2,February,1,2029,True,2026-08-15T12:00:00+00:00,GEN-20260815T120000Z-bcb100dcba34,GENERATED
20290226,2029-02-26,26,Monday,9,2,February,1,2029,False,2026-08-15T12:00:00+00:00,GEN-20260815T120000Z-bcb100dcba34,GENERATED
20290227,2029-02-27,27,Tuesday,9,2,February,1,2029,False,2026-08-15T12:00:00+00:00,GEN-20260815T120000Z-bcb100dcba34,GENERATED
20290228,2029-02-28,28,Wednesday,9,2,February,1,2029,False,2026-08-15T12:00:00+00:00,GEN-20260815T120000Z-bcb100dcba34,GENERATED
20290301,2029-03-01,1,Thursday,9,3,March,1,2029,False,2026-08-15T12:00:00+00:00,GEN-20260815T120000Z-bcb100dcba34,GENERATED
20290302,2029-03-02,2,Friday,9,3,March,1,2029,False,2026-08-15T12:00:00+00:00,GEN-20260815T120000Z-bcb100dcba34,GENERATED
20290303,2029-03-03,3,Saturday,9,3,March,1,2029,True,2026-08-15T12:00:00+00:00,GEN-20260815T120000Z-bcb100dcba34,GENERATED
20290304,2029-03-04,4,Sunday,9,3,March,1,2029,True,2026-08-15T12:00:00+00:00,GEN-20260815T120000Z-bcb100dcba34,GENERATED
20290305,2029-03-05,5,Monday,10,3,March,1,2029,False,2026-08-15T12:00:00+00:00,GEN-20260815T120000Z-bcb100dcba34,GENERATED
20290306,2029-03-06,6,Tuesday,10,3,March,1,2029,False,2026-08-15T12:00:00+00:00,GEN-20260815T120000Z-bcb100dcba34,GENERATED
20290307,2029-03-07,7,Wednesday,10,3,March,1,2029,False,2026-08-15T12:00:00+00:00,GEN-20260815T120000Z-bcb100dcba34,GENERATED
20290308,2029-03-08,8,Thursday,10,3,March,1,2029,False,2026-08-15T12:00:00+00:00,GEN-20260815T120000Z-bcb100dcba34,GENERATED
20290309,2029-03-09,9,Friday,10,3,March,1,2029,False,2026-08-15T12:00:00+00:00,GEN-20260815T120000Z-bcb100dcba34,GENERATED
20290310,2029-03-10,10,Saturday,10,3,March,1,2029,True,2026-08-15T12:00:00+00:00,GEN-20260815T120000Z-bcb100dcba34,GENERATED
20290311,2029-03-11,11,Sunday,10,3,March,1,2029,True,2026-08-15T12:00:00+00:00,GEN-20260815T120000Z-bcb100dcba34,GENERATED
20290312,2029-03-12,12,Monday,11,3,March,1,2029,False,2026-08-15T12:00:00+00:00,GEN-20260815T120000Z-bcb100dcba34,GENERATED
20290313,2029-03-13,13,Tuesday,11,3,March,1,2029,False,2026-08-15T12:00:00+00:00,GEN-20260815T120000Z-bcb100dcba34,GENERATED
20290314,2029-03-14,14,Wednesday,11,3,March,1,2029,False,2026-08-15T12:00:00+00:00,GEN-20260815T120000Z-bcb100dcba34,GENERATED
20290315,2029-03-15,15,Thursday,11,3,March,1,2029,False,2026-08-15T12:00:00+00:00,GEN-20260815T120000Z-bcb100dcba34,GENERATED
20290316,2029-03-16,16,Friday,11,3,March,1,2029,False,2026-08-15T12:00:00+00:00,GEN-20260815T120000Z-bcb100dcba34,GENERATED
20290317,2029-03-17,17,Saturday,11,3,March,1,2029,True,2026-08-15T12:00:00+00:00,GEN-20260815T120000Z-bcb100dcba34,GENERATED
20290318,2029-03-18,18,Sunday,11,3,March,1,2029,True,2026-08-15T12:00:00+00:00,GEN-20260815T120000Z-bcb100dcba34,GENERATED
20290319,2029-03-19,19,Monday,12,3,March,1,2029,False,2026-08-15T12:00:00+00:00,GEN-20260815T120000Z-bcb100dcba34,GENERATED
20290320,2029-03-20,20,Tuesday,12,3,March,1,2029,False,2026-08-15T12:00:00+00:00,GEN-20260815T120000Z-bcb100dcba34,GENERATED
20290321,2029-03-21,21,Wednesday,12,3,March,1,2029,False,2026-08-15T12:00:00+00:00,GEN-20260815T120000Z-bcb100dcba34,GENERATED
20290322,2029-03-22,22,Thursday,12,3,March,1,2029,False,2026-08-15T12:00:00+00:00,GEN-20260815T120000Z-bcb100dcba34,GENERATED
20290323,2029-03-23,23,Friday,12,3,March,1,2029,False,2026-08-15T12:00:00+00:00,GEN-20260815T120000Z-bcb100dcba34,GENERATED
20290324,2029-03-24,24,Saturday,12,3,March,1,2029,True,2026-08-15T12:00:00+00:00,GEN-20260815T120000Z-bcb100dcba34,GENERATED
20290325,2029-03-25,25,Sunday,12,3,March,1,2029,True,2026-08-15T12:00:00+00:00,GEN-20260815T120000Z-bcb100dcba34,GENERATED
20290326,2029-03-26,26,Monday,13,3,March,1,2029,False,2026-08-15T12:00:00+00:00,GEN-20260815T120000Z-bcb100dcba34,GENERATED
20290327,2029-03-27,27,Tuesday,13,3,March,1,2029,False,2026-08-15T12:00:00+00:00,GEN-20260815T120000Z-bcb100dcba34,GENERATED
20290328,2029-03-28,28,Wednesday,13,3,March,1,2029,False,2026-08-15T12:00:00+00:00,GEN-20260815T120000Z-bcb100dcba34,GENERATED
20290329,2029-03-29,29,Thursday,13,3,March,1,2029,False,2026-08-15T12:00:00+00:00,GEN-20260815T120000Z-bcb100dcba34,GENERATED
20290330,2029-03-30,30,Friday,13,3,March,1,2029,False,2026-08-15T12:00:00+00:00,GEN-20260815T120000Z-bcb100dcba34,GENERATED
20290331,2029-03-31,31,Saturday,13,3,March,1,2029,True,2026-08-15T12:00:00+00:00,GEN-20260815T120000Z-bcb100dcba34,GENERATED
20290401,2029-04-01,1,Sunday,13,4,April,2,2029,True,2026-08-15T12:00:00+00:00,GEN-20260815T120000Z-bcb100dcba34,GENERATED
20290402,2029-04-02,2,Monday,14,4,April,2,2029,False,2026-08-15T12:00:00+00:00,GEN-20260815T120000Z-bcb100dcba34,GENERATED
20290403,2029-04-03,3,Tuesday,14,4,April,2,2029,False,2026-08-15T12:00:00+00:00,GEN-20260815T120000Z-bcb100dcba34,GENERATED
20290404,2029-04-04,4,Wednesday,14,4,April,2,2029,False,2026-08-15T12:00:00+00:00,GEN-20260815T120000Z-bcb100dcba34,GENERATED
20290405,2029-04-05,5,Thursday,14,4,April,2,2029,False,2026-08-15T12:00:00+00:00,GEN-20260815T120000Z-bcb100dcba34,GENERATED
20290406,2029-04-06,6,Friday,14,4,April,2,2029,False,2026-08-15T12:00:00+00:00,GEN-20260815T120000Z-bcb100dcba34,GENERATED
20290407,2029-04-07,7,Saturday,14,4,April,2,2029,True,2026-08-15T12:00:00+00:00,GEN-20260815T120000Z-bcb100dcba34,GENERATED
20290408,2029-04-08,8,Sunday,14,4,April,2,2029,True,2026-08-15T12:00:00+00:00,GEN-20260815T120000Z-bcb100dcba34,GENERATED
20290409,2029-04-09,9,Monday,15,4,April,2,2029,False,2026-08-15T12:00:00+00:00,GEN-20260815T120000Z-bcb100dcba34,GENERATED
20290410,2029-04-10,10,Tuesday,15,4,April,2,2029,False,2026-08-15T12:00:00+00:00,GEN-20260815T120000Z-bcb100dcba34,GENERATED
20290411,2029-04-11,11,Wednesday,15,4,April,2,2029,False,2026-08-15T12:00:00+00:00,GEN-20260815T120000Z-bcb100dcba34,GENERATED
20290412,2029-04-12,12,Thursday,15,4,April,2,2029,False,2026-08-15T12:00:00+00:00,GEN-20260815T120000Z-bcb100dcba34,GENERATED
20290413,2029-04-13,13,Friday,15,4,April,2,2029,False,2026-08-15T12:00:00+00:00,GEN-20260815T120000Z-bcb100dcba34,GENERATED
20290414,2029-04-14,14,Saturday,15,4,April,2,2029,True,2026-08-15T12:00:00+00:00,GEN-20260815T120000Z-bcb100dcba34,GENERATED
20290415,2029-04-15,15,Sunday,15,4,April,2,2029,True,2026-08-15T12:00:00+00:00,GEN-20260815T120000Z-bcb100dcba34,GENERATED
20290416,2029-04-16,16,Monday,16,4,April,2,2029,False,2026-08-15T12:00:00+00:00,GEN-20260815T120000Z-bcb100dcba34,GENERATED
20290417,2029-04-17,17,Tuesday,16,4,April,2,2029,False,2026-08-15T12:00:00+00:00,GEN-20260815T120000Z-bcb100dcba34,GENERATED
20290418,2029-04-18,18,Wednesday,16,4,April,2,2029,False,2026-08-15T12:00:00+00:00,GEN-20260815T120000Z-bcb100dcba34,GENERATED
20290419,2029-04-19,19,Thursday,16,4,April,2,2029,False,2026-08-15T12:00:00+00:00,GEN-20260815T120000Z-bcb100dcba34,GENERATED
20290420,2029-04-20,20,Friday,16,4,April,2,2029,False,2026-08-15T12:00:00+00:00,GEN-20260815T120000Z-bcb100dcba34,GENERATED
20290421,2029-04-21,21,Saturday,16,4,April,2,2029,True,2026-08-15T12:00:00+00:00,GEN-20260815T120000Z-bcb100dcba34,GENERATED
20290422,2029-04-22,22,Sunday,16,4,April,2,2029,True,2026-08-15T12:00:00+00:00,GEN-20260815T120000Z-bcb100dcba34,GENERATED
20290423,2029-04-23,23,Monday,17,4,April,2,2029,False,2026-08-15T12:00:00+00:00,GEN-20260815T120000Z-bcb100dcba34,GENERATED
20290424,2029-04-24,24,Tuesday,17,4,April,2,2029,False,2026-08-15T12:00:00+00:00,GEN-20260815T120000Z-bcb100dcba34,GENERATED
20290425,2029-04-25,25,Wednesday,17,4,April,2,2029,False,2026-08-15T12:00:00+00:00,GEN-20260815T120000Z-bcb100dcba34,GENERATED
20290426,2029-04-26,26,Thursday,17,4,April,2,2029,False,2026-08-15T12:00:00+00:00,GEN-20260815T120000Z-bcb100dcba34,GENERATED
20290427,2029-04-27,27,Friday,17,4,April,2,2029,False,2026-08-15T12:00:00+00:00,GEN-20260815T120000Z-bcb100dcba34,GENERATED
20290428,2029-04-28,28,Saturday,17,4,April,2,2029,True,2026-08-15T12:00:00+00:00,GEN-20260815T120000Z-bcb100dcba34,GENERATED
20290429,2029-04-29,29,Sunday,17,4,April,2,2029,True,2026-08-15T12:00:00+00:00,GEN-20260815T120000Z-bcb100dcba34,GENERATED
20290430,2029-04-30,30,Monday,18,4,April,2,2029,False,2026-08-15T12:00:00+00:00,GEN-20260815T120000Z-bcb100dcba34,GENERATED
20290501,2029-05-01,1,Tuesday,18,5,May,2,2029,False,2026-08-15T12:00:00+00:00,GEN-20260815T120000Z-bcb100dcba34,GENERATED
20290502,2029-05-02,2,Wednesday,18,5,May,2,2029,False,2026-08-15T12:00:00+00:00,GEN-20260815T120000Z-bcb100dcba34,GENERATED
20290503,2029-05-03,3,Thursday,18,5,May,2,2029,False,2026-08-15T12:00:00+00:00,GEN-20260815T120000Z-bcb100dcba34,GENERATED
20290504,2029-05-04,4,Friday,18,5,May,2,2029,False,2026-08-15T12:00:00+00:00,GEN-20260815T120000Z-bcb100dcba34,GENERATED
20290505,2029-05-05,5,Saturday,18,5,May,2,2029,True,2026-08-15T12:00:00+00:00,GEN-20260815T120000Z-bcb100dcba34,GENERATED
20290506,2029-05-06,6,Sunday,18,5,May,2,2029,True,2026-08-15T12:00:00+00:00,GEN-20260815T120000Z-bcb100dcba34,GENERATED
20290507,2029-05-07,7,Monday,19,5,May,2,2029,False,2026-08-15T12:00:00+00:00,GEN-20260815T120000Z-bcb100dcba34,GENERATED
20290508,2029-05-08,8,Tuesday,19,5,May,2,2029,False,2026-08-15T12:00:00+00:00,GEN-20260815T120000Z-bcb100dcba34,GENERATED
20290509,2029-05-09,9,Wednesday,19,5,May,2,2029,False,2026-08-15T12:00:00+00:00,GEN-20260815T120000Z-bcb100dcba34,GENERATED
20290510,2029-05-10,10,Thursday,19,5,May,2,2029,False,2026-08-15T12:00:00+00:00,GEN-20260815T120000Z-bcb100dcba34,GENERATED
20290511,2029-05-11,11,Friday,19,5,May,2,2029,False,2026-08-15T12:00:00+00:00,GEN-20260815T120000Z-bcb100dcba34,GENERATED
20290512,2029-05-12,12,Saturday,19,5,May,2,2029,True,2026-08-15T12:00:00+00:00,GEN-20260815T120000Z-bcb100dcba34,GENERATED
20290513,2029-05-13,13,Sunday,19,5,May,2,2029,True,2026-08-15T12:00:00+00:00,GEN-20260815T120000Z-bcb100dcba34,GENERATED
20290514,2029-05-14,14,Monday,20,5,May,2,2029,False,2026-08-15T12:00:00+00:00,GEN-20260815T120000Z-bcb100dcba34,GENERATED
20290515,2029-05-15,15,Tuesday,20,5,May,2,2029,False,2026-08-15T12:00:00+00:00,GEN-20260815T120000Z-bcb100dcba34,GENERATED
20290516,2029-05-16,16,Wednesday,20,5,May,2,2029,False,2026-08-15T12:00:00+00:00,GEN-20260815T120000Z-bcb100dcba34,GENERATED
20290517,2029-05-17,17,Thursday,20,5,May,2,2029,False,2026-08-15T12:00:00+00:00,GEN-20260815T120000Z-bcb100dcba34,GENERATED
20290518,2029-05-18,18,Friday,20,5,May,2,2029,False,2026-08-15T12:00:00+00:00,GEN-20260815T120000Z-bcb100dcba34,GENERATED
20290519,2029-05-19,19,Saturday,20,5,May,2,2029,True,2026-08-15T12:00:00+00:00,GEN-20260815T120000Z-bcb100dcba34,GENERATED
20290520,2029-05-20,20,Sunday,20,5,May,2,2029,True,2026-08-15T12:00:00+00:00,GEN-20260815T120000Z-bcb100dcba34,GENERATED
20290521,2029-05-21,21,Monday,21,5,May,2,2029,False,2026-08-15T12:00:00+00:00,GEN-20260815T120000Z-bcb100dcba34,GENERATED
20290522,2029-05-22,22,Tuesday,21,5,May,2,2029,False,2026-08-15T12:00:00+00:00,GEN-20260815T120000Z-bcb100dcba34,GENERATED
20290523,2029-05-23,23,Wednesday,21,5,May,2,2029,False,2026-08-15T12:00:00+00:00,GEN-20260815T120000Z-bcb100dcba34,GENERATED
20290524,2029-05-24,24,Thursday,21,5,May,2,2029,False,2026-08-15T12:00:00+00:00,GEN-20260815T120000Z-bcb100dcba34,GENERATED
20290525,2029-05-25,25,Friday,21,5,May,2,2029,False,2026-08-15T12:00:00+00:00,GEN-20260815T120000Z-bcb100dcba34,GENERATED
20290526,2029-05-26,26,Saturday,21,5,May,2,2029,True,2026-08-15T12:00:00+00:00,GEN-20260815T120000Z-bcb100dcba34,GENERATED
20290527,2029-05-27,27,Sunday,21,5,May,2,2029,True,2026-08-15T12:00:00+00:00,GEN-20260815T120000Z-bcb100dcba34,GENERATED
20290528,2029-05-28,28,Monday,22,5,May,2,2029,False,2026-08-15T12:00:00+00:00,GEN-20260815T120000Z-bcb100dcba34,GENERATED
20290529,2029-05-29,29,Tuesday,22,5,May,2,2029,False,2026-08-15T12:00:00+00:00,GEN-20260815T120000Z-bcb100dcba34,GENERATED
20290530,2029-05-30,30,Wednesday,22,5,May,2,2029,False,2026-08-15T12:00:00+00:00,GEN-20260815T120000Z-bcb100dcba34,GENERATED
20290531,2029-05-31,31,Thursday,22,5,May,2,2029,False,2026-08-15T12:00:00+00:00,GEN-20260815T120000Z-bcb100dcba34,GENERATED
20290601,2029-06-01,1,Friday,22,6,June,2,2029,False,2026-08-15T12:00:00+00:00,GEN-20260815T120000Z-bcb100dcba34,GENERATED
20290602,2029-06-02,2,Saturday,22,6,June,2,2029,True,2026-08-15T12:00:00+00:00,GEN-20260815T120000Z-bcb100dcba34,GENERATED
20290603,2029-06-03,3,Sunday,22,6,June,2,2029,True,2026-08-15T12:00:00+00:00,GEN-20260815T120000Z-bcb100dcba34,GENERATED
20290604,2029-06-04,4,Monday,23,6,June,2,2029,False,2026-08-15T12:00:00+00:00,GEN-20260815T120000Z-bcb100dcba34,GENERATED
20290605,2029-06-05,5,Tuesday,23,6,June,2,2029,False,2026-08-15T12:00:00+00:00,GEN-20260815T120000Z-bcb100dcba34,GENERATED
20290606,2029-06-06,6,Wednesday,23,6,June,2,2029,False,2026-08-15T12:00:00+00:00,GEN-20260815T120000Z-bcb100dcba34,GENERATED
20290607,2029-06-07,7,Thursday,23,6,June,2,2029,False,2026-08-15T12:00:00+00:00,GEN-20260815T120000Z-bcb100dcba34,GENERATED
20290608,2029-06-08,8,Friday,23,6,June,2,2029,False,2026-08-15T12:00:00+00:00,GEN-20260815T120000Z-bcb100dcba34,GENERATED
20290609,2029-06-09,9,Saturday,23,6,June,2,2029,True,2026-08-15T12:00:00+00:00,GEN-20260815T120000Z-bcb100dcba34,GENERATED
20290610,2029-06-10,10,Sunday,23,6,June,2,2029,True,2026-08-15T12:00:00+00:00,GEN-20260815T120000Z-bcb100dcba34,GENERATED
20290611,2029-06-11,11,Monday,24,6,June,2,2029,False,2026-08-15T12:00:00+00:00,GEN-20260815T120000Z-bcb100dcba34,GENERATED
20290612,2029-06-12,12,Tuesday,24,6,June,2,2029,False,2026-08-15T12:00:00+00:00,GEN-20260815T120000Z-bcb100dcba34,GENERATED
20290613,2029-06-13,13,Wednesday,24,6,June,2,2029,False,2026-08-15T12:00:00+00:00,GEN-20260815T120000Z-bcb100dcba34,GENERATED
20290614,2029-06-14,14,Thursday,24,6,June,2,2029,False,2026-08-15T12:00:00+00:00,GEN-20260815T120000Z-bcb100dcba34,GENERATED
20290615,2029-06-15,15,Friday,24,6,June,2,2029,False,2026-08-15T12:00:00+00:00,GEN-20260815T120000Z-bcb100dcba34,GENERATED
20290616,2029-06-16,16,Saturday,24,6,June,2,2029,True,2026-08-15T12:00:00+00:00,GEN-20260815T120000Z-bcb100dcba34,GENERATED
20290617,2029-06-17,17,Sunday,24,6,June,2,2029,True,2026-08-15T12:00:00+00:00,GEN-20260815T120000Z-bcb100dcba34,GENERATED
20290618,2029-06-18,18,Monday,25,6,June,2,2029,False,2026-08-15T12:00:00+00:00,GEN-20260815T120000Z-bcb100dcba34,GENERATED
20290619,2029-06-19,19,Tuesday,25,6,June,2,2029,False,2026-08-15T12:00:00+00:00,GEN-20260815T120000Z-bcb100dcba34,GENERATED
20290620,2029-06-20,20,Wednesday,25,6,June,2,2029,False,2026-08-15T12:00:00+00:00,GEN-20260815T120000Z-bcb100dcba34,GENERATED
20290621,2029-06-21,21,Thursday,25,6,June,2,2029,False,2026-08-15T12:00:00+00:00,GEN-20260815T120000Z-bcb100dcba34,GENERATED
20290622,2029-06-22,22,Friday,25,6,June,2,2029,False,2026-08-15T12:00:00+00:00,GEN-20260815T120000Z-bcb100dcba34,GENERATED
20290623,2029-06-23,23,Saturday,25,6,June,2,2029,True,2026-08-15T12:00:00+00:00,GEN-20260815T120000Z-bcb100dcba34,GENERATED
20290624,2029-06-24,24,Sunday,25,6,June,2,2029,True,2026-08-15T12:00:00+00:00,GEN-20260815T120000Z-bcb100dcba34,GENERATED
20290625,2029-06-25,25,Monday,26,6,June,2,2029,False,2026-08-15T12:00:00+00:00,GEN-20260815T120000Z-bcb100dcba34,GENERATED
20290626,2029-06-26,26,Tuesday,26,6,June,2,2029,False,2026-08-15T12:00:00+00:00,GEN-20260815T120000Z-bcb100dcba34,GENERATED
20290627,2029-06-27,27,Wednesday,26,6,June,2,2029,False,2026-08-15T12:00:00+00:00,GEN-20260815T120000Z-bcb100dcba34,GENERATED
20290628,2029-06-28,28,Thursday,26,6,June,2,2029,False,2026-08-15T12:00:00+00:00,GEN-20260815T120000Z-bcb100dcba34,GENERATED
20290629,2029-06-29,29,Friday,26,6,June,2,2029,False,2026-08-15T12:00:00+00:00,GEN-20260815T120000Z-bcb100dcba34,GENERATED
20290630,2029-06-30,30,Saturday,26,6,June,2,2029,True,2026-08-15T12:00:00+00:00,GEN-20260815T120000Z-bcb100dcba34,GENERATED
20290701,2029-07-01,1,Sunday,26,7,July,3,2029,True,2026-08-15T12:00:00+00:00,GEN-20260815T120000Z-bcb100dcba34,GENERATED
20290702,2029-07-02,2,Monday,27,7,July,3,2029,False,2026-08-15T12:00:00+00:00,GEN-20260815T120000Z-bcb100dcba34,GENERATED
20290703,2029-07-03,3,Tuesday,27,7,July,3,2029,False,2026-08-15T12:00:00+00:00,GEN-20260815T120000Z-bcb100dcba34,GENERATED
20290704,2029-07-04,4,Wednesday,27,7,July,3,2029,False,2026-08-15T12:00:00+00:00,GEN-20260815T120000Z-bcb100dcba34,GENERATED
20290705,2029-07-05,5,Thursday,27,7,July,3,2029,False,2026-08-15T12:00:00+00:00,GEN-20260815T120000Z-bcb100dcba34,GENERATED
20290706,2029-07-06,6,Friday,27,7,July,3,2029,False,2026-08-15T12:00:00+00:00,GEN-20260815T120000Z-bcb100dcba34,GENERATED
20290707,2029-07-07,7,Saturday,27,7,July,3,2029,True,2026-08-15T12:00:00+00:00,GEN-20260815T120000Z-bcb100dcba34,GENERATED
20290708,2029-07-08,8,Sunday,27,7,July,3,2029,True,2026-08-15T12:00:00+00:00,GEN-20260815T120000Z-bcb100dcba34,GENERATED
20290709,2029-07-09,9,Monday,28,7,July,3,2029,False,2026-08-15T12:00:00+00:00,GEN-20260815T120000Z-bcb100dcba34,GENERATED
20290710,2029-07-10,10,Tuesday,28,7,July,3,2029,False,2026-08-15T12:00:00+00:00,GEN-20260815T120000Z-bcb100dcba34,GENERATED
20290711,2029-07-11,11,Wednesday,28,7,July,3,2029,False,2026-08-15T12:00:00+00:00,GEN-20260815T120000Z-bcb100dcba34,GENERATED
20290712,2029-07-12,12,Thursday,28,7,July,3,2029,False,2026-08-15T12:00:00+00:00,GEN-20260815T120000Z-bcb100dcba34,GENERATED
20290713,2029-07-13,13,Friday,28,7,July,3,2029,False,2026-08-15T12:00:00+00:00,GEN-20260815T120000Z-bcb100dcba34,GENERATED
20290714,2029-07-14,14,Saturday,28,7,July,3,2029,True,2026-08-15T12:00:00+00:00,GEN-20260815T120000Z-bcb100dcba34,GENERATED
20290715,2029-07-15,15,Sunday,28,7,July,3,2029,True,2026-08-15T12:00:00+00:00,GEN-20260815T120000Z-bcb100dcba34,GENERATED
20290716,2029-07-16,16,Monday,29,7,July,3,2029,False,2026-08-15T12:00:00+00:00,GEN-20260815T120000Z-bcb100dcba34,GENERATED
20290717,2029-07-17,17,Tuesday,29,7,July,3,2029,False,2026-08-15T12:00:00+00:00,GEN-20260815T120000Z-bcb100dcba34,GENERATED
20290718,2029-07-18,18,Wednesday,29,7,July,3,2029,False,2026-08-15T12:00:00+00:00,GEN-20260815T120000Z-bcb100dcba34,GENERATED
20290719,2029-07-19,19,Thursday,29,7,July,3,2029,False,2026-08-15T12:00:00+00:00,GEN-20260815T120000Z-bcb100dcba34,GENERATED
20290720,2029-07-20,20,Friday,29,7,July,3,2029,False,2026-08-15T12:00:00+00:00,GEN-20260815T120000Z-bcb100dcba34,GENERATED
20290721,2029-07-21,21,Saturday,29,7,July,3,2029,True,2026-08-15T12:00:00+00:00,GEN-20260815T120000Z-bcb100dcba34,GENERATED
20290722,2029-07-22,22,Sunday,29,7,July,3,2029,True,2026-08-15T12:00:00+00:00,GEN-20260815T120000Z-bcb100dcba34,GENERATED
20290723,2029-07-23,23,Monday,30,7,July,3,2029,False,2026-08-15T12:00:00+00:00,GEN-20260815T120000Z-bcb100dcba34,GENERATED
20290724,2029-07-24,24,Tuesday,30,7,July,3,2029,False,2026-08-15T12:00:00+00:00,GEN-20260815T120000Z-bcb100dcba34,GENERATED
20290725,2029-07-25,25,Wednesday,30,7,July,3,2029,False,2026-08-15T12:00:00+00:00,GEN-20260815T120000Z-bcb100dcba34,GENERATED
20290726,2029-07-26,26,Thursday,30,7,July,3,2029,False,2026-08-15T12:00:00+00:00,GEN-20260815T120000Z-bcb100dcba34,GENERATED
20290727,2029-07-27,27,Friday,30,7,July,3,2029,False,2026-08-15T12:00:00+00:00,GEN-20260815T120000Z-bcb100dcba34,GENERATED
20290728,2029-07-28,28,Saturday,30,7,July,3,2029,True,2026-08-15T12:00:00+00:00,GEN-20260815T120000Z-bcb100dcba34,GENERATED
20290729,2029-07-29,29,Sunday,30,7,July,3,2029,True,2026-08-15T12:00:00+00:00,GEN-20260815T120000Z-bcb100dcba34,GENERATED
20290730,2029-07-30,30,Monday,31,7,July,3,2029,False,2026-08-15T12:00:00+00:00,GEN-20260815T120000Z-bcb100dcba34,GENERATED
20290731,2029-07-31,31,Tuesday,31,7,July,3,2029,False,2026-08-15T12:00:00+00:00,GEN-20260815T120000Z-bcb100dcba34,GENERATED
20290801,2029-08-01,1,Wednesday,31,8,August,3,2029,False,2026-08-15T12:00:00+00:00,GEN-20260815T120000Z-bcb100dcba34,GENERATED
20290802,2029-08-02,2,Thursday,31,8,August,3,2029,False,2026-08-15T12:00:00+00:00,GEN-20260815T120000Z-bcb100dcba34,GENERATED
20290803,2029-08-03,3,Friday,31,8,August,3,2029,False,2026-08-15T12:00:00+00:00,GEN-20260815T120000Z-bcb100dcba34,GENERATED
20290804,2029-08-04,4,Saturday,31,8,August,3,2029,True,2026-08-15T12:00:00+00:00,GEN-20260815T120000Z-bcb100dcba34,GENERATED
20290805,2029-08-05,5,Sunday,31,8,August,3,2029,True,2026-08-15T12:00:00+00:00,GEN-20260815T120000Z-bcb100dcba34,GENERATED
20290806,2029-08-06,6,Monday,32,8,August,3,2029,False,2026-08-15T12:00:00+00:00,GEN-20260815T120000Z-bcb100dcba34,GENERATED
20290807,2029-08-07,7,Tuesday,32,8,August,3,2029,False,2026-08-15T12:00:00+00:00,GEN-20260815T120000Z-bcb100dcba34,GENERATED
20290808,2029-08-08,8,Wednesday,32,8,August,3,2029,False,2026-08-15T12:00:00+00:00,GEN-20260815T120000Z-bcb100dcba34,GENERATED
20290809,2029-08-09,9,Thursday,32,8,August,3,2029,False,2026-08-15T12:00:00+00:00,GEN-20260815T120000Z-bcb100dcba34,GENERATED
20290810,2029-08-10,10,Friday,32,8,August,3,2029,False,2026-08-15T12:00:00+00:00,GEN-20260815T120000Z-bcb100dcba34,GENERATED
20290811,2029-08-11,11,Saturday,32,8,August,3,2029,True,2026-08-15T12:00:00+00:00,GEN-20260815T120000Z-bcb100dcba34,GENERATED
20290812,2029-08-12,12,Sunday,32,8,August,3,2029,True,2026-08-15T12:00:00+00:00,GEN-20260815T120000Z-bcb100dcba34,GENERATED
20290813,2029-08-13,13,Monday,33,8,August,3,2029,False,2026-08-15T12:00:00+00:00,GEN-20260815T120000Z-bcb100dcba34,GENERATED
20290814,2029-08-14,14,Tuesday,33,8,August,3,2029,False,2026-08-15T12:00:00+00:00,GEN-20260815T120000Z-bcb100dcba34,GENERATED
20290815,2029-08-15,15,Wednesday,33,8,August,3,2029,False,2026-08-15T12:00:00+00:00,GEN-20260815T120000Z-bcb100dcba34,GENERATED
20290816,2029-08-16,16,Thursday,33,8,August,3,2029,False,2026-08-15T12:00:00+00:00,GEN-20260815T120000Z-bcb100dcba34,GENERATED
20290817,2029-08-17,17,Friday,33,8,August,3,2029,False,2026-08-15T12:00:00+00:00,GEN-20260815T120000Z-bcb100dcba34,GENERATED
20290818,2029-08-18,18,Saturday,33,8,August,3,2029,True,2026-08-15T12:00:00+00:00,GEN-20260815T120000Z-bcb100dcba34,GENERATED
20290819,2029-08-19,19,Sunday,33,8,August,3,2029,True,2026-08-15T12:00:00+00:00,GEN-20260815T120000Z-bcb100dcba34,GENERATED
20290820,2029-08-20,20,Monday,34,8,August,3,2029,False,2026-08-15T12:00:00+00:00,GEN-20260815T120000Z-bcb100dcba34,GENERATED
20290821,2029-08-21,21,Tuesday,34,8,August,3,2029,False,2026-08-15T12:00:00+00:00,GEN-20260815T120000Z-bcb100dcba34,GENERATED
20290822,2029-08-22,22,Wednesday,34,8,August,3,2029,False,2026-08-15T12:00:00+00:00,GEN-20260815T120000Z-bcb100dcba34,GENERATED
20290823,2029-08-23,23,Thursday,34,8,August,3,2029,False,2026-08-15T12:00:00+00:00,GEN-20260815T120000Z-bcb100dcba34,GENERATED
20290824,2029-08-24,24,Friday,34,8,August,3,2029,False,2026-08-15T12:00:00+00:00,GEN-20260815T120000Z-bcb100dcba34,GENERATED
20290825,2029-08-25,25,Saturday,34,8,August,3,2029,True,2026-08-15T12:00:00+00:00,GEN-20260815T120000Z-bcb100dcba34,GENERATED
20290826,2029-08-26,26,Sunday,34,8,August,3,2029,True,2026-08-15T12:00:00+00:00,GEN-20260815T120000Z-bcb100dcba34,GENERATED
20290827,2029-08-27,27,Monday,35,8,August,3,2029,False,2026-08-15T12:00:00+00:00,GEN-20260815T120000Z-bcb100dcba34,GENERATED
20290828,2029-08-28,28,Tuesday,35,8,August,3,2029,False,2026-08-15T12:00:00+00:00,GEN-20260815T120000Z-bcb100dcba34,GENERATED
20290829,2029-08-29,29,Wednesday,35,8,August,3,2029,False,2026-08-15T12:00:00+00:00,GEN-20260815T120000Z-bcb100dcba34,GENERATED
20290830,2029-08-30,30,Thursday,35,8,August,3,2029,False,2026-08-15T12:00:00+00:00,GEN-20260815T120000Z-bcb100dcba34,GENERATED
20290831,2029-08-31,31,Friday,35,8,August,3,2029,False,2026-08-15T12:00:00+00:00,GEN-20260815T120000Z-bcb100dcba34,GENERATED
20290901,2029-09-01,1,Saturday,35,9,September,3,2029,True,2026-08-15T12:00:00+00:00,GEN-20260815T120000Z-bcb100dcba34,GENERATED
20290902,2029-09-02,2,Sunday,35,9,September,3,2029,True,2026-08-15T12:00:00+00:00,GEN-20260815T120000Z-bcb100dcba34,GENERATED
20290903,2029-09-03,3,Monday,36,9,September,3,2029,False,2026-08-15T12:00:00+00:00,GEN-20260815T120000Z-bcb100dcba34,GENERATED
20290904,2029-09-04,4,Tuesday,36,9,September,3,2029,False,2026-08-15T12:00:00+00:00,GEN-20260815T120000Z-bcb100dcba34,GENERATED
20290905,2029-09-05,5,Wednesday,36,9,September,3,2029,False,2026-08-15T12:00:00+00:00,GEN-20260815T120000Z-bcb100dcba34,GENERATED
20290906,2029-09-06,6,Thursday,36,9,September,3,2029,False,2026-08-15T12:00:00+00:00,GEN-20260815T120000Z-bcb100dcba34,GENERATED
20290907,2029-09-07,7,Friday,36,9,September,3,2029,False,2026-08-15T12:00:00+00:00,GEN-20260815T120000Z-bcb100dcba34,GENERATED
20290908,2029-09-08,8,Saturday,36,9,September,3,2029,True,2026-08-15T12:00:00+00:00,GEN-20260815T120000Z-bcb100dcba34,GENERATED
20290909,2029-09-09,9,Sunday,36,9,September,3,2029,True,2026-08-15T12:00:00+00:00,GEN-20260815T120000Z-bcb100dcba34,GENERATED
20290910,2029-09-10,10,Monday,37,9,September,3,2029,False,2026-08-15T12:00:00+00:00,GEN-20260815T120000Z-bcb100dcba34,GENERATED
20290911,2029-09-11,11,Tuesday,37,9,September,3,2029,False,2026-08-15T12:00:00+00:00,GEN-20260815T120000Z-bcb100dcba34,GENERATED
20290912,2029-09-12,12,Wednesday,37,9,September,3,2029,False,2026-08-15T12:00:00+00:00,GEN-20260815T120000Z-bcb100dcba34,GENERATED
20290913,2029-09-13,13,Thursday,37,9,September,3,2029,False,2026-08-15T12:00:00+00:00,GEN-20260815T120000Z-bcb100dcba34,GENERATED
20290914,2029-09-14,14,Friday,37,9,September,3,2029,False,2026-08-15T12:00:00+00:00,GEN-20260815T120000Z-bcb100dcba34,GENERATED
20290915,2029-09-15,15,Saturday,37,9,September,3,2029,True,2026-08-15T12:00:00+00:00,GEN-20260815T120000Z-bcb100dcba34,GENERATED
20290916,2029-09-16,16,Sunday,37,9,September,3,2029,True,2026-08-15T12:00:00+00:00,GEN-20260815T120000Z-bcb100dcba34,GENERATED
20290917,2029-09-17,17,Monday,38,9,September,3,2029,False,2026-08-15T12:00:00+00:00,GEN-20260815T120000Z-bcb100dcba34,GENERATED
20290918,2029-09-18,18,Tuesday,38,9,September,3,2029,False,2026-08-15T12:00:00+00:00,GEN-20260815T120000Z-bcb100dcba34,GENERATED
20290919,2029-09-19,19,Wednesday,38,9,September,3,2029,False,2026-08-15T12:00:00+00:00,GEN-20260815T120000Z-bcb100dcba34,GENERATED
20290920,2029-09-20,20,Thursday,38,9,September,3,2029,False,2026-08-15T12:00:00+00:00,GEN-20260815T120000Z-bcb100dcba34,GENERATED
20290921,2029-09-21,21,Friday,38,9,September,3,2029,False,2026-08-15T12:00:00+00:00,GEN-20260815T120000Z-bcb100dcba34,GENERATED
20290922,2029-09-22,22,Saturday,38,9,September,3,2029,True,2026-08-15T12:00:00+00:00,GEN-20260815T120000Z-bcb100dcba34,GENERATED
20290923,2029-09-23,23,Sunday,38,9,September,3,2029,True,2026-08-15T12:00:00+00:00,GEN-20260815T120000Z-bcb100dcba34,GENERATED
20290924,2029-09-24,24,Monday,39,9,September,3,2029,False,2026-08-15T12:00:00+00:00,GEN-20260815T120000Z-bcb100dcba34,GENERATED
20290925,2029-09-25,25,Tuesday,39,9,September,3,2029,False,2026-08-15T12:00:00+00:00,GEN-20260815T120000Z-bcb100dcba34,GENERATED
20290926,2029-09-26,26,Wednesday,39,9,September,3,2029,False,2026-08-15T12:00:00+00:00,GEN-20260815T120000Z-bcb100dcba34,GENERATED
20290927,2029-09-27,27,Thursday,39,9,September,3,2029,False,2026-08-15T12:00:00+00:00,GEN-20260815T120000Z-bcb100dcba34,GENERATED
20290928,2029-09-28,28,Friday,39,9,September,3,2029,False,2026-08-15T12:00:00+00:00,GEN-20260815T120000Z-bcb100dcba34,GENERATED
20290929,2029-09-29,29,Saturday,39,9,September,3,2029,True,2026-08-15T12:00:00+00:00,GEN-20260815T120000Z-bcb100dcba34,GENERATED
20290930,2029-09-30,30,Sunday,39,9,September,3,2029,True,2026-08-15T12:00:00+00:00,GEN-20260815T120000Z-bcb100dcba34,GENERATED
20291001,2029-10-01,1,Monday,40,10,October,4,2029,False,2026-08-15T12:00:00+00:00,GEN-20260815T120000Z-bcb100dcba34,GENERATED
20291002,2029-10-02,2,Tuesday,40,10,October,4,2029,False,2026-08-15T12:00:00+00:00,GEN-20260815T120000Z-bcb100dcba34,GENERATED
20291003,2029-10-03,3,Wednesday,40,10,October,4,2029,False,2026-08-15T12:00:00+00:00,GEN-20260815T120000Z-bcb100dcba34,GENERATED
20291004,2029-10-04,4,Thursday,40,10,October,4,2029,False,2026-08-15T12:00:00+00:00,GEN-20260815T120000Z-bcb100dcba34,GENERATED
20291005,2029-10-05,5,Friday,40,10,October,4,2029,False,2026-08-15T12:00:00+00:00,GEN-20260815T120000Z-bcb100dcba34,GENERATED
20291006,2029-10-06,6,Saturday,40,10,October,4,2029,True,2026-08-15T12:00:00+00:00,GEN-20260815T120000Z-bcb100dcba34,GENERATED
20291007,2029-10-07,7,Sunday,40,10,October,4,2029,True,2026-08-15T12:00:00+00:00,GEN-20260815T120000Z-bcb100dcba34,GENERATED
20291008,2029-10-08,8,Monday,41,10,October,4,2029,False,2026-08-15T12:00:00+00:00,GEN-20260815T120000Z-bcb100dcba34,GENERATED
20291009,2029-10-09,9,Tuesday,41,10,October,4,2029,False,2026-08-15T12:00:00+00:00,GEN-20260815T120000Z-bcb100dcba34,GENERATED
20291010,2029-10-10,10,Wednesday,41,10,October,4,2029,False,2026-08-15T12:00:00+00:00,GEN-20260815T120000Z-bcb100dcba34,GENERATED
20291011,2029-10-11,11,Thursday,41,10,October,4,2029,False,2026-08-15T12:00:00+00:00,GEN-20260815T120000Z-bcb100dcba34,GENERATED
20291012,2029-10-12,12,Friday,41,10,October,4,2029,False,2026-08-15T12:00:00+00:00,GEN-20260815T120000Z-bcb100dcba34,GENERATED
20291013,2029-10-13,13,Saturday,41,10,October,4,2029,True,2026-08-15T12:00:00+00:00,GEN-20260815T120000Z-bcb100dcba34,GENERATED
20291014,2029-10-14,14,Sunday,41,10,October,4,2029,True,2026-08-15T12:00:00+00:00,GEN-20260815T120000Z-bcb100dcba34,GENERATED
20291015,2029-10-15,15,Monday,42,10,October,4,2029,False,2026-08-15T12:00:00+00:00,GEN-20260815T120000Z-bcb100dcba34,GENERATED
20291016,2029-10-16,16,Tuesday,42,10,October,4,2029,False,2026-08-15T12:00:00+00:00,GEN-20260815T120000Z-bcb100dcba34,GENERATED
20291017,2029-10-17,17,Wednesday,42,10,October,4,2029,False,2026-08-15T12:00:00+00:00,GEN-20260815T120000Z-bcb100dcba34,GENERATED
20291018,2029-10-18,18,Thursday,42,10,October,4,2029,False,2026-08-15T12:00:00+00:00,GEN-20260815T120000Z-bcb100dcba34,GENERATED
20291019,2029-10-19,19,Friday,42,10,October,4,2029,False,2026-08-15T12:00:00+00:00,GEN-20260815T120000Z-bcb100dcba34,GENERATED
20291020,2029-10-20,20,Saturday,42,10,October,4,2029,True,2026-08-15T12:00:00+00:00,GEN-20260815T120000Z-bcb100dcba34,GENERATED
20291021,2029-10-21,21,Sunday,42,10,October,4,2029,True,2026-08-15T12:00:00+00:00,GEN-20260815T120000Z-bcb100dcba34,GENERATED
20291022,2029-10-22,22,Monday,43,10,October,4,2029,False,2026-08-15T12:00:00+00:00,GEN-20260815T120000Z-bcb100dcba34,GENERATED
20291023,2029-10-23,23,Tuesday,43,10,October,4,2029,False,2026-08-15T12:00:00+00:00,GEN-20260815T120000Z-bcb100dcba34,GENERATED
20291024,2029-10-24,24,Wednesday,43,10,October,4,2029,False,2026-08-15T12:00:00+00:00,GEN-20260815T120000Z-bcb100dcba34,GENERATED
20291025,2029-10-25,25,Thursday,43,10,October,4,2029,False,2026-08-15T12:00:00+00:00,GEN-20260815T120000Z-bcb100dcba34,GENERATED
20291026,2029-10-26,26,Friday,43,10,October,4,2029,False,2026-08-15T12:00:00+00:00,GEN-20260815T120000Z-bcb100dcba34,GENERATED
20291027,2029-10-27,27,Saturday,43,10,October,4,2029,True,2026-08-15T12:00:00+00:00,GEN-20260815T120000Z-bcb100dcba34,GENERATED
20291028,2029-10-28,28,Sunday,43,10,October,4,2029,True,2026-08-15T12:00:00+00:00,GEN-20260815T120000Z-bcb100dcba34,GENERATED
20291029,2029-10-29,29,Monday,44,10,October,4,2029,False,2026-08-15T12:00:00+00:00,GEN-20260815T120000Z-bcb100dcba34,GENERATED
20291030,2029-10-30,30,Tuesday,44,10,October,4,2029,False,2026-08-15T12:00:00+00:00,GEN-20260815T120000Z-bcb100dcba34,GENERATED
20291031,2029-10-31,31,Wednesday,44,10,October,4,2029,False,2026-08-15T12:00:00+00:00,GEN-20260815T120000Z-bcb100dcba34,GENERATED
20291101,2029-11-01,1,Thursday,44,11,November,4,2029,False,2026-08-15T12:00:00+00:00,GEN-20260815T120000Z-bcb100dcba34,GENERATED
20291102,2029-11-02,2,Friday,44,11,November,4,2029,False,2026-08-15T12:00:00+00:00,GEN-20260815T120000Z-bcb100dcba34,GENERATED
20291103,2029-11-03,3,Saturday,44,11,November,4,2029,True,2026-08-15T12:00:00+00:00,GEN-20260815T120000Z-bcb100dcba34,GENERATED
20291104,2029-11-04,4,Sunday,44,11,November,4,2029,True,2026-08-15T12:00:00+00:00,GEN-20260815T120000Z-bcb100dcba34,GENERATED
20291105,2029-11-05,5,Monday,45,11,November,4,2029,False,2026-08-15T12:00:00+00:00,GEN-20260815T120000Z-bcb100dcba34,GENERATED
20291106,2029-11-06,6,Tuesday,45,11,November,4,2029,False,2026-08-15T12:00:00+00:00,GEN-20260815T120000Z-bcb100dcba34,GENERATED
20291107,2029-11-07,7,Wednesday,45,11,November,4,2029,False,2026-08-15T12:00:00+00:00,GEN-20260815T120000Z-bcb100dcba34,GENERATED
20291108,2029-11-08,8,Thursday,45,11,November,4,2029,False,2026-08-15T12:00:00+00:00,GEN-20260815T120000Z-bcb100dcba34,GENERATED
20291109,2029-11-09,9,Friday,45,11,November,4,2029,False,2026-08-15T12:00:00+00:00,GEN-20260815T120000Z-bcb100dcba34,GENERATED
20291110,2029-11-10,10,Saturday,45,11,November,4,2029,True,2026-08-15T12:00:00+00:00,GEN-20260815T120000Z-bcb100dcba34,GENERATED
20291111,2029-11-11,11,Sunday,45,11,November,4,2029,True,2026-08-15T12:00:00+00:00,GEN-20260815T120000Z-bcb100dcba34,GENERATED
20291112,2029-11-12,12,Monday,46,11,November,4,2029,False,2026-08-15T12:00:00+00:00,GEN-20260815T120000Z-bcb100dcba34,GENERATED
20291113,2029-11-13,13,Tuesday,46,11,November,4,2029,False,2026-08-15T12:00:00+00:00,GEN-20260815T120000Z-bcb100dcba34,GENERATED
20291114,2029-11-14,14,Wednesday,46,11,November,4,2029,False,2026-08-15T12:00:00+00:00,GEN-20260815T120000Z-bcb100dcba34,GENERATED
20291115,2029-11-15,15,Thursday,46,11,November,4,2029,False,2026-08-15T12:00:00+00:00,GEN-20260815T120000Z-bcb100dcba34,GENERATED
20291116,2029-11-16,16,Friday,46,11,November,4,2029,False,2026-08-15T12:00:00+00:00,GEN-20260815T120000Z-bcb100dcba34,GENERATED
20291117,2029-11-17,17,Saturday,46,11,November,4,2029,True,2026-08-15T12:00:00+00:00,GEN-20260815T120000Z-bcb100dcba34,GENERATED
20291118,2029-11-18,18,Sunday,46,11,November,4,2029,True,2026-08-15T12:00:00+00:00,GEN-20260815T120000Z-bcb100dcba34,GENERATED
20291119,2029-11-19,19,Monday,47,11,November,4,2029,False,2026-08-15T12:00:00+00:00,GEN-20260815T120000Z-bcb100dcba34,GENERATED
20291120,2029-11-20,20,Tuesday,47,11,November,4,2029,False,2026-08-15T12:00:00+00:00,GEN-20260815T120000Z-bcb100dcba34,GENERATED
20291121,2029-11-21,21,Wednesday,47,11,November,4,2029,False,2026-08-15T12:00:00+00:00,GEN-20260815T120000Z-bcb100dcba34,GENERATED
20291122,2029-11-22,22,Thursday,47,11,November,4,2029,False,2026-08-15T12:00:00+00:00,GEN-20260815T120000Z-bcb100dcba34,GENERATED
20291123,2029-11-23,23,Friday,47,11,November,4,2029,False,2026-08-15T12:00:00+00:00,GEN-20260815T120000Z-bcb100dcba34,GENERATED
20291124,2029-11-24,24,Saturday,47,11,November,4,2029,True,2026-08-15T12:00:00+00:00,GEN-20260815T120000Z-bcb100dcba34,GENERATED
20291125,2029-11-25,25,Sunday,47,11,November,4,2029,True,2026-08-15T12:00:00+00:00,GEN-20260815T120000Z-bcb100dcba34,GENERATED
20291126,2029-11-26,26,Monday,48,11,November,4,2029,False,2026-08-15T12:00:00+00:00,GEN-20260815T120000Z-bcb100dcba34,GENERATED
20291127,2029-11-27,27,Tuesday,48,11,November,4,2029,False,2026-08-15T12:00:00+00:00,GEN-20260815T120000Z-bcb100dcba34,GENERATED
20291128,2029-11-28,28,Wednesday,48,11,November,4,2029,False,2026-08-15T12:00:00+00:00,GEN-20260815T120000Z-bcb100dcba34,GENERATED
20291129,2029-11-29,29,Thursday,48,11,November,4,2029,False,2026-08-15T12:00:00+00:00,GEN-20260815T120000Z-bcb100dcba34,GENERATED
20291130,2029-11-30,30,Friday,48,11,November,4,2029,False,2026-08-15T12:00:00+00:00,GEN-20260815T120000Z-bcb100dcba34,GENERATED
20291201,2029-12-01,1,Saturday,48,12,December,4,2029,True,2026-08-15T12:00:00+00:00,GEN-20260815T120000Z-bcb100dcba34,GENERATED
20291202,2029-12-02,2,Sunday,48,12,December,4,2029,True,2026-08-15T12:00:00+00:00,GEN-20260815T120000Z-bcb100dcba34,GENERATED
20291203,2029-12-03,3,Monday,49,12,December,4,2029,False,2026-08-15T12:00:00+00:00,GEN-20260815T120000Z-bcb100dcba34,GENERATED
20291204,2029-12-04,4,Tuesday,49,12,December,4,2029,False,2026-08-15T12:00:00+00:00,GEN-20260815T120000Z-bcb100dcba34,GENERATED
20291205,2029-12-05,5,Wednesday,49,12,December,4,2029,False,2026-08-15T12:00:00+00:00,GEN-20260815T120000Z-bcb100dcba34,GENERATED
20291206,2029-12-06,6,Thursday,49,12,December,4,2029,False,2026-08-15T12:00:00+00:00,GEN-20260815T120000Z-bcb100dcba34,GENERATED
20291207,2029-12-07,7,Friday,49,12,December,4,2029,False,2026-08-15T12:00:00+00:00,GEN-20260815T120000Z-bcb100dcba34,GENERATED
20291208,2029-12-08,8,Saturday,49,12,December,4,2029,True,2026-08-15T12:00:00+00:00,GEN-20260815T120000Z-bcb100dcba34,GENERATED
20291209,2029-12-09,9,Sunday,49,12,December,4,2029,True,2026-08-15T12:00:00+00:00,GEN-20260815T120000Z-bcb100dcba34,GENERATED
20291210,2029-12-10,10,Monday,50,12,December,4,2029,False,2026-08-15T12:00:00+00:00,GEN-20260815T120000Z-bcb100dcba34,GENERATED
20291211,2029-12-11,11,Tuesday,50,12,December,4,2029,False,2026-08-15T12:00:00+00:00,GEN-20260815T120000Z-bcb100dcba34,GENERATED
20291212,2029-12-12,12,Wednesday,50,12,December,4,2029,False,2026-08-15T12:00:00+00:00,GEN-20260815T120000Z-bcb100dcba34,GENERATED
20291213,2029-12-13,13,Thursday,50,12,December,4,2029,False,2026-08-15T12:00:00+00:00,GEN-20260815T120000Z-bcb100dcba34,GENERATED
20291214,2029-12-14,14,Friday,50,12,December,4,2029,False,2026-08-15T12:00:00+00:00,GEN-20260815T120000Z-bcb100dcba34,GENERATED
20291215,2029-12-15,15,Saturday,50,12,December,4,2029,True,2026-08-15T12:00:00+00:00,GEN-20260815T120000Z-bcb100dcba34,GENERATED
20291216,2029-12-16,16,Sunday,50,12,December,4,2029,True,2026-08-15T12:00:00+00:00,GEN-20260815T120000Z-bcb100dcba34,GENERATED
20291217,2029-12-17,17,Monday,51,12,December,4,2029,False,2026-08-15T12:00:00+00:00,GEN-20260815T120000Z-bcb100dcba34,GENERATED
20291218,2029-12-18,18,Tuesday,51,12,December,4,2029,False,2026-08-15T12:00:00+00:00,GEN-20260815T120000Z-bcb100dcba34,GENERATED
20291219,2029-12-19,19,Wednesday,51,12,December,4,2029,False,2026-08-15T12:00:00+00:00,GEN-20260815T120000Z-bcb100dcba34,GENERATED
20291220,2029-12-20,20,Thursday,51,12,December,4,2029,False,2026-08-15T12:00:00+00:00,GEN-20260815T120000Z-bcb100dcba34,GENERATED
20291221,2029-12-21,21,Friday,51,12,December,4,2029,False,2026-08-15T12:00:00+00:00,GEN-20260815T120000Z-bcb100dcba34,GENERATED
20291222,2029-12-22,22,Saturday,51,12,December,4,2029,True,2026-08-15T12:00:00+00:00,GEN-20260815T120000Z-bcb100dcba34,GENERATED
20291223,2029-12-23,23,Sunday,51,12,December,4,2029,True,2026-08-15T12:00:00+00:00,GEN-20260815T120000Z-bcb100dcba34,GENERATED
20291224,2029-12-24,24,Monday,52,12,December,4,2029,False,2026-08-15T12:00:00+00:00,GEN-20260815T120000Z-bcb100dcba34,GENERATED
20291225,2029-12-25,25,Tuesday,52,12,December,4,2029,False,2026-08-15T12:00:00+00:00,GEN-20260815T120000Z-bcb100dcba34,GENERATED
20291226,2029-12-26,26,Wednesday,52,12,December,4,2029,False,2026-08-15T12:00:00+00:00,GEN-20260815T120000Z-bcb100dcba34,GENERATED
20291227,2029-12-27,27,Thursday,52,12,December,4,2029,False,2026-08-15T12:00:00+00:00,GEN-20260815T120000Z-bcb100dcba34,GENERATED
20291228,2029-12-28,28,Friday,52,12,December,4,2029,False,2026-08-15T12:00:00+00:00,GEN-20260815T120000Z-bcb100dcba34,GENERATED
20291229,2029-12-29,29,Saturday,52,12,December,4,2029,True,2026-08-15T12:00:00+00:00,GEN-20260815T120000Z-bcb100dcba34,GENERATED
20291230,2029-12-30,30,Sunday,52,12,December,4,2029,True,2026-08-15T12:00:00+00:00,GEN-20260815T120000Z-bcb100dcba34,GENERATED
20291231,2029-12-31,31,Monday,1,12,December,4,2029,False,2026-08-15T12:00:00+00:00,GEN-20260815T120000Z-bcb100dcba34,GENERATED
